2018,,,,,
January,,,,,
Date,No2_hourly,O3_hourly,Co_hourly,Pm10_hourly,Pm2.5_hourly
1/1/2018 0:00,0.0042,0.018,0.608,13.951,7.595
1/2/2018 0:00,0.0061,0.0113,0.703,20.208,11.142
1/3/2018 0:00,0.0073,0.0068,0.768,27.567,14.181
1/4/2018 0:00,0.006,0.0106,0.756,23.228,12.32
1/5/2018 0:00,0.0049,0.011,0.757,23.048,12.713
1/6/2018 0:00,0.0045,0.0097,0.661,8.149,4.756
1/7/2018 0:00,0.0052,0.0105,0.751,14.216,7.782
1/8/2018 0:00,0.0058,0.0122,0.828,20.995,12.162
1/9/2018 0:00,0.0069,0.008,0.651,24.017,12.312
1/10/2018 0:00,0.0052,0.012,0.391,15.958,8.929
1/11/2018 0:00,0.004,0.0141,0.407,14.951,6.919
1/12/2018 0:00,0.0041,0.0072,0.418,10.668,6.427
1/13/2018 0:00,0.0047,0.0072,0.48,16.206,8.728
1/14/2018 0:00,0.0041,0.013,0.453,19.853,11.772
1/15/2018 0:00,0.0065,0.0133,0.54,19.346,9.969
1/16/2018 0:00,0.0051,0.0081,0.544,20.242,10.473
1/17/2018 0:00,0.0067,0.0062,0.581,17.87,8.885
1/18/2018 0:00,0.0054,0.0043,0.582,17.972,8.007
1/19/2018 0:00,0.0051,0.0075,0.573,17.683,9.06
1/20/2018 0:00,0.0047,0.0045,0.585,20.158,9.671
1/21/2018 0:00,0.0048,0.0063,0.624,24.804,13.196
1/22/2018 0:00,0.0047,0.0092,0.661,24.528,11.3
1/23/2018 0:00,0.0055,0.0085,0.643,20.388,9.898
1/24/2018 0:00,0.0055,0.0091,0.667,17.568,11.932
1/25/2018 0:00,0.0049,0.01,0.656,18.858,10.181
1/26/2018 0:00,0.0066,0.0059,0.656,23.433,15.658
1/27/2018 0:00,0.0054,0.0133,0.398,25.465,15.05
1/28/2018 0:00,0.0041,0.0074,0.313,12.667,6.835
1/29/2018 0:00,0.0043,0.0103,0.396,21.265,10.072
1/30/2018 0:00,0.0043,0.0058,0.356,11.361,5.366
1/31/2018 0:00,0.0041,0.0059,0.414,17.981,7.966
,,,,,
February,,,,,
Date,No2_hourly,O3_hourly,Co_hourly,Pm10_hourly,Pm2.5_hourly
2/1/2018 0:00,0.0049,0.0142,0.418,17.219,8.89
2/2/2018 0:00,0.0049,0.012,0.442,21.057,10.228
2/3/2018 0:00,0.0056,0.0151,0.479,23.844,11.95
2/4/2018 0:00,0.0041,0.0185,0.506,19.002,9.183
2/5/2018 0:00,0.0072,0.0169,0.594,18.489,9.728
2/6/2018 0:00,0.0044,0.0264,0.484,13.502,6.258
2/7/2018 0:00,0.0045,0.0245,0.54,18.398,9.595
2/8/2018 0:00,0.0042,0.0269,0.593,23.609,13
2/9/2018 0:00,0.0049,0.0284,0.52,21.117,12.159
2/10/2018 0:00,0.0059,0.0228,0.456,23.974,14.596
2/11/2018 0:00,0.003,0.0271,0.415,20.481,13.008
2/12/2018 0:00,0.0052,0.0212,0.463,21.506,12.702
2/13/2018 0:00,0.0061,0.0181,0.491,24.075,14.408
2/14/2018 0:00,0.0076,0.016,0.603,37.761,21.87
2/15/2018 0:00,0.0046,0.0215,0.502,22.014,13.132
2/16/2018 0:00,0.0052,0.014,0.532,25.984,16.097
2/17/2018 0:00,0.0037,0.0197,0.512,23.672,14.586
2/18/2018 0:00,0.0028,0.0172,0.532,23.013,15.907
2/19/2018 0:00,0.0064,0.011,0.614,23.321,16.075
2/20/2018 0:00,0.0048,0.0144,0.559,19.417,13.196
2/21/2018 0:00,0.0056,0.0123,0.483,18.051,9.793
2/22/2018 0:00,0.0047,0.0134,0.291,17.728,10.02
2/23/2018 0:00,0.004,0.018,0.287,20.236,11.041
2/24/2018 0:00,0.0038,0.016,0.485,16.381,7.017
2/25/2018 0:00,0.0037,0.0104,0.586,21.433,11.885
2/26/2018 0:00,0.0051,0.0138,0.69,23.16,13.593
2/27/2018 0:00,0.0056,0.0128,0.744,30.424,17.693
2/28/2018 0:00,0.0067,0.0117,0.74,26.391,14.264
,,,,,
March,,,,,
Date,No2_hourly,O3_hourly,Co_hourly,Pm10_hourly,Pm2.5_hourly
3/1/2018 0:00,0.0059,0.0204,0.727,28.428,16.017
3/2/2018 0:00,0.0061,0.0179,0.543,24.186,12.85
3/3/2018 0:00,0.0049,0.013,0.416,21.08,12.697
3/4/2018 0:00,0.0033,0.0121,0.383,15.552,10.039
3/5/2018 0:00,0.0049,0.0125,0.43,19.5,10.512
3/6/2018 0:00,0.0033,0.0121,0.424,16.625,8.175
3/7/2018 0:00,0.0065,0.008,0.533,18.275,10.82
3/8/2018 0:00,0.0038,0.0111,0.479,19.035,10.099
3/9/2018 0:00,0.0049,0.01,0.45,25.29,12.622
3/10/2018 0:00,0.0032,0.0158,0.279,21.457,10.999
3/11/2018 0:00,0.0034,0.0163,0.313,21.109,10.47
3/12/2018 0:00,0.0044,0.0192,0.375,22.885,11.215
3/13/2018 0:00,0.0048,0.0209,0.42,20.7,10.844
3/14/2018 0:00,0.0077,0.0117,0.508,29.831,16.173
3/15/2018 0:00,0.0078,0.0093,0.507,22.868,13.823
3/16/2018 0:00,0.0083,0.0123,0.485,22.32,11.011
3/17/2018 0:00,0.0047,0.0226,0.474,19.249,10.815
3/18/2018 0:00,0.0058,0.0202,0.55,30.709,20.405
3/19/2018 0:00,0.0075,0.0158,0.63,34.908,20.918
3/20/2018 0:00,0.009,0.0105,0.624,33.461,18.941
3/21/2018 0:00,0.0066,0.0147,0.513,33.316,18.346
3/22/2018 0:00,0.007,0.0154,0.34,33.022,18.597
3/23/2018 0:00,0.0061,0.0147,0.332,31.401,18.307
3/24/2018 0:00,0.0037,0.0168,0.291,24.675,15.079
3/25/2018 0:00,0.0052,0.0125,0.354,18.52,10.542
3/26/2018 0:00,0.0045,0.0147,0.329,15.098,9.887
3/27/2018 0:00,0.0056,0.0181,0.409,28.579,15.769
3/28/2018 0:00,0.0099,0.0073,0.507,31.528,18.221
3/29/2018 0:00,0.0056,0.0125,0.431,23.321,11.496
3/30/2018 0:00,0.0056,0.0138,0.425,29.544,17.191
3/31/2018 0:00,0.0059,0.0166,0.502,40.705,24.192
,,,,,
April,,,,,
Date,No2_hourly,O3_hourly,Co_hourly,Pm10_hourly,Pm2.5_hourly
4/1/2018 0:00,0.0059,0.0205,0.531,45.4,29.593
4/2/2018 0:00,0.0069,0.0178,0.631,48.482,29.064
4/3/2018 0:00,0.0085,0.0167,0.644,52.705,30.951
4/4/2018 0:00,0.0076,0.0223,0.59,39.668,23.959
4/5/2018 0:00,0.006,0.0236,0.534,26.898,16.432
4/6/2018 0:00,0.0075,0.0151,0.52,36.824,22.204
4/7/2018 0:00,0.004,0.0188,0.419,23.979,14.941
4/8/2018 0:00,0.0034,0.021,0.445,26.902,17.208
4/9/2018 0:00,0.0071,0.0201,0.571,39.996,21.15
4/10/2018 0:00,0.0073,0.0164,0.536,24.243,13.227
4/11/2018 0:00,0.0061,0.0192,0.52,24.096,13.82
4/12/2018 0:00,0.0048,0.017,0.537,25.673,14.875
4/13/2018 0:00,0.004,0.0169,0.447,10.971,5.5
4/14/2018 0:00,0.0045,0.0175,0.475,18.92,10.311
4/15/2018 0:00,0.0029,0.0143,0.42,8.507,3.645
4/16/2018 0:00,0.008,0.0085,0.593,26.662,14.107
4/17/2018 0:00,0.0048,0.0147,0.473,17.344,8.575
4/18/2018 0:00,0.0062,0.0128,0.44,18.112,9.006
4/19/2018 0:00,0.0069,0.0155,0.306,28.129,15.303
4/20/2018 0:00,0.0068,0.0155,0.306,23.431,12.604
4/21/2018 0:00,0.0053,0.0104,0.277,20.533,10.093
4/22/2018 0:00,0.0065,0.0122,0.305,24.974,14.834
4/23/2018 0:00,0.007,0.0131,0.36,31.417,16.986
4/24/2018 0:00,0.0063,0.0084,0.333,25.985,15.139
4/25/2018 0:00,0.0074,0.006,0.332,24.524,12.564
4/26/2018 0:00,0.0068,0.0134,0.311,25.501,13.386
4/27/2018 0:00,0.0083,0.0139,0.389,34.719,20.232
4/28/2018 0:00,0.0092,0.0076,0.384,32.165,16.52
4/29/2018 0:00,0.0037,0.0102,0.276,15.973,8.247
4/30/2018 0:00,0.0069,0.0122,0.35,23.57,12.481
,,,,,
May,,,,,
Date,No2_hourly,O3_hourly,Co_hourly,Pm10_hourly,Pm2.5_hourly
5/1/2018 0:00,0.0053,0.0173,0.396,22.538,14.589
5/2/2018 0:00,0.0072,0.0117,0.38,19.918,12.143
5/3/2018 0:00,0.0054,0.0121,0.309,18.145,9.924
5/4/2018 0:00,0.0064,0.0099,0.393,22.343,12.076
5/5/2018 0:00,0.006,0.0146,0.437,28.942,17.333
5/6/2018 0:00,0.0062,0.0113,0.447,26.566,16.379
5/7/2018 0:00,0.0092,0.0073,0.53,30.43,16.94
5/8/2018 0:00,0.0077,0.0107,0.541,27.342,15.711
5/9/2018 0:00,0.0049,0.0155,0.515,13.02,8.626
5/10/2018 0:00,0.0076,0.0137,0.752,26.649,16.596
5/11/2018 0:00,0.0068,0.0165,0.708,35.386,19.317
5/12/2018 0:00,0.0074,0.0158,0.482,28.672,16.44
5/13/2018 0:00,0.0043,0.0181,0.484,17.287,10.205
5/14/2018 0:00,0.0069,0.0166,0.621,28.133,16.056
5/15/2018 0:00,0.0055,0.0148,0.593,18.226,11.934
5/16/2018 0:00,0.0071,0.0138,0.728,28.265,17.138
5/17/2018 0:00,0.0062,0.0129,0.541,21.86,12.368
5/18/2018 0:00,0.004,0.0135,0.342,17.11,9.236
5/19/2018 0:00,0.0069,0.0141,0.499,33.472,19.306
5/20/2018 0:00,0.0056,0.0078,0.502,31.933,21.511
5/21/2018 0:00,0.0059,0.0074,0.473,21.491,11.172
5/22/2018 0:00,0.0073,0.0093,0.497,26.032,16.741
5/23/2018 0:00,0.0049,0.0133,0.418,16.073,9.155
5/24/2018 0:00,0.0051,0.0097,0.433,19.593,12.119
5/25/2018 0:00,0.0055,0.0129,0.421,20.221,11.388
5/26/2018 0:00,0.0041,0.0166,0.351,10.539,6.243
5/27/2018 0:00,0.0038,0.0104,0.379,9.649,4.836
5/28/2018 0:00,0.0037,0.0078,0.387,13.565,6.65
5/29/2018 0:00,0.0042,0.0131,0.376,12.008,6.809
5/30/2018 0:00,0.006,0.0156,0.464,23.852,14.353
5/31/2018 0:00,0.0066,0.0052,0.498,23.13,11.976
,,,,,
June,,,,,
Date,No2_hourly,O3_hourly,Co_hourly,Pm10_hourly,Pm2.5_hourly
6/1/2018 0:00,0.0039,0.009,0.388,16.099,7.081
6/2/2018 0:00,0.0036,0.0108,0.412,17.299,8.632
6/3/2018 0:00,0.0068,0.0115,0.533,31.325,17.242
6/4/2018 0:00,0.0061,0.0153,0.602,37.078,24.278
6/5/2018 0:00,0.0058,0.0164,0.506,30.623,20.206
6/6/2018 0:00,0.0093,0.0187,0.636,44.043,27.646
6/7/2018 0:00,0.0072,0.0141,0.618,44.945,30.198
6/8/2018 0:00,0.0063,0.0122,0.565,38.354,22.53
6/9/2018 0:00,0.0056,0.0109,0.562,36.21,21.379
6/10/2018 0:00,0.0049,0.0153,0.532,28.595,17.356
6/11/2018 0:00,0.0073,0.0083,0.663,39.661,18.377
6/12/2018 0:00,0.0081,0.022,0.729,60.118,38.72
6/13/2018 0:00,0.0087,0.0172,0.764,55.214,36.467
6/14/2018 0:00,0.0055,0.015,0.699,44.969,28.767
6/15/2018 0:00,0.0049,0.0113,0.678,37.625,29.117
6/16/2018 0:00,0.0037,0.0106,0.552,16.46,9.206
6/17/2018 0:00,0.0031,0.0134,0.565,18.931,11.638
6/18/2018 0:00,0.0045,0.0213,0.593,30.509,18.555
6/19/2018 0:00,0.0058,0.0176,0.625,33.898,21.238
6/20/2018 0:00,0.0065,0.0176,0.577,25.733,15.668
6/21/2018 0:00,0.0056,0.0109,0.574,21.551,13.702
6/22/2018 0:00,0.0045,0.0154,0.537,24.337,13.698
6/23/2018 0:00,0.0053,0.0128,0.524,20.494,12.836
6/24/2018 0:00,0.0072,0.0125,0.598,25.359,19.112
6/25/2018 0:00,0.0049,0.0115,0.536,21.993,12.57
6/26/2018 0:00,0.004,0.0104,0.472,11.578,7.442
6/27/2018 0:00,0.0052,0.0092,0.503,21.422,10.937
6/28/2018 0:00,0.0073,0.0116,0.518,24.029,12.297
6/29/2018 0:00,0.0047,0.0112,0.346,22.663,12.914
6/30/2018 0:00,0.0022,0.012,0.275,11.264,7.599
,,,,,
July,,,,,
Date,No2_hourly,O3_hourly,Co_hourly,Pm10_hourly,Pm2.5_hourly
7/1/2018 0:00,0.0024,0.006,0.311,11.581,5.697
7/2/2018 0:00,0.0036,0.0057,0.4,28.788,12.213
7/3/2018 0:00,0.0044,0.0101,0.317,32.816,8.684
7/4/2018 0:00,0.005,0.0111,0.38,,14.305
7/5/2018 0:00,0.0058,0.0092,0.395,26.934,15.466
7/6/2018 0:00,0.0055,0.0217,0.423,31.374,17.152
7/7/2018 0:00,0.0052,0.0133,0.319,22.559,11.98
7/8/2018 0:00,0.0056,0.0103,0.459,33.156,22.854
7/9/2018 0:00,0.0045,0.0138,0.418,30.738,18.53
7/10/2018 0:00,0.0055,0.0124,0.389,28.963,16.117
7/11/2018 0:00,0.0055,0.0075,0.406,19.483,11.632
7/12/2018 0:00,0.0052,0.0051,0.495,35.147,20.613
7/13/2018 0:00,0.0057,0.0117,0.461,34.885,20.318
7/14/2018 0:00,0.0078,0.0142,0.638,44.703,29.317
7/15/2018 0:00,0.0064,0.0151,0.519,48.562,31.53
7/16/2018 0:00,0.0052,0.0149,0.414,33.165,20.11
7/17/2018 0:00,0.008,0.0128,0.527,48.633,32.72
7/18/2018 0:00,0.0089,0.0123,0.555,54.044,34.28
7/19/2018 0:00,0.0088,0.0151,0.521,53.901,35.471
7/20/2018 0:00,0.0071,0.0146,0.543,59.618,40.494
7/21/2018 0:00,0.0043,0.0123,0.295,23.764,13.402
7/22/2018 0:00,0.0031,0.012,0.251,16.219,10.236
7/23/2018 0:00,0.0028,0.0292,,11.287,5.284
7/24/2018 0:00,0.0068,0.0148,,26.769,16.733
7/25/2018 0:00,0.011,0.0114,,62.579,35.845
7/26/2018 0:00,0.0054,0.0114,0.315,36.67,20.642
7/27/2018 0:00,0.007,0.0124,0.278,38.495,21.247
7/28/2018 0:00,0.0089,0.0096,0.35,45.776,28.285
7/29/2018 0:00,0.0058,0.0129,0.28,33.859,21.783
7/30/2018 0:00,0.0093,0.0076,0.368,40.982,26.797
7/31/2018 0:00,0.0058,0.0122,0.231,22.984,14.233
,,,,,
August,,,,,
Date,No2_hourly,O3_hourly,Co_hourly,Pm10_hourly,Pm2.5_hourly
8/1/2018 0:00,0.0044,0.012,0.211,9.593,5.862
8/2/2018 0:00,0.0045,0.008,0.225,16.253,6.019
8/3/2018 0:00,0.0065,0.011,0.357,33.287,15.208
8/4/2018 0:00,0.008,0.0107,0.507,47.622,26.949
8/5/2018 0:00,0.0063,0.0093,0.465,43.88,23.998
8/6/2018 0:00,0.0067,0.0118,0.553,43.081,25.471
8/7/2018 0:00,0.0058,0.015,0.524,44.071,26.336
8/8/2018 0:00,0.0053,0.0158,0.46,31.674,18.045
8/9/2018 0:00,0.006,0.0142,0.509,31.601,17.531
8/10/2018 0:00,0.0074,0.0155,0.661,39.684,25.865
8/11/2018 0:00,0.0069,0.0181,0.679,34.144,24.714
8/12/2018 0:00,0.0067,0.0197,0.832,53.231,39.147
8/13/2018 0:00,0.0065,0.0212,0.905,59.238,46.708
8/14/2018 0:00,0.0079,0.0262,1.016,76.257,62.783
8/15/2018 0:00,0.014,0.0076,1.176,91.06,71.865
8/16/2018 0:00,0.0064,0.0206,0.99,60.655,45.719
8/17/2018 0:00,0.0084,0.0149,0.92,55.006,40.175
8/18/2018 0:00,0.0089,0.0129,0.869,69.694,52.527
8/19/2018 0:00,0.0065,0.021,0.859,65.828,52.251
8/20/2018 0:00,0.0088,0.0131,0.769,34.144,23.878
8/21/2018 0:00,0.009,0.0133,0.905,49.212,35.162
8/22/2018 0:00,0.0059,0.0176,0.947,49.993,40.116
8/23/2018 0:00,0.0051,0.0118,0.755,14.972,9.667
8/24/2018 0:00,0.0075,0.0041,0.9,26.808,16.772
8/25/2018 0:00,0.0063,0.0111,0.959,32.242,20.664
8/26/2018 0:00,0.0077,0.0159,0.908,34.067,23.971
8/27/2018 0:00,0.0067,0.0222,0.887,40.481,27.098
8/28/2018 0:00,0.0069,0.0182,0.565,33.842,20.314
8/29/2018 0:00,0.0081,0.011,0.531,26.434,18.986
8/30/2018 0:00,0.007,0.0168,0.493,33.236,22.73
8/31/2018 0:00,0.0056,0.0227,0.639,35.097,24.081
,,,,,
September,,,,,
Date,No2_hourly,O3_hourly,Co_hourly,Pm10_hourly,Pm2.5_hourly
9/1/2018 0:00,0.0056,0.0102,0.581,24.681,15.247
9/2/2018 0:00,0.0039,0.0091,0.566,17.887,9.11
9/3/2018 0:00,0.007,0.009,0.701,28.013,14.396
9/4/2018 0:00,0.0071,0.0083,0.606,39.809,26.447
9/5/2018 0:00,0.0091,0.0086,0.591,44.81,27.451
9/6/2018 0:00,0.0048,0.0107,0.513,27.866,19.792
9/7/2018 0:00,0.0069,0.0064,0.7,28.361,15.948
9/8/2018 0:00,0.0074,0.0106,0.538,32.83,18.713
9/9/2018 0:00,0.0048,0.0159,0.426,20.538,13.237
9/10/2018 0:00,0.0031,0.0197,0.368,18.01,11.694
9/11/2018 0:00,0.0047,0.0119,0.313,9.71,6.777
9/12/2018 0:00,0.0049,0.0166,0.366,15.644,8.787
9/13/2018 0:00,0.0079,0.0114,0.525,39.458,23.138
9/14/2018 0:00,0.0084,0.0087,0.481,39.64,23.758
9/15/2018 0:00,0.0062,0.0203,0.5,40.326,27.9
9/16/2018 0:00,0.0061,0.0248,0.631,51.615,40.471
9/17/2018 0:00,0.009,0.0115,0.618,38.155,27.702
9/18/2018 0:00,0.0055,0.025,0.474,24.734,15.994
9/19/2018 0:00,0.0049,0.0147,0.393,13.559,8.721
9/20/2018 0:00,0.0059,0.0084,0.47,13.482,8.894
9/21/2018 0:00,0.0038,0.0123,0.482,14.706,9.681
9/22/2018 0:00,0.0046,0.0132,0.506,15.207,9.726
9/23/2018 0:00,0.0051,0.0137,0.6,22.591,15.226
9/24/2018 0:00,0.0065,0.0105,0.632,23.303,14.422
9/25/2018 0:00,0.0062,0.0099,0.623,21.453,13.362
9/26/2018 0:00,0.005,0.0113,0.443,17.043,12.702
9/27/2018 0:00,0.0063,0.0088,0.395,22.114,16.547
9/28/2018 0:00,0.0064,0.0193,0.434,27.622,21.197
9/29/2018 0:00,0.0068,0.0136,0.41,20.122,15.689
9/30/2018 0:00,0.0061,0.009,0.442,29.839,19.741
,,,,,
October,,,,,
Date,No2_hourly,O3_hourly,Co_hourly,Pm10_hourly,Pm2.5_hourly
10/1/2018 0:00,0.0075,0.0104,0.487,28.987,17.301
10/2/2018 0:00,0.0054,0.0107,0.484,26.384,16.419
10/3/2018 0:00,0.0057,0.0102,0.436,13.015,8.643
10/4/2018 0:00,0.0057,0.0152,0.471,22.539,14.161
10/5/2018 0:00,0.0072,0.0093,0.471,15.911,10.754
10/6/2018 0:00,0.005,0.0131,0.46,23.301,18.014
10/7/2018 0:00,0.005,0.0111,0.497,17.554,12.483
10/8/2018 0:00,0.0044,0.0111,0.447,16.194,11.304
10/9/2018 0:00,0.0036,0.0141,0.425,13.631,8.945
10/10/2018 0:00,0.0053,0.0116,0.481,17.137,10.76
10/11/2018 0:00,0.0052,0.0103,0.46,16.858,10.775
10/12/2018 0:00,0.0037,0.012,0.355,13.016,7.393
10/13/2018 0:00,0.0042,0.0092,0.401,13.415,8.125
10/14/2018 0:00,0.003,0.0107,0.39,11.614,7.89
10/15/2018 0:00,0.0087,0.0109,0.534,28.227,16.945
10/16/2018 0:00,0.0062,0.0154,0.551,30.521,19.014
10/17/2018 0:00,0.0063,0.0117,0.522,26.142,15.671
10/18/2018 0:00,0.0044,0.0125,0.451,14.243,9.394
10/19/2018 0:00,0.0047,0.0154,0.479,16.999,9.51
10/20/2018 0:00,0.0071,0.012,0.623,28.426,17.916
10/21/2018 0:00,0.0052,0.0144,0.556,24.006,14.892
10/22/2018 0:00,0.0065,0.0152,0.541,24.674,14.495
10/23/2018 0:00,0.0071,0.0144,0.601,35.321,20.13
10/24/2018 0:00,0.0066,0.0119,0.566,13.217,8.683
10/25/2018 0:00,0.0075,0.0178,0.609,38.034,21.783
10/26/2018 0:00,0.0082,0.0114,0.504,33.804,20.14
10/27/2018 0:00,0.0066,0.015,0.502,35.501,21.613
10/28/2018 0:00,0.0053,0.0133,0.48,28.251,18.529
10/29/2018 0:00,0.0051,0.0123,0.439,22.108,12.994
10/30/2018 0:00,0.0066,0.0095,0.58,42.96,26.027
10/31/2018 0:00,0.0069,0.0101,0.53,24.323,14.801
,,,,,
November,,,,,
Date,No2_hourly,O3_hourly,Co_hourly,Pm10_hourly,Pm2.5_hourly
11/1/2018 0:00,0.0065,0.0117,0.568,30.91,19.135
11/2/2018 0:00,0.0064,0.0147,0.566,26.446,15.255
11/3/2018 0:00,0.005,0.0154,0.538,21.501,12.737
11/4/2018 0:00,0.0035,0.0125,0.487,9.268,5.793
11/5/2018 0:00,0.005,0.0109,0.587,21.762,13.044
11/6/2018 0:00,0.0038,0.0136,0.525,13.183,8.413
11/7/2018 0:00,0.0051,0.0134,0.54,11.25,7.833
11/8/2018 0:00,0.0053,0.0093,0.63,20.322,12.182
11/9/2018 0:00,0.006,0.0152,0.663,29.202,17.18
11/10/2018 0:00,0.0047,0.0071,0.622,16.076,9.438
11/11/2018 0:00,0.0044,0.0078,0.659,20.142,13.715
11/12/2018 0:00,0.0051,0.0084,0.674,21.924,12.65
11/13/2018 0:00,0.0048,0.0082,0.622,15.039,8.904
11/14/2018 0:00,0.005,0.0081,0.665,18.546,11.173
11/15/2018 0:00,0.0036,0.0132,0.515,13.659,7.358
11/16/2018 0:00,0.004,0.0177,0.379,14.8,8.675
11/17/2018 0:00,0.0053,0.0112,0.358,18.293,11.09
11/18/2018 0:00,0.0051,0.016,0.42,22.457,14.591
11/19/2018 0:00,0.0069,0.013,0.551,40.219,24.437
11/20/2018 0:00,0.0066,0.0125,0.535,36.536,25.256
11/21/2018 0:00,0.0064,0.0109,0.478,29.28,18.18
11/22/2018 0:00,0.0068,0.0079,0.521,29.315,19.111
11/23/2018 0:00,0.0053,0.0133,0.447,17.097,9.87
11/24/2018 0:00,0.0076,0.0097,0.521,26.85,15.271
11/25/2018 0:00,0.0061,0.0126,0.542,28.608,17.93
11/26/2018 0:00,0.0078,0.0152,0.568,28.631,17.914
11/27/2018 0:00,0.0087,0.0145,0.625,25.14,17.008
11/28/2018 0:00,0.0064,0.016,0.625,24.74,15.496
11/29/2018 0:00,0.0065,0.0134,0.619,20.62,12.082
11/30/2018 0:00,0.0072,0.0094,0.556,25.718,15.179
,,,,,
December,,,,,
Date,No2_hourly,O3_hourly,Co_hourly,Pm10_hourly,Pm2.5_hourly
12/1/2018 0:00,0.0076,0.0115,0.47,25.99,18.243
12/2/2018 0:00,0.0066,0.0083,0.54,23.61,16.952
12/3/2018 0:00,0.0051,0.0184,0.492,24.747,15.524
12/4/2018 0:00,0.0043,0.0113,0.409,12.583,7.87
12/5/2018 0:00,0.0052,0.0179,0.432,15.415,10.527
12/6/2018 0:00,0.005,0.0127,0.438,20.05,11.742
12/7/2018 0:00,0.0038,0.0097,0.394,12.258,7.929
12/8/2018 0:00,0.0039,0.0114,0.388,11.596,6.736
12/9/2018 0:00,0.0036,0.0099,0.415,14.605,8.496
12/10/2018 0:00,0.0042,0.0134,0.421,12.168,7.536
12/11/2018 0:00,0.0066,0.0098,0.469,21.575,13.245
12/12/2018 0:00,0.0053,0.012,0.376,17.974,10.242
12/13/2018 0:00,0.0061,0.0141,0.49,32.029,19.052
12/14/2018 0:00,0.0059,0.0121,0.385,12.043,6.649
12/15/2018 0:00,0.0043,0.0124,0.419,20.657,11.729
12/16/2018 0:00,0.0046,0.0166,0.38,10.995,7.029
12/17/2018 0:00,0.0091,0.0071,0.622,37.5,22.788
12/18/2018 0:00,0.0072,0.0131,0.544,28.118,16.484
12/19/2018 0:00,0.0059,0.0152,0.502,27.108,16.406
12/20/2018 0:00,0.0057,0.0094,0.472,18.826,11.203
12/21/2018 0:00,0.0056,0.0091,0.436,14.014,8.145
12/22/2018 0:00,0.0052,0.0113,0.46,12.106,7.006
12/23/2018 0:00,0.0057,0.0113,0.488,17.592,9.782
12/24/2018 0:00,0.0077,0.0105,0.613,31.311,18.671
12/25/2018 0:00,0.0072,0.0127,0.567,34.697,21.226
12/26/2018 0:00,0.006,0.0124,0.622,29.608,18.16
12/27/2018 0:00,0.0054,0.0121,0.502,22.298,13.393
12/28/2018 0:00,0.0056,0.0126,0.49,18.792,10.142
12/29/2018 0:00,0.0033,0.0162,0.481,18.635,10.97
12/30/2018 0:00,0.0029,0.0151,0.481,12.553,7.553
12/31/2018 0:00,0.0039,0.0083,0.521,12.008,6.814
,,,,,
,,,,,
2019,,,,,
January,,,,,
Date,No2_hourly,O3_hourly,Co_hourly,Pm10_hourly,Pm2.5_hourly
1/1/2019 0:00,0.0037,0.0099,0.535,10.242,6.035
1/2/2019 0:00,0.006,0.0081,0.685,20.489,10.619
1/3/2019 0:00,0.0052,0.0106,0.649,23.174,11.958
1/4/2019 0:00,0.0062,0.0174,0.64,23.599,12.509
1/5/2019 0:00,0.004,0.0197,0.63,25.334,15.87
1/6/2019 0:00,0.0035,0.0176,0.63,20.788,12.223
1/7/2019 0:00,0.0036,0.0201,0.632,18.278,10.098
1/8/2019 0:00,0.0039,0.017,0.654,20.588,11.447
1/9/2019 0:00,0.0047,0.0156,0.669,15.615,9.435
1/10/2019 0:00,0.0042,0.0192,0.671,18,10.476
1/11/2019 0:00,0.0053,0.0175,0.605,20.659,12.109
1/12/2019 0:00,0.0043,0.0138,0.45,21.551,12.278
1/13/2019 0:00,0.0026,0.0144,0.411,17.606,9.623
1/14/2019 0:00,0.0051,0.0147,0.492,25.601,14.084
1/15/2019 0:00,0.008,0.0204,0.605,41.303,23.989
1/16/2019 0:00,0.0063,0.0164,0.561,29.494,18.46
1/17/2019 0:00,0.0037,0.0122,0.461,13.881,8.318
1/18/2019 0:00,0.0042,0.0166,0.491,21.484,11.574
1/19/2019 0:00,0.0033,0.0195,0.464,22.514,11.137
1/20/2019 0:00,0.0035,0.0183,0.438,13.084,7.295
1/21/2019 0:00,0.0055,0.0175,0.485,16.772,8.464
1/22/2019 0:00,0.0057,0.0155,0.505,15.085,8.577
1/23/2019 0:00,0.0067,0.0147,0.509,11.71,6.631
1/24/2019 0:00,0.006,0.0169,0.593,17.2,9.349
1/25/2019 0:00,0.0055,0.0164,0.603,19.442,11.942
1/26/2019 0:00,0.004,0.0181,0.524,13.42,6.821
1/27/2019 0:00,0.0032,0.0165,0.525,13.963,7.142
1/28/2019 0:00,0.0055,0.0197,0.533,25.701,14.419
1/29/2019 0:00,0.0049,0.0197,0.382,25.986,14.343
1/30/2019 0:00,0.0045,0.0159,0.396,18.119,9.705
1/31/2019 0:00,0.0046,0.0199,0.451,18.372,10.633
,,,,,
February,,,,,
Date,No2_hourly,O3_hourly,Co_hourly,Pm10_hourly,Pm2.5_hourly
2/1/2019 0:00,0.0049,0.0159,0.479,23.615,14.178
2/2/2019 0:00,0.0042,0.0166,0.464,21.512,12.246
2/3/2019 0:00,0.0033,0.0187,0.465,20.328,12.847
2/4/2019 0:00,0.0039,0.0179,0.508,24.051,14.014
2/5/2019 0:00,0.0053,0.0131,0.564,32.466,22.798
2/6/2019 0:00,0.0043,0.016,0.534,19.237,12.265
2/7/2019 0:00,0.0059,0.0146,0.681,29.806,19.081
2/8/2019 0:00,0.0043,0.014,0.65,17.73,11.252
2/9/2019 0:00,0.0044,0.014,0.673,20.892,13.039
2/10/2019 0:00,0.0028,0.0172,0.646,20.785,13.675
2/11/2019 0:00,0.0036,0.0198,0.635,11.253,7.566
2/12/2019 0:00,0.0041,0.0204,0.655,15.749,9.888
2/13/2019 0:00,0.0059,0.0125,0.724,17.881,10.034
2/14/2019 0:00,0.0037,0.0223,0.71,26.747,14.78
2/15/2019 0:00,0.0038,0.0236,0.624,24.685,13.427
2/16/2019 0:00,0.004,0.0197,0.371,23.012,13.067
2/17/2019 0:00,0.0039,0.0136,0.394,19.46,12.64
2/18/2019 0:00,0.0044,0.0098,0.411,14.391,8.998
2/19/2019 0:00,0.0045,0.018,0.435,22.654,15.381
2/20/2019 0:00,0.0048,0.0168,0.499,29.858,19.353
2/21/2019 0:00,0.0032,0.02,0.403,16.006,8.936
2/22/2019 0:00,0.0038,0.0191,0.436,22.522,11.82
2/23/2019 0:00,0.0054,0.0179,0.438,17.751,10.843
2/24/2019 0:00,0.0069,0.0119,0.558,25.899,15.396
2/25/2019 0:00,0.0062,0.016,0.536,21.03,12.623
2/26/2019 0:00,0.0043,0.0179,0.459,23.566,13.834
2/27/2019 0:00,0.0044,0.027,0.422,24.218,14.201
2/28/2019 0:00,0.0077,0.0159,0.505,32.444,18.434
,,,,,
March,,,,,
Date,No2_hourly,O3_hourly,Co_hourly,Pm10_hourly,Pm2.5_hourly
3/1/2019 0:00,0.0066,0.0186,0.479,36.879,22.489
3/2/2019 0:00,0.0033,0.0226,0.401,23.107,13.897
3/3/2019 0:00,0.0044,0.0197,0.442,23.737,15.7
3/4/2019 0:00,0.0053,0.016,0.489,26.732,17.323
3/5/2019 0:00,0.006,0.0187,0.529,32.746,21.78
3/6/2019 0:00,0.0035,0.0169,0.451,17.33,12.585
3/7/2019 0:00,0.0024,0.0116,0.459,18.971,14.627
3/8/2019 0:00,0.007,0.015,0.673,40.301,24.86
3/9/2019 0:00,0.0072,0.01,0.596,34.45,20.573
3/10/2019 0:00,0.003,0.0116,0.48,14.689,9.125
3/11/2019 0:00,0.0049,0.0163,0.467,14.153,8.093
3/12/2019 0:00,0.0052,0.015,0.58,27.457,17.903
3/13/2019 0:00,0.0056,0.0135,0.537,25.783,16.253
3/14/2019 0:00,0.0056,0.0189,0.528,26.507,17.324
3/15/2019 0:00,0.0058,0.0205,0.508,36.898,23.505
3/16/2019 0:00,0.0037,0.0251,0.352,23.334,16.455
3/17/2019 0:00,0.0043,0.0213,0.417,26.889,20.236
3/18/2019 0:00,0.0046,0.0215,0.412,25.049,18.579
3/19/2019 0:00,0.0063,0.019,0.466,34.016,21.663
3/20/2019 0:00,0.0049,0.0163,0.456,30.238,18.385
3/21/2019 0:00,0.005,0.0161,0.443,28.425,17.386
3/22/2019 0:00,0.0052,0.0133,0.487,27.732,17.61
3/23/2019 0:00,0.0056,0.0135,0.52,34.307,23.924
3/24/2019 0:00,0.0049,0.0156,0.54,27.677,20.986
3/25/2019 0:00,0.0069,0.0146,0.533,26.473,16.923
3/26/2019 0:00,0.0079,0.0153,0.599,35.167,24.264
3/27/2019 0:00,0.0053,0.0156,0.558,27.452,18.304
3/28/2019 0:00,0.0032,0.0165,0.365,14.491,11.051
3/29/2019 0:00,0.0052,0.0131,0.29,12.453,7.067
3/30/2019 0:00,0.006,0.0201,0.417,25.768,17.164
3/31/2019 0:00,0.0046,0.0168,0.46,24.337,17.181
,,,,,
April,,,,,
Date,No2_hourly,O3_hourly,Co_hourly,Pm10_hourly,Pm2.5_hourly
4/1/2019 0:00,0.0059,0.0202,0.492,35.597,21.558
4/2/2019 0:00,0.0056,0.0212,0.49,37.845,25.514
4/3/2019 0:00,0.0067,0.0242,0.549,45.822,27.507
4/4/2019 0:00,0.0037,0.0216,0.457,26.785,19.434
4/5/2019 0:00,0.0049,0.0148,0.503,29.455,19.186
4/6/2019 0:00,0.0046,0.0178,0.554,35.561,23.296
4/7/2019 0:00,0.004,0.0203,0.624,36.911,26.959
4/8/2019 0:00,0.0043,0.0158,0.626,29.603,21.288
4/9/2019 0:00,0.0045,0.0142,0.704,30.388,20.991
4/10/2019 0:00,0.005,0.0166,0.722,33.302,22.296
4/11/2019 0:00,0.0068,0.018,0.838,51.549,31.751
4/12/2019 0:00,0.0074,0.0109,0.773,52.269,37.646
4/13/2019 0:00,0.0039,0.0166,0.485,33.778,24.902
4/14/2019 0:00,0.0048,0.0142,0.427,19.104,13.051
4/15/2019 0:00,0.0055,0.0133,0.443,25.265,17.602
4/16/2019 0:00,0.0056,0.0193,0.511,42.526,32.782
4/17/2019 0:00,0.0039,0.0152,0.399,21.66,14.448
4/18/2019 0:00,0.005,0.0178,0.487,32.898,23.293
4/19/2019 0:00,0.0044,0.0113,0.412,13.851,9.482
4/20/2019 0:00,0.005,0.0128,0.419,22.454,13.079
4/21/2019 0:00,0.0049,0.0137,0.411,19.237,10.727
4/22/2019 0:00,0.0052,0.0147,0.521,31.145,21.89
4/23/2019 0:00,0.0056,0.017,0.554,43.382,31.11
4/24/2019 0:00,0.0046,0.019,0.487,37.27,27.007
4/25/2019 0:00,0.003,0.0129,0.405,17.052,10.844
4/26/2019 0:00,0.0062,0.0092,0.519,19.005,12.433
4/27/2019 0:00,0.0038,0.0091,0.423,14.776,7.805
4/28/2019 0:00,0.0039,0.0103,0.385,11.388,4.944
4/29/2019 0:00,0.0062,0.0126,0.496,28.237,14.536
4/30/2019 0:00,0.0063,0.014,0.567,36.539,21.567
,,,,,
May,,,,,
Date,No2_hourly,O3_hourly,Co_hourly,Pm10_hourly,Pm2.5_hourly
5/1/2019 0:00,0.0058,0.0171,0.491,30.081,18.077
5/2/2019 0:00,0.0063,0.0134,0.576,33.86,20.774
5/3/2019 0:00,0.0064,0.0144,0.594,40.917,25.473
5/4/2019 0:00,0.0084,0.0072,0.551,28.385,17.896
5/5/2019 0:00,0.0038,0.016,0.507,26.69,15.998
5/6/2019 0:00,0.0066,0.0104,0.556,33.593,18.501
5/7/2019 0:00,0.0042,0.0149,0.49,31.757,15.095
5/8/2019 0:00,0.0064,0.0144,0.583,29.917,18.673
5/9/2019 0:00,0.0084,0.0066,0.701,44.02,29.736
5/10/2019 0:00,0.0043,0.0148,0.594,33.546,22.202
5/11/2019 0:00,0.0042,0.0154,0.556,30.348,19.445
5/12/2019 0:00,0.0049,0.0169,0.618,40.214,28.382
5/13/2019 0:00,0.0055,0.0157,0.628,38.776,27.663
5/14/2019 0:00,0.0059,0.0086,0.579,24.424,16.771
5/15/2019 0:00,0.0046,0.017,0.562,23.975,13.433
5/16/2019 0:00,0.0091,0.0062,0.686,32.849,20.604
5/17/2019 0:00,0.004,0.0142,0.568,25.958,14.964
5/18/2019 0:00,0.0048,0.0127,0.591,28.505,17.617
5/19/2019 0:00,0.0061,0.0129,0.573,21.498,14.772
5/20/2019 0:00,0.0049,0.0135,0.57,24.222,15.124
5/21/2019 0:00,0.0065,0.0089,0.639,30.081,20.038
5/22/2019 0:00,0.0056,0.0208,0.68,30.811,21.419
5/23/2019 0:00,0.0056,0.0106,0.594,30.085,18.614
5/24/2019 0:00,0.0073,0.0188,0.524,31.25,18.658
5/25/2019 0:00,0.005,0.0171,0.417,29.629,18.474
5/26/2019 0:00,0.008,0.0114,0.497,32.67,21.879
5/27/2019 0:00,0.0048,0.0136,0.402,19.778,13.029
5/28/2019 0:00,0.006,0.0162,0.427,26.221,17.405
5/29/2019 0:00,0.0059,0.0111,0.419,17.588,10.646
5/30/2019 0:00,0.0056,0.0075,0.424,19.485,13.652
5/31/2019 0:00,0.0044,0.0204,0.45,26.583,18.168
,,,,,
June,,,,,
Date,No2_hourly,O3_hourly,Co_hourly,Pm10_hourly,Pm2.5_hourly
6/1/2019 0:00,0.0037,0.0171,0.39,15.377,10.257
6/2/2019 0:00,0.0021,0.0127,0.322,8.498,5.196
6/3/2019 0:00,0.0019,0.0136,0.315,7.421,4.323
6/4/2019 0:00,0.0038,0.0055,0.422,16.041,11.121
6/5/2019 0:00,0.0033,0.0114,0.407,14.359,8.397
6/6/2019 0:00,0.0032,0.0151,0.408,11.433,6.822
6/7/2019 0:00,0.0029,0.0135,0.393,10.809,6.295
6/8/2019 0:00,0.0028,0.0123,0.375,9.104,5.229
6/9/2019 0:00,0.0035,0.0096,0.446,12.333,7.679
6/10/2019 0:00,0.0071,0.0131,0.587,29.673,18.507
6/11/2019 0:00,0.0045,0.0158,0.556,28.032,17.734
6/12/2019 0:00,0.0076,0.0196,0.589,34.501,21.858
6/13/2019 0:00,0.0047,0.0087,0.47,12.642,7.674
6/14/2019 0:00,0.0049,0.0041,0.517,22.485,11.68
6/15/2019 0:00,0.0043,0.0136,0.622,30.726,18.135
6/16/2019 0:00,0.0052,0.0074,0.545,31.679,21.581
6/17/2019 0:00,0.0042,0.0094,0.485,25.373,14.049
6/18/2019 0:00,0.005,0.0171,0.547,29.99,18.256
6/19/2019 0:00,0.0051,0.0138,0.513,30.159,18.361
6/20/2019 0:00,0.0032,0.0134,0.423,11.582,6.665
6/21/2019 0:00,0.0053,0.0108,0.49,16.619,9.445
6/22/2019 0:00,0.0036,0.0136,0.459,18.473,10.377
6/23/2019 0:00,0.0045,0.007,0.52,19.57,13.355
6/24/2019 0:00,0.005,0.016,0.576,24.237,16.851
6/25/2019 0:00,0.0069,0.0224,0.578,21.98,16.583
6/26/2019 0:00,0.0081,0.0161,0.648,35.358,25.358
6/27/2019 0:00,0.0059,0.0106,0.391,31.363,17.892
6/28/2019 0:00,0.0059,0.0065,0.395,24.481,13.79
6/29/2019 0:00,0.0057,0.0155,0.457,35.81,24.246
6/30/2019 0:00,0.0039,0.0103,0.423,29.326,20.712
,,,,,
July,,,,,
Date,No2_hourly,O3_hourly,Co_hourly,Pm10_hourly,Pm2.5_hourly
7/1/2019 0:00,0.0069,0.007,0.473,31.482,19.787
7/2/2019 0:00,0.0059,0.0071,0.479,30.524,18.141
7/3/2019 0:00,0.0072,0.0173,0.628,52.123,33.731
7/4/2019 0:00,0.0061,0.0072,0.435,21.097,13.238
7/5/2019 0:00,0.0087,0.0147,0.661,42.887,27.669
7/6/2019 0:00,0.0085,0.0195,0.6,35.514,24.969
7/7/2019 0:00,0.0085,0.0201,0.594,41.881,29.641
7/8/2019 0:00,0.0097,0.0136,0.577,43.954,31.202
7/9/2019 0:00,0.0054,0.0148,0.52,31.94,24.611
7/10/2019 0:00,0.0069,0.019,0.507,27.266,20.484
7/11/2019 0:00,0.005,0.0201,0.412,27.957,21.425
7/12/2019 0:00,0.0045,0.013,0.329,14.176,8.959
7/13/2019 0:00,0.0089,0.0058,0.483,42.567,29.318
7/14/2019 0:00,0.0058,0.0085,0.457,31.928,20.693
7/15/2019 0:00,0.0067,0.0124,0.497,39.345,27.151
7/16/2019 0:00,0.0086,0.0067,0.593,52.919,33.286
7/17/2019 0:00,0.006,0.0116,0.569,43.358,30.237
7/18/2019 0:00,0.0085,0.0182,0.58,57.103,39.74
7/19/2019 0:00,0.0077,0.0183,0.569,56.336,43.712
7/20/2019 0:00,0.0056,0.0174,0.534,49.658,38.582
7/21/2019 0:00,0.0036,0.0137,0.399,30.749,24.422
7/22/2019 0:00,0.0033,0.01,0.324,19.82,15.916
7/23/2019 0:00,0.0045,0.0075,0.393,32.361,25.176
7/24/2019 0:00,0.0061,0.0062,0.545,46.117,27.842
7/25/2019 0:00,0.005,0.0103,0.385,31.565,18.054
7/26/2019 0:00,0.0048,0.0107,0.31,17.346,10.67
7/27/2019 0:00,0.005,0.0063,0.393,20.98,11.13
7/28/2019 0:00,0.0052,0.0057,0.561,37.098,21.948
7/29/2019 0:00,0.0054,0.0087,0.443,27.722,17.572
7/30/2019 0:00,0.0041,0.0139,0.413,23.487,15.313
7/31/2019 0:00,0.0079,0.0093,0.628,43.235,27.504
,,,,,
August,,,,,
Date,No2_hourly,O3_hourly,Co_hourly,Pm10_hourly,Pm2.5_hourly
8/1/2019 0:00,0.0068,0.0142,0.72,55.347,35.628
8/2/2019 0:00,0.0098,0.0164,0.702,59.759,41.22
8/3/2019 0:00,0.008,0.012,0.697,56.024,43.128
8/4/2019 0:00,0.0053,0.0146,0.581,38.265,28.269
8/5/2019 0:00,0.005,0.0143,0.664,46.358,33.921
8/6/2019 0:00,0.0053,0.0188,0.707,64.458,51.751
8/7/2019 0:00,0.0056,0.012,0.592,48.501,36.74
8/8/2019 0:00,0.0064,0.0175,0.452,40.17,30.004
8/9/2019 0:00,0.0077,0.0162,0.511,46.634,35.578
8/10/2019 0:00,0.0082,0.0141,0.647,58.256,42.649
8/11/2019 0:00,0.0055,0.0251,0.583,55.394,44.936
8/12/2019 0:00,0.0052,0.0203,0.695,69.096,56.162
8/13/2019 0:00,0.0093,0.0153,0.684,66.421,48.86
8/14/2019 0:00,0.0055,0.0216,0.57,43.827,34.198
8/15/2019 0:00,0.0067,0.0094,0.602,34.967,26.5
8/16/2019 0:00,0.0044,0.0131,0.568,30.717,23.037
8/17/2019 0:00,0.0061,0.0152,0.587,29.645,22.489
8/18/2019 0:00,0.0053,0.0127,0.57,28.861,20.174
8/19/2019 0:00,0.0052,0.018,0.567,27.839,19.778
8/20/2019 0:00,0.0054,0.0086,0.546,17.364,12.562
8/21/2019 0:00,0.0062,0.015,0.666,28.79,17.209
8/22/2019 0:00,0.0115,0.0108,0.732,42.507,28.607
8/23/2019 0:00,0.0076,0.0117,0.582,45.547,33.409
8/24/2019 0:00,0.0064,0.0125,0.598,47.908,34.855
8/25/2019 0:00,0.0044,0.0114,0.496,36.975,27.452
8/26/2019 0:00,0.0054,0.0118,0.414,22.937,17.199
8/27/2019 0:00,0.0045,0.0094,0.341,19.879,13.068
8/28/2019 0:00,0.0048,0.0089,0.373,23.103,14.445
8/29/2019 0:00,0.0059,0.0075,0.453,25.993,17.417
8/30/2019 0:00,0.0062,0.017,0.52,36.351,25.469
8/31/2019 0:00,0.0058,0.0149,0.522,39.643,29.828
,,,,,
September,,,,,
Date,No2_hourly,O3_hourly,Co_hourly,Pm10_hourly,Pm2.5_hourly
9/1/2019 0:00,0.0068,0.0133,0.486,29.511,21.66
9/2/2019 0:00,0.0066,0.0104,0.49,33.66,25.256
9/3/2019 0:00,0.0056,0.011,0.54,34.139,24.617
9/4/2019 0:00,0.0056,0.0149,0.722,56.359,45.328
9/5/2019 0:00,0.0069,0.0184,0.743,59.05,48.681
9/6/2019 0:00,0.0108,0.0098,0.832,66.176,54.495
9/7/2019 0:00,0.0059,0.022,0.715,67.236,54.417
9/8/2019 0:00,0.0068,0.0283,0.852,86.492,74.792
9/9/2019 0:00,0.0063,0.0183,0.681,47.365,41.322
9/10/2019 0:00,0.0069,0.0168,0.766,60.8,52.782
9/11/2019 0:00,0.0066,0.0165,0.645,51.328,44.198
9/12/2019 0:00,0.0058,0.0167,0.573,51.111,43.947
9/13/2019 0:00,0.0055,0.0181,0.653,68.324,61.15
9/14/2019 0:00,0.0096,0.0173,1.007,111.207,98.32
9/15/2019 0:00,0.0102,0.0189,1.15,135.113,116.593
9/16/2019 0:00,0.0098,0.0242,0.977,114.032,100.324
9/17/2019 0:00,0.0086,0.0311,0.836,101.654,89.34
9/18/2019 0:00,0.009,0.0275,0.991,120.334,104.847
9/19/2019 0:00,0.0056,0.0294,1.078,115.471,102.927
9/20/2019 0:00,0.0046,0.0244,0.953,86.348,76.515
9/21/2019 0:00,0.0039,0.0242,0.82,72.53,64.731
9/22/2019 0:00,0.0062,0.0151,0.647,39.084,32.799
9/23/2019 0:00,0.0033,0.0165,0.513,29.093,23.399
9/24/2019 0:00,0.0042,0.0204,0.407,26.049,21.519
9/25/2019 0:00,0.0063,0.0176,0.487,32.827,29.072
9/26/2019 0:00,0.0056,0.0131,0.396,16.468,14.99
9/27/2019 0:00,0.0034,0.0153,0.36,13.745,12.594
9/28/2019 0:00,0.0033,0.0147,0.33,11.457,10.453
9/29/2019 0:00,0.0037,0.0162,0.321,10.041,7.776
9/30/2019 0:00,0.0054,0.0095,0.388,14.065,11.729
,,,,,
October,,,,,
Date,No2_hourly,O3_hourly,Co_hourly,Pm10_hourly,Pm2.5_hourly
10/1/2019 0:00,0.0038,0.0131,0.326,8.471,7.485
10/2/2019 0:00,0.0053,0.0146,0.358,12.736,9.752
10/3/2019 0:00,0.0067,0.0099,0.408,19.981,16.762
10/4/2019 0:00,0.0058,0.0065,0.384,12.395,9.383
10/5/2019 0:00,0.0058,0.0152,0.475,16.931,13.999
10/6/2019 0:00,0.0052,0.0112,0.445,15.992,13.89
10/7/2019 0:00,0.0034,0.0174,0.326,6.73,5.338
10/8/2019 0:00,0.0052,0.0088,0.395,10.007,8.697
10/9/2019 0:00,0.0054,0.0122,0.457,15.837,13.619
10/10/2019 0:00,0.0064,0.0083,0.441,16.486,14.15
10/11/2019 0:00,0.0069,0.012,0.484,18.589,15.175
10/12/2019 0:00,0.0058,0.0174,0.462,22.04,18.994
10/13/2019 0:00,0.006,0.0122,0.415,16.146,13.986
10/14/2019 0:00,0.0052,0.0106,0.427,18.016,12.062
10/15/2019 0:00,0.0075,0.0166,0.512,26.191,19.435
10/16/2019 0:00,0.0056,0.013,0.432,18.542,12.021
10/17/2019 0:00,0.0047,0.0186,0.403,15.356,10.289
10/18/2019 0:00,0.0054,0.0099,0.427,13.296,10.124
10/19/2019 0:00,0.0046,0.0122,0.468,15.608,12.347
10/20/2019 0:00,0.0037,0.0161,0.4,11.798,8.108
10/21/2019 0:00,0.0054,0.0112,0.441,20.359,13.659
10/22/2019 0:00,0.0045,0.0153,0.401,16.657,11.144
10/23/2019 0:00,0.0068,0.0082,0.446,21.563,16.636
10/24/2019 0:00,0.0052,0.0146,0.431,16.043,10.708
10/25/2019 0:00,0.006,0.0093,0.462,16.992,11.211
10/26/2019 0:00,0.0053,0.0166,0.483,21.292,15.339
10/27/2019 0:00,0.0037,0.0115,0.399,11.076,7.67
10/28/2019 0:00,0.0056,0.0078,0.425,11.64,8.336
10/29/2019 0:00,0.0046,0.0113,0.452,12.64,9.035
10/30/2019 0:00,0.0074,0.0097,0.578,24.592,17.23
10/31/2019 0:00,0.0062,0.0152,0.491,24.493,14.945
,,,,,
November,,,,,
Date,No2_hourly,O3_hourly,Co_hourly,Pm10_hourly,Pm2.5_hourly
11/1/2019 0:00,0.0111,0.0126,0.614,39.445,25.029
11/2/2019 0:00,0.0084,0.0148,0.551,27.414,17.013
11/3/2019 0:00,0.0055,0.0149,0.541,29.185,18.17
11/4/2019 0:00,0.0049,0.0129,0.466,21.108,12.266
11/5/2019 0:00,0.0057,0.0142,0.522,20.989,14.249
11/6/2019 0:00,0.0074,0.0119,0.55,26.132,16.771
11/7/2019 0:00,0.0079,0.0167,0.619,36.986,24.43
11/8/2019 0:00,0.0061,0.0191,0.576,35.449,22.827
11/9/2019 0:00,0.0049,0.0183,0.546,22.385,15.623
11/10/2019 0:00,0.0029,0.0194,0.543,20.953,12.415
11/11/2019 0:00,0.0063,0.0172,0.701,31.747,20.772
11/12/2019 0:00,0.0067,0.0155,0.691,27.273,18.239
11/13/2019 0:00,0.0082,0.0109,0.656,31.836,19.549
11/14/2019 0:00,0.0047,0.0156,0.552,34.107,22.837
11/15/2019 0:00,0.0054,0.0161,0.566,37.694,24.313
11/16/2019 0:00,0.0062,0.0134,0.577,38.242,25.181
11/17/2019 0:00,0.004,0.0165,0.473,23.923,15.839
11/18/2019 0:00,0.0059,0.0157,0.467,22.854,14.402
11/19/2019 0:00,0.0037,0.0139,0.415,14.517,8.917
11/20/2019 0:00,0.0049,0.014,0.485,24.604,13.318
11/21/2019 0:00,0.0054,0.019,0.474,19.695,11.516
11/22/2019 0:00,0.0049,0.0145,0.481,20.978,11.366
11/23/2019 0:00,0.0037,0.0216,0.434,13.446,7.266
11/24/2019 0:00,0.0044,0.0161,0.482,19.361,11.011
11/25/2019 0:00,0.0032,0.0128,0.431,9.201,5.487
11/26/2019 0:00,0.0047,0.0143,0.447,15.317,8.947
11/27/2019 0:00,0.0052,0.0179,0.431,23.354,13.364
11/28/2019 0:00,0.005,0.0186,0.421,22.441,12.488
11/29/2019 0:00,0.0054,0.0105,0.431,19.636,11.386
11/30/2019 0:00,0.0034,0.0178,0.37,15.22,8.551
,,,,,
December,,,,,
Date,No2_hourly,O3_hourly,Co_hourly,Pm10_hourly,Pm2.5_hourly
12/1/2019 0:00,0.0059,0.012,0.48,21.233,12.211
12/2/2019 0:00,0.0027,0.0156,0.368,7.648,4.048
12/3/2019 0:00,0.0046,0.015,0.382,11.381,5.924
12/4/2019 0:00,0.0056,0.0202,0.433,13.701,7.668
12/5/2019 0:00,0.0028,0.0247,0.417,13.63,6.635
12/6/2019 0:00,0.0072,0.0183,0.471,14.072,7.595
12/7/2019 0:00,0.0052,0.0186,0.455,20.725,8.653
12/8/2019 0:00,0.0053,0.0153,0.46,21.816,9.927
12/9/2019 0:00,0.004,0.0135,0.402,12.506,5.945
12/10/2019 0:00,0.0056,0.0166,0.441,20.159,10.805
12/11/2019 0:00,0.0046,0.0183,0.403,16.997,9.409
12/12/2019 0:00,0.0043,0.0151,0.37,10.049,5.938
12/13/2019 0:00,0.0054,0.0184,0.498,27.504,14.438
12/14/2019 0:00,0.0033,0.022,0.377,13.709,7.362
12/15/2019 0:00,0.0033,0.0173,0.384,17.695,10.963
12/16/2019 0:00,0.0059,0.0108,0.405,14.058,8.488
12/17/2019 0:00,0.0039,0.0164,0.351,14.796,9.207
12/18/2019 0:00,0.0034,0.0116,0.301,6.953,3.482
12/19/2019 0:00,0.0057,0.0105,0.451,21.209,11.819
12/20/2019 0:00,0.0068,0.0139,0.428,21.786,12.282
12/21/2019 0:00,0.0055,0.0163,0.431,26.322,15.535
12/22/2019 0:00,0.0046,0.0186,0.375,15.149,8.03
12/23/2019 0:00,0.004,0.0131,0.389,13.534,8.965
12/24/2019 0:00,0.0044,0.0131,0.376,12.956,7.168
12/25/2019 0:00,0.0026,0.0166,0.345,9.776,5.377
12/26/2019 0:00,0.0053,0.0138,0.45,18.996,9.725
12/27/2019 0:00,0.0048,0.0121,0.406,13.618,7.915
12/28/2019 0:00,0.0034,0.0126,0.4,17.113,8.572
12/29/2019 0:00,0.0032,0.0133,0.417,19.86,10.959
12/30/2019 0:00,0.0042,0.0195,0.395,12.504,6.856
12/31/2019 0:00,0.0081,0.0121,0.512,23.194,13.795
,,,,,
,,,,,
2020,,,,,
January,,,,,
Date,No2_hourly,O3_hourly,Co_hourly,Pm10_hourly,Pm2.5_hourly
1/1/2020 0:00,0.0042,0.0168,0.425,19.726,10.329
1/2/2020 0:00,0.0036,0.018,0.405,18.714,8.329
1/3/2020 0:00,0.0045,0.0167,0.407,15.857,6.099
1/4/2020 0:00,0.0033,0.0183,0.379,15.781,7.141
1/5/2020 0:00,0.0045,0.017,0.437,21.294,11.549
1/6/2020 0:00,0.0054,0.0171,0.466,24.839,13.653
1/7/2020 0:00,0.0042,0.0191,0.372,12.013,6.536
1/8/2020 0:00,0.0055,0.0142,0.466,25.986,13.52
1/9/2020 0:00,0.0039,0.0172,0.379,14.642,6.935
1/10/2020 0:00,0.0039,0.0191,0.404,14.305,7.287
1/11/2020 0:00,0.0043,0.0099,0.399,12.263,6.135
1/12/2020 0:00,0.0026,0.0113,0.354,8.207,5.024
1/13/2020 0:00,0.0042,0.0128,0.444,14.152,8.969
1/14/2020 0:00,0.0074,0.0115,0.475,19.284,11.161
1/15/2020 0:00,0.0047,0.0152,0.46,24.593,14.208
1/16/2020 0:00,0.0069,0.0123,0.475,22.733,13.322
1/17/2020 0:00,0.0058,0.0175,0.446,16.13,9.458
1/18/2020 0:00,0.0052,0.011,0.466,16.054,9.575
1/19/2020 0:00,0.0041,0.0164,0.456,18.694,12.279
1/20/2020 0:00,0.004,0.0149,0.475,21.154,11.945
1/21/2020 0:00,0.0035,0.0167,0.456,20.712,10.521
1/22/2020 0:00,0.0061,0.0169,0.539,30.79,16.177
1/23/2020 0:00,0.0053,0.0196,0.53,28.961,16.644
1/24/2020 0:00,0.0047,0.0189,0.459,21.811,10.695
1/25/2020 0:00,0.0058,0.0176,0.541,53.547,38.542
1/26/2020 0:00,0.0013,0.0204,0.43,16.228,9.912
1/27/2020 0:00,0.0016,0.0154,0.404,11.616,7.318
1/28/2020 0:00,0.0025,0.0125,0.406,12.152,7.404
1/29/2020 0:00,0.0029,0.0118,0.406,12.618,7.352
1/30/2020 0:00,0.0038,0.0144,0.426,13.872,6.838
1/31/2020 0:00,0.0056,0.0189,0.491,18.583,11.144
,,,,,
February,,,,,
Date,No2_hourly,O3_hourly,Co_hourly,Pm10_hourly,Pm2.5_hourly
2/1/2020 0:00,0.004,0.0232,0.503,24.615,14.106
2/2/2020 0:00,0.0036,0.0247,0.53,27.324,15.867
2/3/2020 0:00,0.0045,0.0239,0.53,21.977,11.724
2/4/2020 0:00,0.005,0.0217,0.412,20.187,9.354
2/5/2020 0:00,0.0056,0.0206,0.251,21.29,11.205
2/6/2020 0:00,0.0029,0.0245,0.253,19.047,10.277
2/7/2020 0:00,0.0036,0.0203,0.336,19.823,11.662
2/8/2020 0:00,0.0051,0.0197,0.365,30.317,19.282
2/9/2020 0:00,0.0035,0.0183,0.259,16.955,12.7
2/10/2020 0:00,0.0053,0.0089,0.255,13.292,8.698
2/11/2020 0:00,0.0051,0.0173,0.237,20.102,12.749
2/12/2020 0:00,0.0054,0.0215,0.311,32.044,18.378
2/13/2020 0:00,0.0048,0.018,0.329,30.889,18.019
2/14/2020 0:00,0.0069,0.0143,0.393,33.175,19.099
2/15/2020 0:00,0.0036,0.0163,0.325,21.952,15.06
2/16/2020 0:00,0.003,0.0166,0.287,10.342,6.884
2/17/2020 0:00,0.004,0.018,0.27,12.579,6.926
2/18/2020 0:00,0.0041,0.0175,0.301,22.385,11.763
2/19/2020 0:00,0.0033,0.0179,0.319,20.336,10.861
2/20/2020 0:00,0.0031,0.02,0.332,24.431,12.206
2/21/2020 0:00,0.0029,0.0217,0.322,25.372,12.119
2/22/2020 0:00,0.0027,0.022,0.325,27.994,13.981
2/23/2020 0:00,0.0026,0.0199,0.411,41.934,26.948
2/24/2020 0:00,0.0036,0.0206,0.471,51.956,35.269
2/25/2020 0:00,0.0037,0.0152,0.429,35.586,22.561
2/26/2020 0:00,0.0024,0.0178,0.311,19.744,9.07
2/27/2020 0:00,0.003,0.0155,0.378,27.063,14.771
2/28/2020 0:00,0.0036,0.0162,0.319,14.343,6.943
2/29/2020 0:00,0.0034,0.018,0.383,26.717,16.767
,,,,,
March,,,,,
Date,No2_hourly,O3_hourly,Co_hourly,Pm10_hourly,Pm2.5_hourly
3/1/2020 0:00,0.0017,0.0175,0.328,16.955,8.367
3/2/2020 0:00,0.0027,0.018,0.395,25.679,14.58
3/3/2020 0:00,0.0041,0.0167,0.39,15.275,8.15
3/4/2020 0:00,0.0036,0.0157,0.438,18.096,11.675
3/5/2020 0:00,0.003,0.0115,0.372,8.953,5.609
3/6/2020 0:00,0.0061,0.0104,0.464,22.381,12.926
3/7/2020 0:00,0.0045,0.0146,0.469,23.273,13.91
3/8/2020 0:00,0.0031,0.0172,0.442,22.653,15.192
3/9/2020 0:00,0.004,0.0127,0.485,23.446,15.19
3/10/2020 0:00,0.0048,0.0126,0.483,25.991,15.815
3/11/2020 0:00,0.0048,0.0162,0.522,29.376,18.978
3/12/2020 0:00,0.005,0.0132,0.451,20.194,12.181
3/13/2020 0:00,0.0043,0.0186,0.423,31.717,20.104
3/14/2020 0:00,0.0019,0.0164,0.302,8.438,5.098
3/15/2020 0:00,0.0027,0.0176,0.405,24.814,14.915
3/16/2020 0:00,0.0027,0.0205,0.354,21.535,13.051
3/17/2020 0:00,0.0052,0.0189,0.494,38.807,23.054
3/18/2020 0:00,0.0035,0.0198,0.465,30.463,19.491
3/19/2020 0:00,0.0043,0.0208,0.517,37.315,23.639
3/20/2020 0:00,0.0025,0.0163,0.394,14.543,9.382
3/21/2020 0:00,0.003,0.0164,0.465,19.604,11.769
3/22/2020 0:00,0.0021,0.0182,0.461,22.695,16.011
3/23/2020 0:00,0.0018,0.0177,0.405,13.952,9.787
3/24/2020 0:00,0.0035,0.0132,0.413,18.128,12.581
3/25/2020 0:00,0.0035,0.0188,0.433,23.906,16.083
3/26/2020 0:00,0.0043,0.0099,0.453,24.156,15.997
3/27/2020 0:00,0.0015,0.014,0.401,12.203,6.903
3/28/2020 0:00,0.0034,0.0108,0.429,14.43,9.369
3/29/2020 0:00,0.003,0.0107,0.458,22.306,14.242
3/30/2020 0:00,0.0035,0.0073,0.444,20.467,13.121
3/31/2020 0:00,0.0034,0.0111,0.434,13.729,8.986
,,,,,
April,,,,,
Date,No2_hourly,O3_hourly,Co_hourly,Pm10_hourly,Pm2.5_hourly
4/1/2020 0:00,0.0036,0.016,0.48,22.175,14.37
4/2/2020 0:00,0.0025,0.0134,0.414,16.624,10.595
4/3/2020 0:00,0.003,0.0127,0.382,18.807,12.1
4/4/2020 0:00,0.0044,0.0145,0.476,34.523,22.772
4/5/2020 0:00,0.0039,0.0146,0.412,19.067,13.684
4/6/2020 0:00,0.0029,0.0155,0.404,19.734,11.193
4/7/2020 0:00,0.0034,0.0151,0.421,19.064,12.242
4/8/2020 0:00,0.0045,0.0141,0.441,25.157,14.621
4/9/2020 0:00,0.0048,0.0144,0.463,26.474,17.169
4/10/2020 0:00,0.0027,0.0176,0.45,23.207,14.864
4/11/2020 0:00,0.0026,0.0191,0.409,17.338,11.779
4/12/2020 0:00,0.0021,0.0167,0.448,20.812,13.977
4/13/2020 0:00,0.003,0.016,0.474,23.837,17.077
4/14/2020 0:00,0.0029,0.0227,0.455,24.446,15.378
4/15/2020 0:00,0.0026,0.0244,0.408,13.317,9.123
4/16/2020 0:00,0.0048,0.0174,0.522,28.3,19.321
4/17/2020 0:00,0.0039,0.0209,0.507,26.833,17.017
4/18/2020 0:00,0.0031,0.0145,0.494,26.359,16.644
4/19/2020 0:00,0.0023,0.0172,0.439,15.777,10.711
4/20/2020 0:00,0.0024,0.0164,0.45,19.781,14.275
4/21/2020 0:00,0.0032,0.0182,0.451,22.292,14.051
4/22/2020 0:00,0.002,0.0113,0.391,15.852,9.517
4/23/2020 0:00,0.0017,0.0118,0.41,18.874,11.807
4/24/2020 0:00,0.0022,0.0183,0.377,11.868,7.368
4/25/2020 0:00,0.0026,0.0171,0.398,14.408,9.043
4/26/2020 0:00,0.0009,0.012,0.35,6.483,3.488
4/27/2020 0:00,0.0013,0.016,0.347,7.238,4.189
4/28/2020 0:00,0.0021,0.0117,0.386,12.586,7.79
4/29/2020 0:00,0.0023,0.0136,0.407,15.045,8.236
4/30/2020 0:00,0.0072,0.0058,0.619,34.416,19.814
,,,,,
May,,,,,
Date,No2_hourly,O3_hourly,Co_hourly,Pm10_hourly,Pm2.5_hourly
5/1/2020 0:00,0.0032,0.0089,0.489,20.137,11.766
5/2/2020 0:00,0.0024,0.0126,0.387,6.102,3.386
5/3/2020 0:00,0.0013,0.0139,0.372,7.023,3.223
5/4/2020 0:00,0.0052,0.0096,0.513,22.003,11.825
5/5/2020 0:00,0.0036,0.0146,0.458,16.046,8.322
5/6/2020 0:00,0.0021,0.0132,0.457,15.431,8.339
5/7/2020 0:00,0.0027,0.016,0.495,21.407,13.671
5/8/2020 0:00,0.0026,0.0147,0.433,18.978,11.824
5/9/2020 0:00,0.0032,0.0124,0.375,12.222,7.999
5/10/2020 0:00,0.0029,0.0142,0.463,19.181,11.761
5/11/2020 0:00,0.0063,0.0105,0.537,24.27,15.612
5/12/2020 0:00,0.0064,0.006,0.461,19.458,9.968
5/13/2020 0:00,0.0031,0.014,0.382,15.593,7.542
5/14/2020 0:00,0.0072,0.0178,0.514,39.129,21.78
5/15/2020 0:00,0.0058,0.0157,0.484,33.988,20.549
5/16/2020 0:00,0.0059,0.0114,0.5,30.497,19.866
5/17/2020 0:00,0.004,0.0123,0.439,25.759,15.342
5/18/2020 0:00,0.0047,0.0048,0.421,15.164,9.149
5/19/2020 0:00,0.0053,0.0125,0.469,24.025,12.267
5/20/2020 0:00,0.0086,0.0081,0.582,43.31,23.552
5/21/2020 0:00,0.0064,0.0046,0.507,30.273,15.898
5/22/2020 0:00,0.0029,0.0063,0.4,14.998,6.999
5/23/2020 0:00,0.0023,0.0055,0.399,17.913,11.142
5/24/2020 0:00,0.0018,0.0158,0.405,15.457,10.469
5/25/2020 0:00,0.0011,0.0151,0.376,10.864,5.609
5/26/2020 0:00,0.002,0.0134,0.396,15.131,9.788
5/27/2020 0:00,0.0034,0.0095,0.418,13.88,9.703
5/28/2020 0:00,0.0043,0.0137,0.425,21.105,11.426
5/29/2020 0:00,0.0033,0.0151,0.439,20.403,11.894
5/30/2020 0:00,0.0037,0.0105,0.435,16.619,11.248
5/31/2020 0:00,0.0027,0.0158,0.447,19.955,11.361
,,,,,
June,,,,,
Date,No2_hourly,O3_hourly,Co_hourly,Pm10_hourly,Pm2.5_hourly
6/1/2020 0:00,0.0021,0.011,0.342,9.311,4.914
6/2/2020 0:00,0.0028,0.0092,0.404,11.929,5.947
6/3/2020 0:00,0.0045,0.0131,0.476,16.712,9.941
6/4/2020 0:00,0.0062,0.0091,0.503,20.276,11.583
6/5/2020 0:00,0.0046,0.0083,0.429,11.184,6.52
6/6/2020 0:00,0.0044,0.0083,0.422,19.69,10.639
6/7/2020 0:00,0.0036,0.0111,0.403,16.708,7.842
6/8/2020 0:00,0.0057,0.0169,0.558,25.865,15.233
6/9/2020 0:00,0.0049,0.0168,0.485,25.485,12.55
6/10/2020 0:00,0.0038,0.0139,0.406,16.451,7.912
6/11/2020 0:00,0.0055,0.0186,0.464,24.607,13.168
6/12/2020 0:00,0.0048,0.0114,0.425,17.997,9.928
6/13/2020 0:00,0.006,0.0068,0.49,26.814,14.521
6/14/2020 0:00,0.0021,0.0083,0.342,12.195,6.857
6/15/2020 0:00,0.0019,0.0127,0.384,16.845,8.288
6/16/2020 0:00,0.0027,0.0108,0.37,12.74,6.377
6/17/2020 0:00,0.0033,0.0114,0.412,17.977,9.63
6/18/2020 0:00,0.0023,0.0086,0.349,9.293,5.227
6/19/2020 0:00,0.0028,0.0057,0.399,13,6.053
6/20/2020 0:00,0.0022,0.0101,0.357,11.992,6.294
6/21/2020 0:00,0.0034,0.0063,0.433,16.022,8.721
6/22/2020 0:00,0.0033,0.0117,0.456,18.35,10.797
6/23/2020 0:00,0.0031,0.0081,0.374,8.405,4.402
6/24/2020 0:00,0.0021,0.0086,0.4,13.853,6.826
6/25/2020 0:00,0.0028,0.008,0.405,12.308,6.529
6/26/2020 0:00,0.0037,0.0147,0.434,19.621,9.521
6/27/2020 0:00,0.0032,0.0098,0.365,11.381,6.457
6/28/2020 0:00,0.0031,0.0047,0.45,16.016,8.303
6/29/2020 0:00,0.004,0.0094,0.481,20.875,9.653
6/30/2020 0:00,0.0055,0.0093,0.389,26.45,16.417
,,,,,
July,,,,,
Date,No2_hourly,O3_hourly,Co_hourly,Pm10_hourly,Pm2.5_hourly
7/1/2020 0:00,0.0036,0.0128,0.365,24.628,12.55
7/2/2020 0:00,0.003,0.01,0.378,21.689,11.537
7/3/2020 0:00,0.0039,0.0117,0.419,25.382,12.897
7/4/2020 0:00,0.0031,0.0131,0.366,18.019,10.214
7/5/2020 0:00,0.0034,0.0137,0.356,11.18,7.071
7/6/2020 0:00,0.0031,0.0131,0.387,18.553,10.223
7/7/2020 0:00,0.0034,0.0114,0.356,12.434,7.743
7/8/2020 0:00,0.0033,0.0144,0.338,14.541,7.849
7/9/2020 0:00,0.0029,0.0067,0.329,11.041,5.341
7/10/2020 0:00,0.0027,0.007,0.315,10.34,5.074
7/11/2020 0:00,0.0041,0.0072,0.354,13.962,7.477
7/12/2020 0:00,0.0048,0.0138,0.449,29.615,16.4
7/13/2020 0:00,0.0031,0.0128,0.358,17.354,9.533
7/14/2020 0:00,0.0026,0.0119,0.284,6.85,3.769
7/15/2020 0:00,0.0026,0.0171,0.314,9.277,5.192
7/16/2020 0:00,0.0046,0.0094,0.375,17.25,9.952
7/17/2020 0:00,0.0039,0.0109,0.4,22.252,11.6
7/18/2020 0:00,0.0021,0.0114,0.353,16.799,8.883
7/19/2020 0:00,0.0015,0.0097,0.329,13.013,8.103
7/20/2020 0:00,0.003,0.0096,0.373,18.599,9.635
7/21/2020 0:00,0.004,0.0126,0.446,30.527,14.94
7/22/2020 0:00,0.002,0.015,0.348,15.595,9.004
7/23/2020 0:00,0.0023,0.0093,0.327,11.495,6.821
7/24/2020 0:00,0.0032,0.0099,0.377,15.599,8.239
7/25/2020 0:00,0.0045,0.0101,0.423,20.193,10.186
7/26/2020 0:00,0.0038,0.0111,0.265,26.03,14.494
7/27/2020 0:00,0.0025,0.0098,0.146,10.121,4.846
7/28/2020 0:00,0.0021,0.0116,0.12,10.098,5.421
7/29/2020 0:00,0.0041,0.0091,0.271,18.148,9.09
7/30/2020 0:00,0.0031,0.0067,0.354,11.703,6.764
7/31/2020 0:00,0.0035,0.0052,0.438,19.277,9.754
,,,,,
August,,,,,
Date,No2_hourly,O3_hourly,Co_hourly,Pm10_hourly,Pm2.5_hourly
8/1/2020 0:00,0.0036,0.0062,0.523,26.617,14.882
8/2/2020 0:00,0.0048,0.0119,0.443,29.224,17.643
8/3/2020 0:00,0.0052,0.0163,0.448,29.29,14.843
8/4/2020 0:00,0.0076,0.0132,0.586,33.487,18.815
8/5/2020 0:00,0.0051,0.0072,0.571,21.852,11.518
8/6/2020 0:00,0.0044,0.0096,0.56,26.669,11.911
8/7/2020 0:00,0.0067,0.0114,0.6,30.737,16.74
8/8/2020 0:00,0.0058,0.0142,0.625,34.807,20.519
8/9/2020 0:00,0.0048,0.0111,0.622,31.683,20.159
8/10/2020 0:00,0.0047,0.0113,0.536,23.781,13.004
8/11/2020 0:00,0.0061,0.0163,0.609,33.686,22.544
8/12/2020 0:00,0.0046,0.0158,0.527,23.408,14.678
8/13/2020 0:00,0.005,0.0156,0.55,22.042,14.297
8/14/2020 0:00,0.0056,0.0106,0.513,22.863,13.781
8/15/2020 0:00,0.0052,0.0147,0.421,19.401,11.169
8/16/2020 0:00,0.0046,0.0066,0.49,23.462,14.648
8/17/2020 0:00,0.0025,0.0097,0.414,19.192,10.838
8/18/2020 0:00,0.0035,0.0092,0.365,14.027,8.179
8/19/2020 0:00,0.0036,0.0093,0.406,19.282,9.701
8/20/2020 0:00,0.0032,0.0144,0.344,10.163,6.37
8/21/2020 0:00,0.0036,0.0141,0.431,23.822,13.138
8/22/2020 0:00,0.0036,0.0118,0.44,27.365,15.33
8/23/2020 0:00,0.0024,0.0123,0.334,9.503,4.947
8/24/2020 0:00,0.0025,0.0112,0.319,8.388,5.163
8/25/2020 0:00,0.0028,0.0148,0.366,18.609,10.957
8/26/2020 0:00,0.0028,0.016,0.289,8.656,5.647
8/27/2020 0:00,0.0024,0.0173,0.29,8.76,5.612
8/28/2020 0:00,0.0043,0.0127,0.336,14.79,8.531
8/29/2020 0:00,0.0037,0.0096,0.332,17.7,8.358
8/30/2020 0:00,0.0037,0.009,0.359,26.991,12.842
8/31/2020 0:00,0.0032,0.0114,0.306,11.815,6.537
,,,,,
September,,,,,
Date,No2_hourly,O3_hourly,Co_hourly,Pm10_hourly,Pm2.5_hourly
9/1/2020 0:00,0.0057,0.0088,0.417,26.071,10.022
9/2/2020 0:00,0.0056,0.0044,0.518,24.225,12.85
9/3/2020 0:00,0.0046,0.0118,0.504,22.397,10.468
9/4/2020 0:00,0.0033,0.0103,0.47,15.182,8.378
9/5/2020 0:00,0.0039,0.0084,0.446,11.693,6.14
9/6/2020 0:00,0.0026,0.0068,0.391,11.884,6.707
9/7/2020 0:00,0.0042,0.0075,0.444,10.455,5.994
9/8/2020 0:00,0.0068,0.0074,0.511,24.438,12.213
9/9/2020 0:00,0.0046,0.0094,0.4,20.9,10.936
9/10/2020 0:00,0.0039,0.0068,0.401,17.02,10.194
9/11/2020 0:00,0.0022,0.0087,0.355,12.723,6.708
9/12/2020 0:00,0.0029,0.0092,0.357,15.361,8.506
9/13/2020 0:00,0.0017,0.011,0.28,6.776,4.073
9/14/2020 0:00,0.0026,0.0087,0.286,8.058,4.933
9/15/2020 0:00,0.0047,0.0091,0.425,27.754,12.887
9/16/2020 0:00,0.003,0.0067,0.406,20.502,11.158
9/17/2020 0:00,0.0048,0.0106,0.509,22.11,13.214
9/18/2020 0:00,0.0035,0.0187,0.694,32.492,19.624
9/19/2020 0:00,0.0031,0.0172,0.504,23.687,16.368
9/20/2020 0:00,0.004,0.0135,0.487,19.706,11.396
9/21/2020 0:00,0.0034,0.009,0.457,15.375,9.405
9/22/2020 0:00,0.0033,0.006,0.41,13.57,7.286
9/23/2020 0:00,0.0043,0.0062,0.413,12.995,6.81
9/24/2020 0:00,0.0037,0.0071,0.37,12.375,6.576
9/25/2020 0:00,0.004,0.0058,0.32,14.064,7.051
9/26/2020 0:00,0.0035,0.0086,0.331,20.382,8.936
9/27/2020 0:00,0.0022,0.0102,0.287,13.406,7.095
9/28/2020 0:00,0.0052,0.0078,0.378,21.314,11.571
9/29/2020 0:00,0.0043,0.0129,0.406,27.251,14.971
9/30/2020 0:00,0.0061,0.0128,0.466,40.073,21.334
,,,,,
October,,,,,
Date,No2_hourly,O3_hourly,Co_hourly,Pm10_hourly,Pm2.5_hourly
10/1/2020 0:00,0.0057,0.0094,0.436,33.321,19.478
10/2/2020 0:00,0.0048,0.0119,0.445,34.998,22.244
10/3/2020 0:00,0.0035,0.0068,0.389,20.825,12.725
10/4/2020 0:00,0.0034,0.0073,0.33,15.084,8.697
10/5/2020 0:00,0.0058,0.0049,0.446,18.077,12.082
10/6/2020 0:00,0.0057,0.0071,0.525,34.107,20.264
10/7/2020 0:00,0.0074,0.0053,0.431,31.51,17.74
10/8/2020 0:00,0.0042,0.016,0.38,26.621,17.197
10/9/2020 0:00,0.0047,0.0095,0.384,21.934,12.592
10/10/2020 0:00,0.0035,0.0087,0.333,15.073,8.331
10/11/2020 0:00,0.0029,0.0143,0.307,11.29,5.997
10/12/2020 0:00,0.0045,0.0066,0.392,17.201,9.029
10/13/2020 0:00,0.0043,0.009,0.355,22.423,11.602
10/14/2020 0:00,0.0041,0.0089,0.359,23.934,10.496
10/15/2020 0:00,0.0033,0.0118,0.291,14.873,6.585
10/16/2020 0:00,0.005,0.0153,0.369,23.966,13.198
10/17/2020 0:00,0.0075,0.0148,0.493,42.867,24.239
10/18/2020 0:00,0.0034,0.0162,0.344,20.719,13.746
10/19/2020 0:00,0.0066,0.0068,0.407,26.11,14.706
10/20/2020 0:00,0.0049,0.008,0.426,28.212,13.855
10/21/2020 0:00,0.0064,0.0042,0.431,30.261,15.058
10/22/2020 0:00,0.0039,0.0077,0.373,18.555,8.899
10/23/2020 0:00,0.0034,0.0104,0.358,22.559,11.783
10/24/2020 0:00,0.0044,0.0074,0.478,23.252,11.77
10/25/2020 0:00,0.0033,0.0097,0.395,18.422,10.017
10/26/2020 0:00,0.0028,0.0115,0.311,11.016,5.941
10/27/2020 0:00,0.0035,0.0071,0.356,9.924,4.876
10/28/2020 0:00,0.004,0.0071,0.392,22.78,13.72
10/29/2020 0:00,0.0041,0.0108,0.389,21.473,12.71
10/30/2020 0:00,0.0035,0.01,0.324,16.664,8.586
10/31/2020 0:00,0.0044,0.0103,0.354,21.944,11.453
,,,,,
November,,,,,
Date,No2_hourly,O3_hourly,Co_hourly,Pm10_hourly,Pm2.5_hourly
11/1/2020 0:00,0.0041,0.007,0.299,9.359,5.093
11/2/2020 0:00,0.0063,0.0057,0.376,15.203,8.045
11/3/2020 0:00,0.0043,0.0113,0.354,17.952,7.723
11/4/2020 0:00,0.0054,0.0105,0.346,15.039,7.116
11/5/2020 0:00,0.0057,0.0074,0.403,20.881,10.811
11/6/2020 0:00,0.0039,0.0104,0.386,20.394,9.539
11/7/2020 0:00,0.0048,0.0134,0.421,23.615,13.787
11/8/2020 0:00,0.003,0.0106,0.338,14.045,7.654
11/9/2020 0:00,0.0035,0.0064,0.363,11.637,6.557
11/10/2020 0:00,0.004,0.0118,0.381,15.022,7.198
11/11/2020 0:00,0.0052,0.0111,0.488,27.022,14.746
11/12/2020 0:00,0.0025,0.0136,0.355,14.302,8.845
11/13/2020 0:00,0.0045,0.0101,0.472,24.66,13.659
11/14/2020 0:00,0.0037,0.0102,0.384,18.183,10.417
11/15/2020 0:00,0.0036,0.0101,0.37,17.705,9.045
11/16/2020 0:00,0.0031,0.0198,0.338,15.522,7.556
11/17/2020 0:00,0.004,0.012,0.333,13.708,7.67
11/18/2020 0:00,0.0039,0.0116,0.321,12.185,7.054
11/19/2020 0:00,0.0056,0.0094,0.355,20.456,10.619
11/20/2020 0:00,0.0043,0.0096,0.326,25.496,13.325
11/21/2020 0:00,0.0027,0.0084,0.264,13.087,8.112
11/22/2020 0:00,0.0032,0.0089,0.256,16.351,10.9
11/23/2020 0:00,0.0035,0.0078,0.265,14.579,7.373
11/24/2020 0:00,0.0025,0.0082,0.51,11.709,5.564
11/25/2020 0:00,0.0031,0.011,0.457,11.001,6.173
11/26/2020 0:00,0.0044,0.0109,0.495,23.411,10.937
11/27/2020 0:00,0.0026,0.0128,0.386,10.902,4.149
11/28/2020 0:00,0.0036,0.0208,0.381,11.768,4.83
11/29/2020 0:00,0.0045,0.0099,0.426,20.963,11.209
11/30/2020 0:00,0.0053,0.0092,0.418,23.538,11.293
,,,,,
December,,,,,
Date,No2_hourly,O3_hourly,Co_hourly,Pm10_hourly,Pm2.5_hourly
12/1/2020 0:00,0.0047,0.0125,0.413,21.887,11.761
12/2/2020 0:00,0.0069,0.0068,0.48,20.799,10.6
12/3/2020 0:00,0.0097,0.0084,0.569,32.825,17.324
12/4/2020 0:00,0.0066,0.0087,0.415,28.866,14.822
12/5/2020 0:00,0.0036,0.0065,0.34,18.994,9.662
12/6/2020 0:00,0.0028,0.0111,0.307,13.825,5.634
12/7/2020 0:00,0.0032,0.0123,0.322,13.702,6.027
12/8/2020 0:00,0.0047,0.0096,0.35,20.675,9.121
12/9/2020 0:00,0.0053,0.0077,0.336,13.172,6.718
12/10/2020 0:00,0.0058,0.0097,0.416,23.82,11.76
12/11/2020 0:00,0.0049,0.0079,0.35,18.693,8.619
12/12/2020 0:00,0.0042,0.0082,0.315,14.23,6.714
12/13/2020 0:00,0.0031,0.008,0.293,12.77,6.91
12/14/2020 0:00,0.0049,0.0092,0.304,12.307,6.337
12/15/2020 0:00,0.0057,0.0097,0.352,24.705,11.991
12/16/2020 0:00,0.0054,0.011,0.34,16.57,9.474
12/17/2020 0:00,0.0054,0.0107,0.349,19.979,9.953
12/18/2020 0:00,0.005,0.0064,0.353,16.513,8.369
12/19/2020 0:00,0.0031,0.009,0.283,12.691,6.363
12/20/2020 0:00,0.0037,0.0095,0.31,15.994,7.155
12/21/2020 0:00,0.0042,0.008,0.321,13.791,5.292
12/22/2020 0:00,0.0044,0.0116,0.365,13.625,5.235
12/23/2020 0:00,0.0085,0.0158,0.565,31.63,15.242
12/24/2020 0:00,0.0058,0.0185,0.504,24.954,15.357
12/25/2020 0:00,0.0057,0.013,0.423,18.58,10.451
12/26/2020 0:00,0.0054,0.013,0.385,19.064,9.709
12/27/2020 0:00,0.004,0.0101,0.343,19.186,10.427
12/28/2020 0:00,0.0042,0.0106,0.344,17.516,8.892
12/29/2020 0:00,0.0052,0.0095,0.383,17.133,8.59
12/30/2020 0:00,0.0059,0.0118,0.398,18.588,9.745
12/31/2020 0:00,0.0031,0.0134,0.364,14.073,6.74
,,,,,
,,,,,
2021,,,,,
January,,,,,
Date,No2_hourly,O3_hourly,Co_hourly,Pm10_hourly,Pm2.5_hourly
1/1/2021 0:00,0.0042,0.014,0.369,15.027,7.595
1/2/2021 0:00,0.0027,0.0168,0.353,10.432,5.791
1/3/2021 0:00,0.0032,0.0127,0.353,10.142,5.693
1/4/2021 0:00,0.005,0.0108,0.421,15.208,7.465
1/5/2021 0:00,0.0045,0.0129,0.373,8.166,3.996
1/6/2021 0:00,0.0036,0.0131,0.365,12.496,7.123
1/7/2021 0:00,0.0076,0.0108,0.448,26.087,13.992
1/8/2021 0:00,0.0043,0.0131,0.361,12.592,7.126
1/9/2021 0:00,0.007,0.0064,0.426,19.259,11.223
1/10/2021 0:00,0.0048,0.0098,0.392,17.101,8.616
1/11/2021 0:00,0.0033,0.0109,0.339,10.799,4.646
1/12/2021 0:00,0.0048,0.0159,0.376,15.381,7.454
1/13/2021 0:00,0.0046,0.0149,0.419,16.998,7.095
1/14/2021 0:00,0.0038,0.0107,0.408,11.86,5.158
1/15/2021 0:00,0.0035,0.0148,0.404,13.207,6.264
1/16/2021 0:00,0.0025,0.017,0.358,9.731,4.877
1/17/2021 0:00,0.0026,0.0192,0.36,14.977,7.627
1/18/2021 0:00,0.003,0.0181,0.337,16.896,7.995
1/19/2021 0:00,0.0032,0.0222,0.319,8.803,3.791
1/20/2021 0:00,0.0031,0.015,0.299,6.083,3.73
1/21/2021 0:00,0.0032,0.018,0.297,6.342,3.519
1/22/2021 0:00,0.0044,0.0146,0.347,12.219,7.475
1/23/2021 0:00,0.0053,0.0116,0.356,15.483,8.534
1/24/2021 0:00,0.0038,0.0141,0.369,21.293,12.414
1/25/2021 0:00,0.0045,0.0148,0.42,19.845,13.151
1/26/2021 0:00,0.0036,0.0156,0.347,11.249,6.612
1/27/2021 0:00,0.0031,0.0155,0.302,9.213,5.572
1/28/2021 0:00,0.006,0.0133,0.338,10.171,6.623
1/29/2021 0:00,0.0031,0.0151,0.325,12.624,7.964
1/30/2021 0:00,0.0032,0.0172,0.313,11.222,4.921
1/31/2021 0:00,0.0041,0.0211,0.391,16.021,9.542
,,,,,
February,,,,,
Date,No2_hourly,O3_hourly,Co_hourly,Pm10_hourly,Pm2.5_hourly
2/1/2021 0:00,0.0037,0.0166,0.372,9.65,5.626
2/2/2021 0:00,0.0046,0.0183,0.361,12.527,6.547
2/3/2021 0:00,0.0029,0.0223,0.316,12.091,5.725
2/4/2021 0:00,0.0035,0.0199,0.329,8.53,5.379
2/5/2021 0:00,0.0031,0.0174,0.314,12.979,5.897
2/6/2021 0:00,0.0035,0.0139,0.335,15.37,8.629
2/7/2021 0:00,0.0039,0.0127,0.315,10.507,7.304
2/8/2021 0:00,0.0057,0.0122,0.334,10.979,6.93
2/9/2021 0:00,0.0045,0.0138,0.376,23.182,12.007
2/10/2021 0:00,0.0026,0.0144,0.306,13.701,8.042
2/11/2021 0:00,0.0032,0.0099,0.312,13.829,8.43
2/12/2021 0:00,0.0024,0.0116,0.327,37.517,28.851
2/13/2021 0:00,0.0027,0.0207,0.387,12.582,6.801
2/14/2021 0:00,0.0038,0.019,0.434,21.773,12.256
2/15/2021 0:00,0.0039,0.0173,0.454,31.526,16.682
2/16/2021 0:00,0.0025,0.0201,0.349,20.295,10.37
2/17/2021 0:00,0.0027,0.0182,0.317,15.683,9.446
2/18/2021 0:00,0.0044,0.0128,0.324,14.176,8.547
2/19/2021 0:00,0.0029,0.0187,0.293,20.904,10.968
2/20/2021 0:00,0.0033,0.0202,0.307,23.583,12.704
2/21/2021 0:00,0.0036,0.0238,0.346,26.751,13.401
2/22/2021 0:00,0.0036,0.0243,0.325,24.566,13.675
2/23/2021 0:00,0.0059,0.0177,0.453,34.506,19.934
2/24/2021 0:00,0.0055,0.015,0.386,35.278,18.249
2/25/2021 0:00,0.0044,0.0172,0.378,33.608,16.952
2/26/2021 0:00,0.0054,0.0116,0.419,36.484,19.96
2/27/2021 0:00,0.004,0.0127,0.34,22.688,12.33
2/28/2021 0:00,0.0038,0.0201,0.328,19.026,14.333
,,,,,
March,,,,,
Date,No2_hourly,O3_hourly,Co_hourly,Pm10_hourly,Pm2.5_hourly
3/1/2021 0:00,0.005,0.0199,0.375,23.105,15.915
3/2/2021 0:00,0.0051,0.0149,0.386,26.68,16.479
3/3/2021 0:00,0.0028,0.0156,0.269,16.625,8.634
3/4/2021 0:00,0.0037,0.0161,0.248,14.663,7.647
3/5/2021 0:00,0.0046,0.0159,0.276,15.884,8.839
3/6/2021 0:00,0.0036,0.0158,0.323,25.103,13.388
3/7/2021 0:00,0.0022,0.0188,0.301,20.632,10.538
3/8/2021 0:00,0.0031,0.0216,0.318,17.045,10.121
3/9/2021 0:00,0.0046,0.013,0.344,16.443,10.426
3/10/2021 0:00,0.0042,0.013,0.301,15.363,7.243
3/11/2021 0:00,0.0049,0.014,0.397,21.525,12.095
3/12/2021 0:00,0.0038,0.0154,0.4,24.471,11.994
3/13/2021 0:00,0.0037,0.0159,0.352,12.158,7.359
3/14/2021 0:00,0.0032,0.015,0.477,25.221,15.579
3/15/2021 0:00,0.0033,0.0145,0.433,26.632,14.078
3/16/2021 0:00,0.0056,0.0116,0.433,25.103,13.682
3/17/2021 0:00,0.0036,0.0135,0.423,23.763,12.329
3/18/2021 0:00,0.0037,0.0114,0.371,11.625,6.74
3/19/2021 0:00,0.0033,0.0162,0.341,14.16,7.299
3/20/2021 0:00,0.0035,0.0117,0.384,14.675,8.646
3/21/2021 0:00,0.0026,0.0136,0.345,18.632,10.447
3/22/2021 0:00,0.0034,0.0113,0.335,17.37,9.859
3/23/2021 0:00,0.0049,0.0103,0.347,18.101,8.721
3/24/2021 0:00,0.0045,0.0143,0.404,25.215,12.885
3/25/2021 0:00,0.0026,0.0121,0.292,9.549,4.993
3/26/2021 0:00,0.0046,0.0173,0.349,16.975,8.917
3/27/2021 0:00,0.0036,0.0108,0.322,13.778,7.847
3/28/2021 0:00,0.0034,0.0165,0.327,19.392,11.716
3/29/2021 0:00,0.0047,0.0103,0.32,17.59,8.859
3/30/2021 0:00,0.0061,0.0121,0.358,26.988,13.334
3/31/2021 0:00,0.0062,0.0089,0.389,31.158,15.291
,,,,,
April,,,,,
Date,No2_hourly,O3_hourly,Co_hourly,Pm10_hourly,Pm2.5_hourly
4/1/2021 0:00,0.007,0.0119,0.392,29.972,14.41
4/2/2021 0:00,0.0046,0.0191,0.319,21.671,12.111
4/3/2021 0:00,0.0064,0.0139,0.413,27.904,15.567
4/4/2021 0:00,0.0047,0.0191,0.353,21.665,13.727
4/5/2021 0:00,0.0042,0.0173,0.324,15.457,8.911
4/6/2021 0:00,0.0053,0.0227,0.34,19.215,10.134
4/7/2021 0:00,0.0073,0.0162,0.427,31.733,17.338
4/8/2021 0:00,0.0057,0.0183,0.395,23.188,12.532
4/9/2021 0:00,0.0069,0.0206,0.507,38.401,22.736
4/10/2021 0:00,0.0067,0.0206,0.496,48.134,31.031
4/11/2021 0:00,0.0039,0.0166,0.319,14.564,8.708
4/12/2021 0:00,0.0065,0.0182,0.349,21.355,12.414
4/13/2021 0:00,0.0049,0.0227,0.363,27.06,15.46
4/14/2021 0:00,0.0066,0.0179,0.401,33.339,20.536
4/15/2021 0:00,0.006,0.0118,0.361,25.79,15.171
4/16/2021 0:00,0.0055,0.0136,0.371,29.617,17.006
4/17/2021 0:00,0.0056,0.0133,0.373,30.738,19.046
4/18/2021 0:00,0.0056,0.0093,0.26,19.059,11.725
4/19/2021 0:00,0.0041,0.0145,0.265,18.318,8.391
4/20/2021 0:00,0.0057,0.0174,0.41,30.387,16.614
4/21/2021 0:00,0.0061,0.0179,0.434,34.919,20.658
4/22/2021 0:00,0.0069,0.0207,0.505,32.642,20.503
4/23/2021 0:00,0.003,0.0192,0.414,22.898,15.046
4/24/2021 0:00,0.0038,0.0208,0.397,29.485,17.592
4/25/2021 0:00,0.0039,0.0184,0.422,31.715,21.952
4/26/2021 0:00,0.0054,0.0208,0.43,36.815,22.519
4/27/2021 0:00,0.0052,0.0168,0.361,24.671,16.721
4/28/2021 0:00,0.0045,0.0177,0.325,18.519,11.621
4/29/2021 0:00,0.0054,0.0188,0.386,28.013,18.967
4/30/2021 0:00,0.0031,0.0193,0.292,12.813,7.602
,,,,,
May,,,,,
Date,No2_hourly,O3_hourly,Co_hourly,Pm10_hourly,Pm2.5_hourly
5/1/2021 0:00,0.004,0.0148,0.339,17.161,10.999
5/2/2021 0:00,0.0027,0.0197,0.307,16.429,10.446
5/3/2021 0:00,0.0032,0.0154,0.301,12.442,7.168
5/4/2021 0:00,0.0044,0.0141,0.371,26.908,14.727
5/5/2021 0:00,0.0026,0.0156,0.267,9.807,5.43
5/6/2021 0:00,0.0044,0.015,0.333,12.172,6.619
5/7/2021 0:00,0.0044,0.0105,0.44,15.531,7.702
5/8/2021 0:00,0.0037,0.0139,0.465,23.459,12.174
5/9/2021 0:00,0.0033,0.0122,0.418,16.361,9.074
5/10/2021 0:00,0.0039,0.0124,0.448,24.738,11.865
5/11/2021 0:00,0.0051,0.0169,0.614,37.322,21.764
5/12/2021 0:00,0.0025,0.0235,0.541,20.258,13.898
5/13/2021 0:00,0.0034,0.013,0.821,23.159,14.84
5/14/2021 0:00,0.0022,0.0131,0.563,15.995,9.231
5/15/2021 0:00,0.003,0.015,0.504,19.132,12.812
5/16/2021 0:00,0.0048,0.0157,0.511,24.828,17.379
5/17/2021 0:00,0.0057,0.0134,0.509,26.073,16.403
5/18/2021 0:00,0.0041,0.0109,0.438,19.29,11.157
5/19/2021 0:00,0.0038,0.0109,0.486,15.293,8.009
5/20/2021 0:00,0.0045,0.0161,0.271,11.266,6.646
5/21/2021 0:00,0.0058,0.0105,0.381,22.085,11.993
5/22/2021 0:00,0.0039,0.0168,0.279,21.42,11.911
5/23/2021 0:00,0.0031,0.013,0.212,12.729,8.384
5/24/2021 0:00,0.0053,0.0084,0.314,29.29,15.79
5/25/2021 0:00,0.0058,0.0189,0.272,34.583,20.412
5/26/2021 0:00,0.0037,0.0164,0.189,28.527,17.848
5/27/2021 0:00,0.0042,0.0161,0.196,32.908,19.199
5/28/2021 0:00,0.0055,0.0086,0.415,25.679,16.614
5/29/2021 0:00,0.0044,0.0102,0.349,24.543,14.372
5/30/2021 0:00,0.0047,0.0134,0.406,28.284,18.22
5/31/2021 0:00,0.0047,0.0186,0.387,28.769,19.7
,,,,,
June,,,,,
Date,No2_hourly,O3_hourly,Co_hourly,Pm10_hourly,Pm2.5_hourly
6/1/2021 0:00,0.0046,0.011,0.443,35.059,26.49
6/2/2021 0:00,0.0026,0.0101,0.394,22.582,15.611
6/3/2021 0:00,0.0038,0.0163,0.442,27.155,17.186
6/4/2021 0:00,0.002,0.0139,0.318,16.168,11.165
6/5/2021 0:00,0.0036,0.0138,0.33,16.122,10.548
6/6/2021 0:00,0.0059,0.0146,0.428,28.333,18.71
6/7/2021 0:00,0.0037,0.0152,0.312,24.474,13.919
6/8/2021 0:00,0.0083,0.0052,0.484,31.722,19.454
6/9/2021 0:00,0.0038,0.0134,0.387,27.938,16.279
6/10/2021 0:00,0.0077,0.0117,0.489,38.852,24.259
6/11/2021 0:00,0.0039,0.0098,0.359,19.86,11.028
6/12/2021 0:00,0.004,0.0117,0.351,16.845,10.093
6/13/2021 0:00,0.0036,0.0146,0.375,22.462,15.002
6/14/2021 0:00,0.0044,0.0155,0.435,25.512,17.078
6/15/2021 0:00,0.0044,0.0157,0.366,28.166,17.282
6/16/2021 0:00,0.0028,0.015,0.304,22.788,11.729
6/17/2021 0:00,0.004,0.0182,0.27,14.539,9.322
6/18/2021 0:00,0.005,0.0118,0.34,20.734,13.31
6/19/2021 0:00,0.0039,0.0117,0.324,20.533,13.318
6/20/2021 0:00,0.0026,0.0095,0.242,14.987,8.609
6/21/2021 0:00,0.0054,0.0093,0.323,25.756,15.509
6/22/2021 0:00,0.0045,0.0099,0.425,27.836,16.574
6/23/2021 0:00,0.0057,0.0178,0.66,34.884,22.086
6/24/2021 0:00,0.0035,0.0138,0.456,22.805,13.91
6/25/2021 0:00,0.0047,0.0105,0.482,22.556,11.359
6/26/2021 0:00,0.0027,0.0175,0.411,14.788,9.302
6/27/2021 0:00,0.002,0.0127,0.36,7.715,4.601
6/28/2021 0:00,0.0036,0.011,0.42,12.075,7.465
6/29/2021 0:00,0.0054,0.0076,0.457,20.644,11.003
6/30/2021 0:00,0.0059,0.009,0.425,23.163,11.588
,,,,,
July,,,,,
Date,No2_hourly,O3_hourly,Co_hourly,Pm10_hourly,Pm2.5_hourly
7/1/2021 0:00,0.0033,0.0092,0.379,11.719,6.468
7/2/2021 0:00,0.0068,0.0109,0.443,19.597,9.979
7/3/2021 0:00,0.0077,0.0127,0.583,42.111,22.963
7/4/2021 0:00,0.0056,0.0104,0.492,29.3,17.137
7/5/2021 0:00,0.0045,0.0089,0.453,24.359,13.047
7/6/2021 0:00,0.0038,0.0129,0.388,18.91,10.243
7/7/2021 0:00,0.004,0.0136,0.396,18.75,11.589
7/8/2021 0:00,0.0042,0.0137,0.384,16.214,9.599
7/9/2021 0:00,0.0044,0.0139,0.417,19.479,11.503
7/10/2021 0:00,0.0041,0.0149,0.4,22.885,12.717
7/11/2021 0:00,0.003,0.0115,0.509,12.793,7.544
7/12/2021 0:00,0.003,0.0072,0.415,10.119,5.775
7/13/2021 0:00,0.0029,0.0085,0.412,13.604,7.234
7/14/2021 0:00,0.0027,0.0094,0.374,8.269,4.879
7/15/2021 0:00,0.0044,0.0106,0.406,17.285,8.674
7/16/2021 0:00,0.0056,0.0197,0.486,28.578,16.19
7/17/2021 0:00,0.007,0.0151,0.617,41.849,27.428
7/18/2021 0:00,0.0053,0.0116,0.497,31.985,20.896
7/19/2021 0:00,0.0053,0.0117,0.523,35.436,23.505
7/20/2021 0:00,0.0052,0.0125,0.496,35.238,23.173
7/21/2021 0:00,0.005,0.0123,0.445,29.851,19.111
7/22/2021 0:00,0.0057,0.0105,0.393,21.385,13.893
7/23/2021 0:00,0.0057,0.0108,0.529,33.921,21.839
7/24/2021 0:00,0.0065,0.0126,0.435,33.978,21.577
7/25/2021 0:00,0.0039,0.0121,0.43,29.084,19.201
7/26/2021 0:00,0.0049,0.013,0.513,37.974,26.571
7/27/2021 0:00,0.0064,0.0119,0.514,44.787,32.626
7/28/2021 0:00,0.0056,0.0139,0.452,43.525,26.315
7/29/2021 0:00,0.0036,0.015,0.416,32.993,21.182
7/30/2021 0:00,0.0054,0.0086,0.483,24.481,14.287
7/31/2021 0:00,0.0055,0.0092,0.557,44.024,27.691
,,,,,
August,,,,,
Date,No2_hourly,O3_hourly,Co_hourly,Pm10_hourly,Pm2.5_hourly
8/1/2021 0:00,0.0048,0.0075,0.487,31.87,21.636
8/2/2021 0:00,0.0037,0.0074,0.421,19.433,12.853
8/3/2021 0:00,0.0045,0.0064,0.462,19.669,12.513
8/4/2021 0:00,0.0049,0.0106,0.515,33.908,19.016
8/5/2021 0:00,0.0056,0.0066,0.49,27.698,15.119
8/6/2021 0:00,0.0062,0.0163,0.506,28.793,16.345
8/7/2021 0:00,0.0048,0.0139,0.508,32.548,22.573
8/8/2021 0:00,0.0031,0.0132,0.394,25.996,17.471
8/9/2021 0:00,0.0061,0.0134,0.463,29.814,17.732
8/10/2021 0:00,0.0071,0.0066,0.609,40.568,26.565
8/11/2021 0:00,0.0045,0.0142,0.521,30.118,19.537
8/12/2021 0:00,0.0037,0.0107,0.395,15.359,9.012
8/13/2021 0:00,0.0042,0.0078,0.356,12.705,6.629
8/14/2021 0:00,0.0034,0.0074,0.344,14.832,8.847
8/15/2021 0:00,0.0024,0.0137,0.312,12.175,7.83
8/16/2021 0:00,0.0041,0.0126,0.349,15.513,9.073
8/17/2021 0:00,0.0033,0.0073,0.342,15.507,8.967
8/18/2021 0:00,0.0026,0.0076,0.304,8.102,4.767
8/19/2021 0:00,0.0027,0.0081,0.311,14.748,7.154
8/20/2021 0:00,0.0038,0.0066,0.355,21.325,10.816
8/21/2021 0:00,0.0032,0.0077,0.257,11.883,6.886
8/22/2021 0:00,0.0025,0.0075,0.202,9.882,5.454
8/23/2021 0:00,0.0041,0.0066,0.274,14.747,7.962
8/24/2021 0:00,0.0059,0.0107,0.401,23.572,13.568
8/25/2021 0:00,0.0048,0.0077,0.367,24.216,14.149
8/26/2021 0:00,0.0048,0.0076,0.275,15.49,7.435
8/27/2021 0:00,0.0047,0.0135,0.285,22.74,11.158
8/28/2021 0:00,0.0072,0.0097,0.369,32.017,19.39
8/29/2021 0:00,0.0031,0.0105,0.238,14.658,7.351
8/30/2021 0:00,0.0026,0.0104,0.195,7.503,4.511
8/31/2021 0:00,0.0029,0.0102,0.23,11.196,6.228
,,,,,
September,,,,,
Date,No2_hourly,O3_hourly,Co_hourly,Pm10_hourly,Pm2.5_hourly
9/1/2021 0:00,0.0032,0.0119,0.243,12.127,6.949
9/2/2021 0:00,0.0029,0.0086,0.202,10.498,5.239
9/3/2021 0:00,0.004,0.0078,0.242,10.834,5.587
9/4/2021 0:00,0.004,0.0097,0.27,16.291,9.082
9/5/2021 0:00,0.0047,0.0171,0.312,28.922,17.683
9/6/2021 0:00,0.0057,0.0117,0.419,31.964,19.261
9/7/2021 0:00,0.0035,0.0091,0.379,18.909,10.782
9/8/2021 0:00,0.0036,0.0077,0.368,11.575,6.966
9/9/2021 0:00,0.0063,0.008,0.435,20.9,12.741
9/10/2021 0:00,0.0055,0.0095,0.535,32.994,19.083
9/11/2021 0:00,0.0054,0.01,0.408,20.409,11.308
9/12/2021 0:00,0.0053,0.0162,0.508,31.054,19.592
9/13/2021 0:00,0.0049,0.0075,0.425,19.678,10.813
9/14/2021 0:00,0.0027,0.0071,0.372,15.706,8.238
9/15/2021 0:00,0.004,0.0057,0.323,10.418,5.689
9/16/2021 0:00,0.0044,0.0099,0.345,15.997,8.479
9/17/2021 0:00,0.0055,0.0132,0.38,24.481,15.183
9/18/2021 0:00,0.0058,0.0108,0.393,29.155,17.121
9/19/2021 0:00,0.0041,0.0091,0.328,16.353,9.056
9/20/2021 0:00,0.006,0.0058,0.331,14.203,8.333
9/21/2021 0:00,0.005,0.0104,0.3,19.97,10.294
9/22/2021 0:00,0.0061,0.0097,0.399,27.376,15.599
9/23/2021 0:00,0.0065,0.0084,0.394,27.456,15.313
9/24/2021 0:00,0.0069,0.012,0.407,38.398,21.644
9/25/2021 0:00,0.0049,0.013,0.348,29.493,17.607
9/26/2021 0:00,0.0043,0.0092,0.331,21.709,13.462
9/27/2021 0:00,0.0043,0.0091,0.275,18.879,11.538
9/28/2021 0:00,0.0035,0.0086,0.323,16.683,9.748
9/29/2021 0:00,0.0046,0.0069,0.348,21.599,13.67
9/30/2021 0:00,0.0038,0.0096,0.339,19.572,11.513
,,,,,
October,,,,,
Date,No2_hourly,O3_hourly,Co_hourly,Pm10_hourly,Pm2.5_hourly
10/1/2021 0:00,0.0026,0.0093,0.269,12.375,8.138
10/2/2021 0:00,0.0029,0.012,0.198,8.55,5.049
10/3/2021 0:00,0.0038,0.0107,0.317,18.274,10.52
10/4/2021 0:00,0.0057,0.0069,0.297,15.803,9.291
10/5/2021 0:00,0.0048,0.0089,0.29,19.249,11.441
10/6/2021 0:00,0.0067,0.0047,0.348,22.592,14.601
10/7/2021 0:00,0.0058,0.0084,0.332,25.289,17.02
10/8/2021 0:00,0.0068,0.0059,0.397,34.549,25.046
10/9/2021 0:00,0.0038,0.0128,0.389,21.534,13.544
10/10/2021 0:00,0.0034,0.0136,0.455,27.572,18.972
10/11/2021 0:00,0.0048,0.0097,0.472,30.327,19.285
10/12/2021 0:00,0.0056,0.0112,0.459,24.328,15.525
10/13/2021 0:00,0.004,0.0163,0.548,33.35,24.666
10/14/2021 0:00,0.0043,0.0152,0.62,29.26,23.228
10/15/2021 0:00,0.0078,0.0142,0.731,38.784,28.65
10/16/2021 0:00,0.0069,0.0097,0.714,33.717,26.454
10/17/2021 0:00,0.0039,0.0065,0.49,17.341,12.216
10/18/2021 0:00,0.0045,0.0089,0.498,17.749,11.323
10/19/2021 0:00,0.0028,0.0072,0.466,13.949,8.028
10/20/2021 0:00,0.0036,0.005,0.443,7.953,4.888
10/21/2021 0:00,0.0029,0.0071,0.466,18.268,10.28
10/22/2021 0:00,0.0028,0.0088,0.41,11.205,6.357
10/23/2021 0:00,0.0035,0.0076,0.433,14.991,8.638
10/24/2021 0:00,0.0028,0.0025,0.413,10.357,5.26
10/25/2021 0:00,0.0045,0.0053,0.45,21.346,11.673
10/26/2021 0:00,0.0083,0.0009,0.577,31.673,18.281
10/27/2021 0:00,0.005,0.0119,0.595,27.464,15.591
10/28/2021 0:00,0.0044,0.0092,0.535,16.818,9.645
10/29/2021 0:00,0.004,0.0083,0.526,12.714,6.693
10/30/2021 0:00,0.0047,0.0059,0.593,24.031,13.413
10/31/2021 0:00,0.0031,0.0091,0.567,17.494,9.864
,,,,,
November,,,,,
Date,No2_hourly,O3_hourly,Co_hourly,Pm10_hourly,Pm2.5_hourly
11/1/2021 0:00,0.0046,0.0098,0.605,21.298,12.255
11/2/2021 0:00,0.0051,0.0049,0.622,21.089,9.878
11/3/2021 0:00,0.0033,0.0084,0.556,16.381,8.783
11/4/2021 0:00,0.0036,0.0089,0.432,6.098,3.167
11/5/2021 0:00,0.0053,0.0074,0.514,23.832,12.828
11/6/2021 0:00,0.0039,0.0104,0.48,22.651,12.73
11/7/2021 0:00,0.0029,0.0088,0.391,13.943,7.741
11/8/2021 0:00,0.0039,0.0062,0.419,19.266,9.769
11/9/2021 0:00,0.0028,0.0092,0.355,12.875,6.358
11/10/2021 0:00,0.0035,0.008,0.37,11.117,5.44
11/11/2021 0:00,0.0028,0.0056,0.365,10.384,4.605
11/12/2021 0:00,0.0041,0.0073,0.464,23.481,12.249
11/13/2021 0:00,0.0028,0.0051,0.419,16.436,7.631
11/14/2021 0:00,0.004,0.0069,0.468,19.115,9.487
11/15/2021 0:00,0.0053,0.0104,0.537,27.382,14.915
11/16/2021 0:00,0.0071,0.01,0.586,35.91,20.399
11/17/2021 0:00,0.0074,0.0119,0.554,34.395,17.72
11/18/2021 0:00,0.0063,0.0135,0.619,30.488,18.097
11/19/2021 0:00,0.0044,0.0078,0.604,27.384,15.72
11/20/2021 0:00,0.0051,0.0085,0.58,20.728,12.355
11/21/2021 0:00,0.0039,0.0079,0.546,15.622,9.522
11/22/2021 0:00,0.0029,0.014,0.49,10.816,6.438
11/23/2021 0:00,0.0049,0.0107,0.542,13.391,8.243
11/24/2021 0:00,0.005,0.0072,0.534,11.48,6.687
11/25/2021 0:00,0.0043,0.0078,0.534,16.679,9.983
11/26/2021 0:00,0.0052,0.0065,0.523,15.004,8.698
11/27/2021 0:00,0.0053,0.0084,0.523,15.42,8.925
11/28/2021 0:00,0.0035,0.0061,0.484,13.003,7.338
11/29/2021 0:00,0.0076,0.0085,0.52,21.857,11.213
11/30/2021 0:00,0.0077,0.019,0.531,23.033,12.631
,,,,,
December,,,,,
Date,No2_hourly,O3_hourly,Co_hourly,Pm10_hourly,Pm2.5_hourly
12/1/2021 0:00,0.0073,0.0136,0.649,35.174,18.956
12/2/2021 0:00,0.0055,0.0113,0.563,29.328,16.432
12/3/2021 0:00,0.0061,0.0077,0.528,27.323,13.269
12/4/2021 0:00,0.0043,0.0086,0.451,13.965,6.846
12/5/2021 0:00,0.0033,0.0142,0.486,18.657,10.797
12/6/2021 0:00,0.0027,0.0139,0.436,12.073,5.967
12/7/2021 0:00,0.0046,0.0132,0.518,21.403,11.251
12/8/2021 0:00,0.0042,0.0137,0.514,21.175,12.564
12/9/2021 0:00,0.0058,0.0105,0.541,22.632,13.599
12/10/2021 0:00,0.0044,0.0098,0.516,15.695,8.458
12/11/2021 0:00,0.0041,0.01,0.535,15.643,8.733
12/12/2021 0:00,0.0034,0.0115,0.527,16.916,9.533
12/13/2021 0:00,0.0043,0.0055,0.536,14.53,7.333
12/14/2021 0:00,0.0051,0.0071,0.524,15.089,7.817
12/15/2021 0:00,0.0041,0.008,0.5,15.519,7.722
12/16/2021 0:00,0.0049,0.009,0.354,15.277,9.161
12/17/2021 0:00,0.0034,0.0134,0.314,13.889,7.92
12/18/2021 0:00,0.0043,0.013,0.304,14.6,7.955
12/19/2021 0:00,0.0023,0.01,0.251,14.205,6.769
12/20/2021 0:00,0.0045,0.0077,0.334,16.209,7.996
12/21/2021 0:00,0.0069,0.0107,0.484,32.275,18.972
12/22/2021 0:00,0.0066,0.0083,0.406,29.874,19.886
12/23/2021 0:00,0.0051,0.0137,0.331,29.35,17.015
12/24/2021 0:00,0.0072,0.0121,0.366,29.759,17.345
12/25/2021 0:00,0.0053,0.0125,0.298,19.43,11.79
12/26/2021 0:00,0.0039,0.013,0.324,22.506,12.79
12/27/2021 0:00,0.0055,0.0088,0.424,14.994,8.457
12/28/2021 0:00,0.0064,0.0086,0.536,27.791,16.418
12/29/2021 0:00,0.0046,0.0107,0.479,22.202,12.27
12/30/2021 0:00,0.0032,0.0141,0.39,16.023,9.079
12/31/2021 0:00,0.0046,0.0171,0.447,21.906,13.73
,,,,,
,,,,,
2022,,,,,
January,,,,,
Date,No2_hourly,O3_hourly,Co_hourly,Pm10_hourly,Pm2.5_hourly
1/1/2022 0:00,0.0032,0.0135,0.383,19.975,12.148
1/2/2022 0:00,0.0032,0.0186,0.297,10.924,6.746
1/3/2022 0:00,0.0048,0.0128,0.375,19.467,11.284
1/4/2022 0:00,0.005,0.0103,0.354,16.816,9.6
1/5/2022 0:00,0.0044,0.012,0.348,16.89,9.733
1/6/2022 0:00,0.0051,0.0126,0.36,16.512,9.424
1/7/2022 0:00,0.0064,0.0116,0.439,17.891,11.328
1/8/2022 0:00,0.0033,0.0105,0.348,10.301,5.86
1/9/2022 0:00,0.0039,0.013,0.389,21.494,13.465
1/10/2022 0:00,0.0054,0.0096,0.377,14.918,8.237
1/11/2022 0:00,0.0042,0.0108,0.345,21.225,11.712
1/12/2022 0:00,0.0031,0.0112,0.356,20.289,12.124
1/13/2022 0:00,0.0026,0.0143,0.414,10.004,6.336
1/14/2022 0:00,0.0038,0.0123,0.485,28.001,21.26
1/15/2022 0:00,0.0031,0.0142,0.489,24.402,14.916
1/16/2022 0:00,0.0024,0.0152,0.482,17.868,9.637
1/17/2022 0:00,0.004,0.0124,0.518,21.442,11.182
1/18/2022 0:00,0.0033,0.0161,0.448,16.858,9.417
1/19/2022 0:00,0.0033,0.0161,0.442,15.96,9.051
1/20/2022 0:00,0.0052,0.0109,0.483,20.16,12.607
1/21/2022 0:00,0.005,0.0108,0.423,10.59,6.599
1/22/2022 0:00,0.0048,0.0122,0.452,21.142,12.803
1/23/2022 0:00,0.0038,0.0107,0.495,26.765,17.959
1/24/2022 0:00,0.0064,0.0046,0.422,11.709,7.397
1/25/2022 0:00,0.0065,0.0083,0.467,20.079,11.914
1/26/2022 0:00,0.0057,0.0054,0.471,18.453,12.355
1/27/2022 0:00,0.0051,0.0067,0.453,17.167,9.873
1/28/2022 0:00,0.004,0.008,0.463,21.12,11.378
1/29/2022 0:00,0.0025,0.0163,0.406,16.736,10.435
1/30/2022 0:00,0.0038,0.0107,0.424,21.066,12.57
1/31/2022 0:00,0.0029,0.0121,0.425,19.355,11.411
,,,,,
February,,,,,
Date,No2_hourly,O3_hourly,Co_hourly,Pm10_hourly,Pm2.5_hourly
2/1/2022 0:00,0.0043,0.0094,0.409,24.849,19.565
2/2/2022 0:00,0.0035,0.0113,0.43,20.677,12.256
2/3/2022 0:00,0.0032,0.0122,0.391,22.052,13.193
2/4/2022 0:00,0.0052,0.0091,0.44,29.172,17.042
2/5/2022 0:00,0.0031,0.0122,0.393,22.116,12.357
2/6/2022 0:00,0.0043,0.0074,0.41,25.152,13.998
2/7/2022 0:00,0.004,0.0082,0.379,18.443,9.999
2/8/2022 0:00,0.0032,0.0105,0.348,13.577,7.685
2/9/2022 0:00,0.0043,0.0147,0.424,25.886,15.537
2/10/2022 0:00,0.0028,0.0127,0.393,21.33,12.107
2/11/2022 0:00,0.0032,0.0059,0.372,12.667,7.697
2/12/2022 0:00,0.0023,0.0097,0.377,8.156,4.673
2/13/2022 0:00,0.0029,0.0129,0.496,13.621,8.856
2/14/2022 0:00,0.0054,0.0069,0.667,31.789,20.377
2/15/2022 0:00,0.0032,0.0064,0.467,17.525,12.23
2/16/2022 0:00,0.0044,0.0074,0.534,23.081,13.211
2/17/2022 0:00,0.0036,0.0111,0.542,24.952,13.957
2/18/2022 0:00,0.005,0.0106,0.498,30.576,17.427
2/19/2022 0:00,0.0049,0.0122,0.543,40.398,25.538
2/20/2022 0:00,0.0025,0.0061,0.375,11.608,6.947
2/21/2022 0:00,0.0029,0.015,0.347,13.824,7.901
2/22/2022 0:00,0.0051,0.0132,0.436,23.177,13.473
2/23/2022 0:00,0.0038,0.0149,0.39,20.46,10.503
2/24/2022 0:00,0.004,0.0085,0.36,15.865,8.883
2/25/2022 0:00,0.004,0.0107,0.385,19.242,11.288
2/26/2022 0:00,0.0023,0.0141,0.35,17.57,9.822
2/27/2022 0:00,0.0027,0.0123,0.391,16.239,9.609
2/28/2022 0:00,0.0029,0.012,0.431,21.196,11.754
,,,,,
March,,,,,
Date,No2_hourly,O3_hourly,Co_hourly,Pm10_hourly,Pm2.5_hourly
3/1/2022 0:00,0.003,0.0114,0.445,21.117,11.432
3/2/2022 0:00,0.0029,0.0115,0.423,14.721,9.734
3/3/2022 0:00,0.0043,0.0137,0.493,22.994,15.301
3/4/2022 0:00,0.0031,0.0113,0.458,18.698,12.343
3/5/2022 0:00,0.0029,0.0059,0.462,12.904,9.384
3/6/2022 0:00,0.0034,0.012,0.491,18.217,12.822
3/7/2022 0:00,0.0034,0.0114,0.423,11.577,7.803
3/8/2022 0:00,0.0051,0.0122,0.507,22.996,17.35
3/9/2022 0:00,0.0044,0.0101,0.508,34.766,22.489
3/10/2022 0:00,0.0031,0.0153,0.464,26.556,17.118
3/11/2022 0:00,0.0045,0.0113,0.488,26.432,15.472
3/12/2022 0:00,0.0035,0.0097,0.408,21.119,13.563
3/13/2022 0:00,0.0027,0.0126,0.413,20.889,14.312
3/14/2022 0:00,0.003,0.0121,0.423,18.747,12.597
3/15/2022 0:00,0.0028,0.0044,0.388,15.175,10.136
3/16/2022 0:00,0.0032,0.0093,0.394,15.487,9.955
3/17/2022 0:00,0.0042,0.0106,0.458,24.685,17.354
3/18/2022 0:00,0.0039,0.0075,0.404,25.116,19.653
3/19/2022 0:00,0.0029,0.0051,0.288,15.871,9.939
3/20/2022 0:00,0.0033,0.0034,0.323,16.113,9.75
3/21/2022 0:00,0.0032,0.0084,0.304,21.339,13.412
3/22/2022 0:00,0.0032,0.0096,0.227,15.081,9.989
3/23/2022 0:00,0.0044,0.0129,0.283,24.902,15.743
3/24/2022 0:00,0.0044,0.0132,0.318,21.77,15.149
3/25/2022 0:00,0.0064,0.0188,0.459,34.418,23.104
3/26/2022 0:00,0.0044,0.0192,0.418,20.983,12.603
3/27/2022 0:00,0.0063,0.0049,0.58,34.713,22.606
3/28/2022 0:00,0.0029,0.0111,0.386,15.874,9.632
3/29/2022 0:00,0.0054,0.0134,0.486,29.846,18.029
3/30/2022 0:00,0.0043,0.0111,0.459,25.037,16.769
3/31/2022 0:00,0.0076,0.0071,0.512,29.063,19.044
,,,,,
April,,,,,
Date,No2_hourly,O3_hourly,Co_hourly,Pm10_hourly,Pm2.5_hourly
4/1/2022 0:00,0.0048,0.0157,0.464,20.411,12.767
4/2/2022 0:00,0.0032,0.0148,0.383,21.308,14.74
4/3/2022 0:00,0.0025,0.0226,0.336,14.039,10.873
4/4/2022 0:00,0.004,0.0109,0.417,24.756,16.173
4/5/2022 0:00,0.0045,0.0128,0.374,19.668,13.16
4/6/2022 0:00,0.0038,0.0078,0.343,18.497,11.15
4/7/2022 0:00,0.0034,0.0061,0.338,18.564,10.806
4/8/2022 0:00,0.0038,0.011,0.355,14.807,8.831
4/9/2022 0:00,0.0021,0.0115,0.431,13.202,8.092
4/10/2022 0:00,0.0022,0.0138,0.415,15.224,8.799
4/11/2022 0:00,0.0051,0.0102,0.576,28.026,17.108
4/12/2022 0:00,0.0048,0.0073,0.556,27.861,17.344
4/13/2022 0:00,0.006,0.0067,0.554,28.401,17.427
4/14/2022 0:00,0.006,0.0113,0.534,27.538,17.638
4/15/2022 0:00,0.005,0.0153,0.558,27.138,20.003
4/16/2022 0:00,0.0062,0.0161,0.619,39.475,28.084
4/17/2022 0:00,0.0057,0.0108,0.618,28.382,20.783
4/18/2022 0:00,0.0055,0.0125,0.649,29.811,21.15
4/19/2022 0:00,0.0091,0.0031,0.71,31.693,21.728
4/20/2022 0:00,0.005,0.0099,0.583,25.616,14.411
4/21/2022 0:00,0.0077,0.0105,0.677,32.131,20.613
4/22/2022 0:00,0.0055,0.0128,0.613,27.318,17.851
4/23/2022 0:00,0.0037,0.0141,0.523,17.703,11.665
4/24/2022 0:00,0.003,0.0088,0.502,12.243,7.459
4/25/2022 0:00,0.0055,0.0029,0.567,15.028,9.87
4/26/2022 0:00,0.0043,0.008,0.555,15.92,12.648
4/27/2022 0:00,0.0067,0.0037,0.628,19.781,11.908
4/28/2022 0:00,0.0044,0.0091,0.619,27.248,18.049
4/29/2022 0:00,0.0045,0.0104,0.605,25.323,14.514
4/30/2022 0:00,0.0051,0.0114,0.508,14.45,8.368
,,,,,
May,,,,,
Date,No2_hourly,O3_hourly,Co_hourly,Pm10_hourly,Pm2.5_hourly
5/1/2022 0:00,0.0035,0.0113,0.514,18.082,11.012
5/2/2022 0:00,0.0033,0.0155,0.512,18.339,13.04
5/3/2022 0:00,0.0029,0.0129,0.519,16.382,11.467
5/4/2022 0:00,0.0029,0.0109,0.485,14.15,8.752
5/5/2022 0:00,0.005,0.0079,0.519,17.539,11.012
5/6/2022 0:00,0.0042,0.0113,0.554,20.836,12.846
5/7/2022 0:00,0.003,0.0088,0.449,9.18,6.252
5/8/2022 0:00,0.0025,0.0073,0.468,11.872,6.796
5/9/2022 0:00,0.0041,0.0061,0.48,10.416,6.489
5/10/2022 0:00,0.0053,0.0069,0.485,19.385,10.155
5/11/2022 0:00,0.0045,0.0128,0.447,18.427,9.657
5/12/2022 0:00,0.0042,0.0078,0.246,14.543,8.987
5/13/2022 0:00,0.0031,0.0083,0.248,14.961,8.309
5/14/2022 0:00,0.0036,0.0078,0.297,15.178,8.611
5/15/2022 0:00,0.0041,0.0116,0.436,28.547,18.769
5/16/2022 0:00,0.0039,0.005,0.318,13.041,7.941
5/17/2022 0:00,0.0045,0.0081,0.405,24.011,16.047
5/18/2022 0:00,0.0067,0.0109,0.434,32.376,19.965
5/19/2022 0:00,0.0058,0.0121,0.474,37.005,25.183
5/20/2022 0:00,0.0076,0.0096,0.462,30.152,19.92
5/21/2022 0:00,0.0047,0.0102,0.297,21.288,12.205
5/22/2022 0:00,0.0037,0.0098,0.275,15.757,9.556
5/23/2022 0:00,0.0051,0.0152,0.341,25.641,15.425
5/24/2022 0:00,0.0051,0.0148,0.346,24.386,15.397
5/25/2022 0:00,0.0063,0.0084,0.428,27.388,16.311
5/26/2022 0:00,0.007,0.0038,0.395,25.14,15.289
5/27/2022 0:00,0.0046,0.0092,0.457,24.747,13.64
5/28/2022 0:00,0.0027,0.0142,0.4,16.771,8.751
5/29/2022 0:00,0.0045,0.0172,0.552,33.419,21.477
5/30/2022 0:00,0.005,0.0184,0.595,38.662,25.833
5/31/2022 0:00,0.0036,0.0239,0.519,31.535,21.556
,,,,,
June,,,,,
Date,No2_hourly,O3_hourly,Co_hourly,Pm10_hourly,Pm2.5_hourly
6/1/2022 0:00,0.0028,0.02,0.46,25.872,18.423
6/2/2022 0:00,0.0039,0.0138,0.427,14.709,9.464
6/3/2022 0:00,0.0078,0.008,0.608,41.943,25.765
6/4/2022 0:00,0.0041,0.0164,0.407,23.588,14.548
6/5/2022 0:00,0.0057,0.0169,0.446,25.36,16.891
6/6/2022 0:00,0.0057,0.0101,0.422,21.692,13.815
6/7/2022 0:00,0.0051,0.011,0.401,26.009,14.074
6/8/2022 0:00,0.0037,0.012,0.348,22.835,12.506
6/9/2022 0:00,0.0055,0.0084,0.368,25.849,14.135
6/10/2022 0:00,0.0043,0.0118,0.292,27.255,13.891
6/11/2022 0:00,0.0051,0.0106,0.275,20.406,10.685
6/12/2022 0:00,0.0038,0.0114,0.303,21.084,11.777
6/13/2022 0:00,0.0049,0.0086,0.311,16.137,8.995
6/14/2022 0:00,0.0049,0.0101,0.304,23.45,11.629
6/15/2022 0:00,0.0082,0.0107,0.454,38.446,20.695
6/16/2022 0:00,0.0048,0.0129,0.428,26.44,14.857
6/17/2022 0:00,0.0032,0.0125,0.349,15.69,8.686
6/18/2022 0:00,0.0025,0.0105,0.316,13.266,7.792
6/19/2022 0:00,0.0054,0.014,0.42,26.335,15.658
6/20/2022 0:00,0.0067,0.0072,0.436,26.194,14.759
6/21/2022 0:00,0.0038,0.0099,0.3,16.447,9.065
6/22/2022 0:00,0.0063,0.0161,0.344,25.073,13.876
6/23/2022 0:00,0.0038,0.0169,0.315,20.967,12.633
6/24/2022 0:00,0.005,0.016,0.305,17.186,10.955
6/25/2022 0:00,0.0034,0.0124,0.287,18.297,10.037
6/26/2022 0:00,0.0035,0.0145,0.349,17.58,10.235
6/27/2022 0:00,0.0067,0.0103,0.619,27.072,15.365
6/28/2022 0:00,0.0059,0.0081,0.504,28.636,16.022
6/29/2022 0:00,0.0059,0.0097,0.521,22.39,11.817
6/30/2022 0:00,0.0028,0.0127,0.468,17.036,9.183
,,,,,
July,,,,,
Date,No2_hourly,O3_hourly,Co_hourly,Pm10_hourly,Pm2.5_hourly
7/1/2022 0:00,0.0034,0.0098,0.526,20.591,10.087
7/2/2022 0:00,0.0039,0.0186,0.654,32.734,17.898
7/3/2022 0:00,0.0046,0.0177,0.602,24.93,15.809
7/4/2022 0:00,0.0043,0.0167,0.588,34.585,19.494
7/5/2022 0:00,0.0038,0.0136,0.538,35.627,18.638
7/6/2022 0:00,0.0039,0.0095,0.463,23.62,14.065
7/7/2022 0:00,0.0043,0.0109,0.694,26.38,16.914
7/8/2022 0:00,0.0052,0.0083,0.495,30.158,17.1
7/9/2022 0:00,0.0041,0.012,0.427,24.481,14.237
7/10/2022 0:00,0.0015,0.0145,0.319,21.449,10.633
7/11/2022 0:00,0.0027,0.0134,0.274,19.33,10.275
7/12/2022 0:00,0.0037,0.0117,0.307,21.648,9.871
7/13/2022 0:00,0.0048,0.0123,0.353,24.569,13.03
7/14/2022 0:00,0.0046,0.0153,0.294,21.716,11.512
7/15/2022 0:00,0.0068,0.0144,0.328,20.883,10.981
7/16/2022 0:00,0.0063,0.0222,0.542,38.256,20.745
7/17/2022 0:00,0.0044,0.0101,0.48,29.471,17.901
7/18/2022 0:00,0.004,0.0084,0.479,32.269,17.669
7/19/2022 0:00,0.0034,0.0139,0.462,31.703,17.272
7/20/2022 0:00,0.0053,0.022,0.49,33.15,21.707
7/21/2022 0:00,0.0034,0.018,0.441,28.923,19.241
7/22/2022 0:00,0.002,0.0168,0.295,13.79,8.639
7/23/2022 0:00,0.0032,0.0167,0.358,20.949,12.862
7/24/2022 0:00,0.0027,0.0151,0.348,20.944,13.552
7/25/2022 0:00,0.0043,0.009,0.385,23.663,13.833
7/26/2022 0:00,0.0036,0.0104,0.326,12.402,8.243
7/27/2022 0:00,0.0043,0.0129,0.292,8.93,4.96
7/28/2022 0:00,0.0061,0.0146,0.446,23.988,14.024
7/29/2022 0:00,0.0057,0.0153,0.535,29.529,18.775
7/30/2022 0:00,0.0059,0.0109,0.607,28.957,17.438
7/31/2022 0:00,0.0029,0.0104,0.456,13.738,8.108
,,,,,
August,,,,,
Date,No2_hourly,O3_hourly,Co_hourly,Pm10_hourly,Pm2.5_hourly
8/1/2022 0:00,0.0027,0.0128,0.498,15.328,8.12
8/2/2022 0:00,0.0036,0.016,0.584,16.104,9.204
8/3/2022 0:00,0.0029,0.0147,0.582,12.654,7.524
8/4/2022 0:00,0.0019,0.0083,0.601,7.775,4.427
8/5/2022 0:00,0.0027,0.0084,0.644,11.17,5.989
8/6/2022 0:00,0.0035,0.0082,0.789,13.488,6.644
8/7/2022 0:00,0.0031,0.0059,0.879,21.753,11.674
8/8/2022 0:00,0.0027,0.0092,0.883,22.486,12.513
8/9/2022 0:00,0.0061,0.0098,1.072,35.814,22.552
8/10/2022 0:00,0.0043,0.0173,1.081,30.417,18.433
8/11/2022 0:00,0.0044,0.0197,0.924,30.322,17.992
8/12/2022 0:00,0.0033,0.0184,0.884,23.442,15.927
8/13/2022 0:00,0.0044,0.0126,0.736,28.688,18.997
8/14/2022 0:00,0.0035,0.0109,0.649,16.689,9.805
8/15/2022 0:00,0.0062,0.0122,0.873,26.747,15.778
8/16/2022 0:00,0.0057,0.0128,0.924,27.279,15.127
8/17/2022 0:00,0.0045,0.0166,0.668,25.062,14.621
8/18/2022 0:00,0.005,0.0227,0.433,29.072,18.538
8/19/2022 0:00,0.005,0.0165,0.414,25.95,16.127
8/20/2022 0:00,0.0066,0.0134,0.474,29.839,19.116
8/21/2022 0:00,0.003,0.0197,0.331,11.045,7.772
8/22/2022 0:00,0.0039,0.0123,0.527,19.106,11.489
8/23/2022 0:00,0.0037,0.013,0.458,13.952,7.253
8/24/2022 0:00,0.0039,0.0142,0.493,21.329,11.937
8/25/2022 0:00,0.0037,0.011,0.41,10.903,6.995
8/26/2022 0:00,0.0026,0.0121,0.294,11.207,6.165
8/27/2022 0:00,0.0032,0.0111,0.302,14.825,8.409
8/28/2022 0:00,0.0023,0.0088,0.193,10.24,6.459
8/29/2022 0:00,0.0033,0.0083,0.235,14.988,8.465
8/30/2022 0:00,0.0028,0.0129,0.201,9.717,5.361
8/31/2022 0:00,0.0027,0.0075,0.163,9.36,5.894
,,,,,
September,,,,,
Date,No2_hourly,O3_hourly,Co_hourly,Pm10_hourly,Pm2.5_hourly
9/1/2022 0:00,0.0054,0.0092,0.248,16.701,8.989
9/2/2022 0:00,0.0057,0.0099,0.272,20.656,11.995
9/3/2022 0:00,0.0051,0.0065,0.312,26.808,14.01
9/4/2022 0:00,0.0048,0.0102,0.261,22.072,14.366
9/5/2022 0:00,0.0054,0.009,0.256,21.952,13.592
9/6/2022 0:00,0.0052,0.008,0.224,19.485,13.456
9/7/2022 0:00,0.0048,0.0127,0.275,21.024,13.761
9/8/2022 0:00,0.0048,0.0112,0.269,13.414,10.368
9/9/2022 0:00,0.0024,0.014,0.279,7.927,4.996
9/10/2022 0:00,0.0036,0.0116,0.323,10.902,8.098
9/11/2022 0:00,0.0041,0.0112,0.425,20.139,14.201
9/12/2022 0:00,0.0036,0.0132,0.364,17.197,11.681
9/13/2022 0:00,0.0027,0.0142,0.313,12.066,8.715
9/14/2022 0:00,0.0042,0.0081,0.341,11.141,8.063
9/15/2022 0:00,0.0038,0.0125,0.367,17.415,11.556
9/16/2022 0:00,0.0056,0.015,0.43,16.253,13.831
9/17/2022 0:00,0.0092,0.0116,0.538,26.373,17.629
9/18/2022 0:00,0.0036,0.0159,0.406,18.044,12.822
9/19/2022 0:00,0.0066,0.009,0.462,17.062,11.884
9/20/2022 0:00,0.0042,0.0127,0.383,13.171,9.21
9/21/2022 0:00,0.0068,0.0072,0.425,17.744,10.901
9/22/2022 0:00,0.0044,0.0134,0.464,22.785,15.728
9/23/2022 0:00,0.0071,0.0114,0.505,34.528,22.957
9/24/2022 0:00,0.0045,0.0101,0.421,17.736,12.19
9/25/2022 0:00,0.0027,0.0155,0.364,16.117,12.278
9/26/2022 0:00,0.0038,0.0113,0.373,14.028,10.37
9/27/2022 0:00,0.0043,0.0105,0.395,17.559,11.406
9/28/2022 0:00,0.004,0.0147,0.437,22.02,15.439
9/29/2022 0:00,0.0054,0.0121,0.394,16.733,10.916
9/30/2022 0:00,0.0032,0.0143,0.365,15.609,10.941
,,,,,
October,,,,,
Date,No2_hourly,O3_hourly,Co_hourly,Pm10_hourly,Pm2.5_hourly
10/1/2022 0:00,0.0025,0.0136,0.391,16.648,12.901
10/2/2022 0:00,0.0024,0.0107,0.311,7.87,5.857
10/3/2022 0:00,0.0022,0.0093,0.311,7.51,5.342
10/4/2022 0:00,0.0024,0.0087,0.329,7.47,6.099
10/5/2022 0:00,0.0036,0.0083,0.35,12.637,9.402
10/6/2022 0:00,0.0028,0.0099,0.343,9.878,7.943
10/7/2022 0:00,0.0021,0.0113,0.327,11.455,9.548
10/8/2022 0:00,0.0022,0.008,0.374,10.216,6.967
10/9/2022 0:00,0.0026,0.0085,0.327,7.52,3.765
10/10/2022 0:00,0.0033,0.0095,0.4,14.256,9.105
10/11/2022 0:00,0.0038,0.0101,0.398,14.165,8.604
10/12/2022 0:00,0.0036,0.0119,0.348,12.927,7.526
10/13/2022 0:00,0.0028,0.0138,0.308,12.453,7.371
10/14/2022 0:00,0.0048,0.0104,0.409,20.271,12.423
10/15/2022 0:00,0.0066,0.0096,0.476,25.547,17.193
10/16/2022 0:00,0.0042,0.0115,0.412,19.151,13.194
10/17/2022 0:00,0.0029,0.0131,0.343,13.431,9.194
10/18/2022 0:00,0.0033,0.0123,0.304,10.74,6.832
10/19/2022 0:00,0.0058,0.0084,0.417,20.202,12.557
10/20/2022 0:00,0.0044,0.0128,0.454,26.031,15.834
10/21/2022 0:00,0.0045,0.0152,0.498,19.072,13.448
10/22/2022 0:00,0.0028,0.0096,0.514,16.647,10.871
10/23/2022 0:00,0.0033,0.0105,0.526,13.918,9.748
10/24/2022 0:00,0.0033,0.0078,0.508,9.623,6.072
10/25/2022 0:00,0.0063,0.0055,0.633,18.143,12.206
10/26/2022 0:00,0.0033,0.0118,0.497,10.877,6.078
10/27/2022 0:00,0.004,0.0106,0.503,14.449,9.113
10/28/2022 0:00,0.0058,0.0092,0.592,27.073,18.762
10/29/2022 0:00,0.0035,0.0115,0.495,15.131,8.784
10/30/2022 0:00,0.0027,0.013,0.503,18.079,12.292
10/31/2022 0:00,0.0027,0.0124,0.405,19.589,11.147
,,,,,
November,,,,,
Date,No2_hourly,O3_hourly,Co_hourly,Pm10_hourly,Pm2.5_hourly
11/1/2022 0:00,0.0049,0.0106,0.372,13.401,7.902
11/2/2022 0:00,0.0063,0.0114,0.444,27.021,13.864
11/3/2022 0:00,0.0071,0.0178,0.549,37.328,25.441
11/4/2022 0:00,0.0053,0.0098,0.483,26.64,16.87
11/5/2022 0:00,0.0051,0.0119,0.42,20.267,11.933
11/6/2022 0:00,0.0035,0.0112,0.332,17.128,11.589
11/7/2022 0:00,0.0029,0.0116,0.321,13.005,8.326
11/8/2022 0:00,0.0027,0.0111,0.227,13.862,8.948
11/9/2022 0:00,0.004,0.0067,0.259,13.806,8.259
11/10/2022 0:00,0.0052,0.0085,0.316,19.762,12.392
11/11/2022 0:00,0.0059,0.0105,0.293,22.463,14.408
11/12/2022 0:00,0.0054,0.0089,0.323,24.418,16.592
11/13/2022 0:00,0.0035,0.0142,0.244,20.293,13.961
11/14/2022 0:00,0.0053,0.0068,0.275,18.743,13.179
11/15/2022 0:00,0.0041,0.0097,0.204,10.622,6.931
11/16/2022 0:00,0.0033,0.0132,0.282,14.928,9.867
11/17/2022 0:00,0.0034,0.0143,0.274,13.224,8.421
11/18/2022 0:00,0.0026,0.01,0.184,8.089,4.88
11/19/2022 0:00,0.003,0.0067,0.195,8.856,4.922
11/20/2022 0:00,0.0026,0.0125,0.21,10.733,6.663
11/21/2022 0:00,0.0049,0.0124,0.356,18.822,11.958
11/22/2022 0:00,0.0051,0.015,0.35,17.106,10.63
11/23/2022 0:00,0.0074,0.0184,0.472,34.658,21.419
11/24/2022 0:00,0.007,0.0105,0.321,17.261,11.078
11/25/2022 0:00,0.0051,0.0169,0.365,24.31,16.324
11/26/2022 0:00,0.0046,0.0158,0.199,10.487,7.043
11/27/2022 0:00,0.0047,0.0182,0.245,19.444,13.849
11/28/2022 0:00,0.0043,0.0177,0.263,18.347,12.828
11/29/2022 0:00,0.0083,0.0136,0.335,27.505,17.481
11/30/2022 0:00,0.0046,0.0118,0.242,19.793,13.255
,,,,,
December,,,,,
Date,No2_hourly,O3_hourly,Co_hourly,Pm10_hourly,Pm2.5_hourly
12/1/2022 0:00,0.0046,0.0128,0.181,10.164,7.343
12/2/2022 0:00,0.004,0.0144,0.196,13.823,10.652
12/3/2022 0:00,0.005,0.0088,0.194,11.481,6.791
12/4/2022 0:00,0.0042,0.0144,0.188,12.792,9.043
12/5/2022 0:00,0.0068,0.0154,0.361,33.03,21.078
12/6/2022 0:00,0.0057,0.0125,0.276,16.764,10.787
12/7/2022 0:00,0.0038,0.0134,0.269,15.285,10.267
12/8/2022 0:00,0.0053,0.0071,0.359,13.624,8.794
12/9/2022 0:00,0.0076,0.0088,0.505,33.354,19.73
12/10/2022 0:00,0.0057,0.0066,0.447,21.244,13.531
12/11/2022 0:00,0.0036,0.0116,0.424,24.398,15.349
12/12/2022 0:00,0.0049,0.0098,0.362,17.008,11.065
12/13/2022 0:00,0.0041,0.0187,0.308,11.775,7.83
12/14/2022 0:00,0.0054,0.0174,0.358,29.572,17.093
12/15/2022 0:00,0.0063,0.0124,0.423,31.242,19.348
12/16/2022 0:00,0.0038,0.0141,0.263,9.475,6.021
12/17/2022 0:00,0.006,0.0137,0.383,25.702,16.153
12/18/2022 0:00,0.0059,0.0112,0.36,22.541,15.242
12/19/2022 0:00,0.0052,0.0132,0.354,25.963,14.12
12/20/2022 0:00,0.0042,0.0168,0.324,25.889,15.537
12/21/2022 0:00,0.0041,0.0121,0.332,26.493,15.377
12/22/2022 0:00,0.0031,0.0144,0.243,12.093,6.966
12/23/2022 0:00,0.0027,0.0221,0.326,16.724,8.878
12/24/2022 0:00,0.0049,0.019,0.61,33.509,20.211
12/25/2022 0:00,0.0025,0.0197,0.515,20.498,12.823
12/26/2022 0:00,0.0033,0.0206,0.498,16.734,10.636
12/27/2022 0:00,0.0046,0.0133,0.61,24.364,14.624
12/28/2022 0:00,0.0043,0.0131,0.699,33.059,20.869
12/29/2022 0:00,0.0038,0.015,0.567,25.307,14.702
12/30/2022 0:00,0.003,0.0198,0.536,20.135,11.29
12/31/2022 0:00,0.0019,0.022,0.49,14.216,7.314
,,,,,
,,,,,
2023,,,,,
January,,,,,
Date,No2_hourly,O3_hourly,Co_hourly,Pm10_hourly,Pm2.5_hourly
1/1/2023 0:00,0.0029,0.0152,0.595,14.291,9.131
1/2/2023 0:00,0.0015,0.0194,0.532,7.903,5.387
1/3/2023 0:00,0.0054,0.0116,0.588,12.607,8.599
1/4/2023 0:00,0.0027,0.0158,0.524,9.001,6.265
1/5/2023 0:00,0.0043,0.0068,0.495,17.021,10.764
1/6/2023 0:00,0.0027,0.0093,0.331,17.05,9.186
1/7/2023 0:00,0.0045,0.0073,0.573,28.956,17.741
1/8/2023 0:00,0.0058,0.0079,0.576,24.437,14.996
1/9/2023 0:00,0.003,0.0141,0.457,23.801,14.33
1/10/2023 0:00,0.0051,0.0064,0.592,23.693,15.017
1/11/2023 0:00,0.0059,0.0136,0.657,36.815,22.881
1/12/2023 0:00,0.0055,0.0128,0.549,30.331,19.324
1/13/2023 0:00,0.0049,0.0142,0.568,27.712,19.293
1/14/2023 0:00,0.0066,0.0093,0.612,39.519,24.938
1/15/2023 0:00,0.0044,0.0102,0.527,24.028,17.474
1/16/2023 0:00,0.0076,0.0104,0.649,41.169,26.593
1/17/2023 0:00,0.0035,0.011,0.444,22.626,14.975
1/18/2023 0:00,0.0068,0.014,0.483,38.747,21.872
1/19/2023 0:00,0.005,0.0143,0.481,26.822,18.537
1/20/2023 0:00,0.0033,0.0131,0.356,14.626,9.525
1/21/2023 0:00,0.0026,0.0132,0.393,18.693,12.528
1/22/2023 0:00,0.0034,0.0114,0.388,23.295,16.456
1/23/2023 0:00,0.002,0.0125,0.48,12.76,8.28
1/24/2023 0:00,0.0022,0.0129,0.603,10.368,6.955
1/25/2023 0:00,0.0026,0.0085,0.898,12.852,7.579
1/26/2023 0:00,0.004,0.0055,0.687,16.435,10.319
1/27/2023 0:00,0.0041,0.0075,0.443,16.313,11.271
1/28/2023 0:00,0.0031,0.0133,0.371,12.636,8.211
1/29/2023 0:00,0.0023,0.0167,0.468,13.868,8.942
1/30/2023 0:00,0.0021,0.0139,0.455,9.658,6.284
1/31/2023 0:00,0.0031,0.0095,0.498,16.582,10.033
,,,,,
February,,,,,
Date,No2_hourly,O3_hourly,Co_hourly,Pm10_hourly,Pm2.5_hourly
2/1/2023 0:00,0.005,0.0059,0.551,19.67,11.575
2/2/2023 0:00,0.0058,0.0103,0.58,22.344,14.817
2/3/2023 0:00,0.0041,0.012,0.519,20.772,15.11
2/4/2023 0:00,0.0036,0.0086,0.495,20.098,13.984
2/5/2023 0:00,0.0036,0.0114,0.494,21.5,16.365
2/6/2023 0:00,0.0054,0.0121,0.598,35.607,23.382
2/7/2023 0:00,0.0035,0.0106,0.222,15.378,11.264
2/8/2023 0:00,0.0067,0.0086,0.242,40.18,27.409
2/9/2023 0:00,0.0047,0.0114,0.142,21.919,14.425
2/10/2023 0:00,0.0059,0.01,0.166,28.366,19.187
2/11/2023 0:00,0.0053,0.0144,0.217,32.274,21.05
2/12/2023 0:00,0.0058,0.0097,0.252,32.448,22.454
2/13/2023 0:00,0.0038,0.0034,0.128,17.167,11.137
2/14/2023 0:00,0.0035,0.0084,0.252,22.694,13.453
2/15/2023 0:00,0.0054,0.0097,0.315,25.992,18.436
2/16/2023 0:00,0.004,0.0095,0.456,34.078,20.327
2/17/2023 0:00,0.0038,0.0078,0.446,17.236,10.843
2/18/2023 0:00,0.0046,0.0133,0.513,21.037,12.505
2/19/2023 0:00,0.0036,0.0129,0.509,29.725,16.811
2/20/2023 0:00,0.0041,0.0122,0.455,21.919,13.635
2/21/2023 0:00,0.0031,0.0121,0.44,21.38,11.16
2/22/2023 0:00,0.0047,0.0117,0.495,31.362,17.048
2/23/2023 0:00,0.0051,0.0102,0.606,32.223,15.467
2/24/2023 0:00,0.0036,0.0111,0.543,22.802,13.097
2/25/2023 0:00,0.003,0.0121,0.426,14.426,8.213
2/26/2023 0:00,0.0027,0.0113,0.461,26.171,16.124
2/27/2023 0:00,0.003,0.0111,0.448,19.662,10.848
2/28/2023 0:00,0.003,0.0104,0.46,16.724,8.579
,,,,,
March,,,,,
Date,No2_hourly,O3_hourly,Co_hourly,Pm10_hourly,Pm2.5_hourly
3/1/2023 0:00,0.0034,0.0098,0.463,21.613,10.434
3/2/2023 0:00,0.0027,0.0129,0.379,23.361,12.626
3/3/2023 0:00,0.003,0.0134,0.384,32.188,20.628
3/4/2023 0:00,0.0032,0.0125,0.326,18.784,9.802
3/5/2023 0:00,0.0025,0.0153,0.324,19.494,10.949
3/6/2023 0:00,0.0029,0.0159,0.34,22.26,11.221
3/7/2023 0:00,0.0038,0.0142,0.331,17.52,10.748
3/8/2023 0:00,0.0035,0.0121,0.4,28.014,17.54
3/9/2023 0:00,0.0029,0.016,0.373,28.544,17.823
3/10/2023 0:00,0.0035,0.014,0.347,21.933,13.519
3/11/2023 0:00,0.0038,0.0148,0.35,27.79,17.429
3/12/2023 0:00,0.0039,0.0151,0.358,24.307,15.487
3/13/2023 0:00,0.003,0.0175,0.333,19.58,11.879
3/14/2023 0:00,0.0049,0.0213,0.471,42.119,27.692
3/15/2023 0:00,0.0046,0.0189,0.461,40.153,26.525
3/16/2023 0:00,0.0034,0.0172,0.405,23.405,14.548
3/17/2023 0:00,0.0037,0.0142,0.386,24.181,15.131
3/18/2023 0:00,0.0024,0.0123,0.348,17.833,10.738
3/19/2023 0:00,0.0018,0.0147,0.404,15.164,9.417
3/20/2023 0:00,0.0031,0.0133,0.665,16.544,10.646
3/21/2023 0:00,0.003,0.0118,0.651,16.481,8.099
3/22/2023 0:00,0.0054,0.015,0.76,31.158,19.454
3/23/2023 0:00,0.0042,0.0154,0.569,27.607,19.001
3/24/2023 0:00,0.0031,0.0116,0.539,17.696,11.275
3/25/2023 0:00,0.0033,0.0076,0.517,16.456,9.6
3/26/2023 0:00,0.0025,0.0083,0.544,18.139,10.476
3/27/2023 0:00,0.0025,0.0139,0.512,21.22,11.567
3/28/2023 0:00,0.0031,0.0148,0.488,12.162,8.289
3/29/2023 0:00,0.0036,0.0125,0.564,25.255,15.863
3/30/2023 0:00,0.0042,0.0158,0.804,13.035,8.753
3/31/2023 0:00,0.0061,0.0085,0.739,18.372,11.324
,,,,,
April,,,,,
Date,No2_hourly,O3_hourly,Co_hourly,Pm10_hourly,Pm2.5_hourly
4/1/2023 0:00,0.0049,0.0101,0.55,17.681,10.177
4/2/2023 0:00,0.0051,0.0067,0.642,22.341,13.048
4/3/2023 0:00,0.004,0.0117,0.522,11.918,7.449
4/4/2023 0:00,0.0063,0.0057,0.587,20.978,11.208
4/5/2023 0:00,0.0072,0.0072,0.797,39.795,22.049
4/6/2023 0:00,0.006,0.0134,0.527,17.928,10.359
4/7/2023 0:00,0.0035,0.0193,0.47,12.049,7.314
4/8/2023 0:00,0.0054,0.0116,0.55,19.377,12.635
4/9/2023 0:00,0.0035,0.0159,0.556,22.941,15.989
4/10/2023 0:00,0.0048,0.0147,0.654,32.283,22.771
4/11/2023 0:00,0.0058,0.019,0.658,35.53,24.453
4/12/2023 0:00,0.006,0.0151,0.691,44.648,28.154
4/13/2023 0:00,0.0055,0.0124,0.629,40.787,26.893
4/14/2023 0:00,0.0067,0.0125,0.709,46.747,28.493
4/15/2023 0:00,0.0053,0.0149,0.695,44.605,32.891
4/16/2023 0:00,0.002,0.0157,0.739,34.026,26.273
4/17/2023 0:00,0.0049,0.0142,0.872,48.84,36.225
4/18/2023 0:00,0.0027,0.0213,0.855,48.162,34.64
4/19/2023 0:00,0.0049,0.0136,0.86,32.264,23.378
4/20/2023 0:00,0.003,0.0121,0.794,30.612,21.59
4/21/2023 0:00,0.0026,0.0167,0.67,24.434,18.312
4/22/2023 0:00,0.0019,0.0153,0.686,27.72,22.71
4/23/2023 0:00,0.002,0.0116,0.471,21.199,16.268
4/24/2023 0:00,0.003,0.0047,0.367,17.078,12.084
4/25/2023 0:00,0.0043,0.0113,0.378,22.224,15.045
4/26/2023 0:00,0.0055,0.0079,0.413,28.292,19.363
4/27/2023 0:00,0.0041,0.0116,0.456,27.355,17.426
4/28/2023 0:00,0.0057,0.0132,0.527,25.977,17.003
4/29/2023 0:00,0.0041,0.0131,0.472,20.669,13.151
4/30/2023 0:00,0.0045,0.0102,0.443,19.164,13.168
,,,,,
May,,,,,
Date,No2_hourly,O3_hourly,Co_hourly,Pm10_hourly,Pm2.5_hourly
5/1/2023 0:00,0.0049,0.014,0.533,29.195,21.012
5/2/2023 0:00,0.0055,0.0082,0.527,30.126,19.717
5/3/2023 0:00,0.0046,0.0092,0.481,28.883,18.822
5/4/2023 0:00,0.0038,0.0138,0.433,23.209,16.14
5/5/2023 0:00,0.0053,0.0088,0.506,31.172,20.042
5/6/2023 0:00,0.0043,0.0075,0.462,23.581,16.769
5/7/2023 0:00,0.005,0.0059,0.469,24.947,18.177
5/8/2023 0:00,0.0051,0.0055,0.498,20.587,13.329
5/9/2023 0:00,0.0049,0.0084,0.536,25.66,18.748
5/10/2023 0:00,0.0043,0.0107,0.471,24.763,17.927
5/11/2023 0:00,0.0052,0.0095,0.507,22.877,17.161
5/12/2023 0:00,0.0031,0.0131,0.507,28.99,19.844
5/13/2023 0:00,0.0028,0.0053,0.354,14.231,9.556
5/14/2023 0:00,0.0035,0.0069,0.431,20.992,13.464
5/15/2023 0:00,0.0046,0.0106,0.519,24.581,16.144
5/16/2023 0:00,0.0049,0.0111,0.5,24.599,17.936
5/17/2023 0:00,0.0029,0.0095,0.478,24.895,16.411
5/18/2023 0:00,0.0049,0.0067,0.548,31.108,19.806
5/19/2023 0:00,0.0042,0.0105,0.544,31.661,21.143
5/20/2023 0:00,0.0038,0.0114,0.488,23.803,16.927
5/21/2023 0:00,0.0028,0.0113,0.53,19.755,15.056
5/22/2023 0:00,0.0063,0.0075,0.635,29.869,21.472
5/23/2023 0:00,0.0065,0.0111,0.663,35.77,24.056
5/24/2023 0:00,0.0064,0.0086,0.752,30.273,20.953
5/25/2023 0:00,0.0069,0.0086,0.644,34.082,22.301
5/26/2023 0:00,0.0054,0.0126,0.493,36.119,21.516
5/27/2023 0:00,0.0054,0.0115,0.426,32.532,20.342
5/28/2023 0:00,0.0029,0.009,0.362,21.467,14.812
5/29/2023 0:00,0.0041,0.0117,0.433,27.394,18.851
5/30/2023 0:00,0.0057,0.0034,0.37,25.093,15.795
5/31/2023 0:00,0.0026,0.0068,0.329,23.455,14.394
,,,,,
June,,,,,
Date,No2_hourly,O3_hourly,Co_hourly,Pm10_hourly,Pm2.5_hourly
6/1/2023 0:00,0.0027,0.0081,0.369,28.515,20.031
6/2/2023 0:00,0.002,0.0089,0.312,20.269,13.414
6/3/2023 0:00,0.0031,0.0085,0.353,25.71,18.698
6/4/2023 0:00,0.003,0.0071,0.311,22.929,15.249
6/5/2023 0:00,0.0035,0.0064,0.201,14.522,8.769
6/6/2023 0:00,0.005,0.0116,0.292,28.599,15.77
6/7/2023 0:00,0.0047,0.0146,0.319,29.426,18.085
6/8/2023 0:00,0.0075,0.0076,0.368,35.907,21.761
6/9/2023 0:00,0.006,0.0016,0.507,34.77,21.371
6/10/2023 0:00,0.0037,0.005,0.555,26.705,15.411
6/11/2023 0:00,0.0044,0.0073,0.588,28.594,18.031
6/12/2023 0:00,0.0053,0.0078,0.52,24.235,15.521
6/13/2023 0:00,0.0048,0.0109,0.512,35.489,24.062
6/14/2023 0:00,0.0047,0.0065,0.401,21.266,12.656
6/15/2023 0:00,0.0058,0.008,0.465,28.41,16.258
6/16/2023 0:00,0.0062,0.0052,0.522,29.62,18.238
6/17/2023 0:00,0.0053,0.0015,0.451,22.976,13.845
6/18/2023 0:00,0.0039,0.0073,0.404,27.608,18.004
6/19/2023 0:00,0.0043,0.0061,0.261,18.582,9.376
6/20/2023 0:00,0.0071,0.0036,0.397,30.826,16.741
6/21/2023 0:00,0.0048,0.0061,0.489,33.922,21.121
6/22/2023 0:00,0.0043,0.0084,0.458,28.76,19.264
6/23/2023 0:00,0.0055,0.0103,0.524,35.802,22.996
6/24/2023 0:00,0.0056,0.0091,0.534,37.567,25.062
6/25/2023 0:00,0.0045,0.0078,0.335,33.361,20.94
6/26/2023 0:00,0.0043,0.0074,0.286,32.117,19.74
6/27/2023 0:00,0.0061,0.0054,0.339,32.306,21.407
6/28/2023 0:00,0.004,0.0064,0.27,26.912,16.538
6/29/2023 0:00,0.0057,0.0052,0.346,31.368,22.26
6/30/2023 0:00,0.0053,0.0064,0.292,30.723,18.143
,,,,,
July,,,,,
Date,No2_hourly,O3_hourly,Co_hourly,Pm10_hourly,Pm2.5_hourly
7/1/2023 0:00,0.0076,0.004,0.4,36.782,22.992
7/2/2023 0:00,0.004,0.0049,0.245,21.243,13.684
7/3/2023 0:00,0.0049,0.0051,0.151,14.373,8.585
7/4/2023 0:00,0.0066,0.0077,0.239,27.302,15.369
7/5/2023 0:00,0.008,0.0066,0.302,37.233,21.323
7/6/2023 0:00,0.0043,0.0047,0.194,22.317,13.186
7/7/2023 0:00,0.0043,0.0042,0.178,16.597,10.676
7/8/2023 0:00,0.0036,0.0045,0.422,13.828,8.882
7/9/2023 0:00,0.0037,0.0059,0.309,19.647,11.71
7/10/2023 0:00,0.0056,0.0044,0.337,20.987,12.398
7/11/2023 0:00,0.0044,0.0047,0.294,20.516,12.888
7/12/2023 0:00,0.0046,0.0036,0.356,18.914,9.523
7/13/2023 0:00,0.0042,0.0033,0.428,20.043,10.352
7/14/2023 0:00,0.0047,0.0048,0.492,25.778,14.835
7/15/2023 0:00,0.0059,0.0042,0.538,28.42,18.904
7/16/2023 0:00,0.0043,0.0054,0.496,25.32,16.987
7/17/2023 0:00,0.0055,0.0033,0.598,30.208,18.835
7/18/2023 0:00,0.0053,0.0106,0.593,35.789,21.322
7/19/2023 0:00,0.0033,0.0128,0.44,24.311,14.734
7/20/2023 0:00,0.0034,0.0078,0.498,17.2,10.89
7/21/2023 0:00,0.0056,0.0023,0.64,22.02,12.527
7/22/2023 0:00,0.0029,0.0069,0.598,16.778,10.366
7/23/2023 0:00,0.0021,0.0076,0.664,20.966,14.184
7/24/2023 0:00,0.0055,0.0044,0.947,31.697,19.462
7/25/2023 0:00,0.0041,0.0056,0.643,29.535,19.481
7/26/2023 0:00,0.0057,0.0093,0.636,46.781,29.312
7/27/2023 0:00,0.0049,0.0073,0.651,42.87,29.479
7/28/2023 0:00,0.0062,0.0075,0.715,49.32,33.432
7/29/2023 0:00,0.0054,0.0035,0.759,42.187,27.883
7/30/2023 0:00,0.0052,0.0082,0.888,53.535,37.695
7/31/2023 0:00,0.0058,0.0105,0.824,45.697,35.451
,,,,,
August,,,,,
Date,No2_hourly,O3_hourly,Co_hourly,Pm10_hourly,Pm2.5_hourly
8/1/2023 0:00,0.0051,0.0132,0.799,45.643,32.001
8/2/2023 0:00,0.006,0.0048,0.674,34.843,24.053
8/3/2023 0:00,0.0042,0.0049,0.584,18.125,10.806
8/4/2023 0:00,0.004,0.0059,0.825,30.899,17.711
8/5/2023 0:00,0.0042,0.0081,0.724,27.421,18.467
8/6/2023 0:00,0.0032,0.008,0.626,15.591,10.174
8/7/2023 0:00,0.0041,0.0061,0.684,22.855,14.157
8/8/2023 0:00,0.0046,0.0071,0.753,27.394,18.555
8/9/2023 0:00,0.0078,0.0062,0.922,42.415,27.626
8/10/2023 0:00,0.0066,0.0072,0.669,40.241,23.032
8/11/2023 0:00,0.0064,0.0044,0.508,35.758,23.227
8/12/2023 0:00,0.0049,0.0048,0.482,38.137,22.027
8/13/2023 0:00,0.0055,0.0095,0.499,35.57,24.256
8/14/2023 0:00,0.0064,0.0115,0.609,44.517,31.341
8/15/2023 0:00,0.0077,0.0021,0.552,32.927,23.027
8/16/2023 0:00,0.0064,0.0039,0.593,44.141,25.485
8/17/2023 0:00,0.0054,0.0087,0.641,48.738,33.94
8/18/2023 0:00,0.0054,0.0084,0.537,35.701,24.993
8/19/2023 0:00,0.0053,0.0074,0.514,29.701,19.413
8/20/2023 0:00,0.0051,0.0084,0.605,37.7,25.446
8/21/2023 0:00,0.0059,0.0087,0.51,28.729,17.944
8/22/2023 0:00,0.0062,0.0057,0.609,33.942,22.207
8/23/2023 0:00,0.0043,0.0087,0.527,24.956,17.546
8/24/2023 0:00,0.0046,0.0103,0.531,27.947,18.817
8/25/2023 0:00,0.0052,0.0064,0.417,22.592,15.223
8/26/2023 0:00,0.0038,0.0058,0.353,19.063,11.941
8/27/2023 0:00,0.0048,0.0048,0.475,29.046,18.745
8/28/2023 0:00,0.0041,0.005,0.414,20.405,12.21
8/29/2023 0:00,0.0052,0.0075,0.504,31.634,20.964
8/30/2023 0:00,0.0059,0.0037,0.524,31.571,22.938
8/31/2023 0:00,0.0045,0.0059,0.542,30.609,21.467
,,,,,
September,,,,,
Date,No2_hourly,O3_hourly,Co_hourly,Pm10_hourly,Pm2.5_hourly
9/1/2023 0:00,0.0044,0.0075,0.481,28.246,19.546
9/2/2023 0:00,0.0051,0.0068,0.526,38.897,28.749
9/3/2023 0:00,0.0042,0.0059,0.555,35.746,28.139
9/4/2023 0:00,0.0049,0.0051,0.702,49.564,36.233
9/5/2023 0:00,0.0051,0.007,0.525,31.194,24.366
9/6/2023 0:00,0.0054,0.0059,0.481,24.058,16.153
9/7/2023 0:00,0.0039,0.0043,0.367,14.831,10.205
9/8/2023 0:00,0.0043,0.0043,0.495,20.742,12.441
9/9/2023 0:00,0.0048,0.0035,0.652,32.753,19.605
9/10/2023 0:00,0.0019,0.0061,0.471,17.517,12.464
9/11/2023 0:00,0.0047,0.004,0.481,19.834,14.112
9/12/2023 0:00,0.0061,0.0031,0.573,20.333,13.924
9/13/2023 0:00,0.0036,0.0073,0.543,24.387,16.383
9/14/2023 0:00,0.0059,0.0063,0.661,37.872,24.023
9/15/2023 0:00,0.0048,0.0096,0.552,33.491,20.855
9/16/2023 0:00,0.0036,0.0097,0.527,28.332,20.984
9/17/2023 0:00,0.0029,0.011,0.501,22.4,15.914
9/18/2023 0:00,0.0062,0.0062,0.586,26.22,19.016
9/19/2023 0:00,0.0044,0.0083,0.559,36.536,20.19
9/20/2023 0:00,0.0037,0.0047,0.374,17.874,12.229
9/21/2023 0:00,0.0052,0.0022,0.453,28.494,17.205
9/22/2023 0:00,0.0036,0.0042,0.349,20.765,14.868
9/23/2023 0:00,0.0058,0.0054,0.453,54.701,43.137
9/24/2023 0:00,0.0063,0.0064,0.607,51.043,37.443
9/25/2023 0:00,0.0073,0.0068,0.694,51.874,35.089
9/26/2023 0:00,0.0052,0.0079,0.571,34.176,24.591
9/27/2023 0:00,0.006,0.0066,0.595,38.98,27.824
9/28/2023 0:00,0.0063,0.0048,0.704,36.198,27.21
9/29/2023 0:00,0.006,0.0052,0.598,25.541,16.606
9/30/2023 0:00,0.005,0.004,0.461,23.673,13.973
,,,,,
October,,,,,
Date,No2_hourly,O3_hourly,Co_hourly,Pm10_hourly,Pm2.5_hourly
10/1/2023 0:00,0.0032,0.006,0.439,15.566,10.851
10/2/2023 0:00,0.0042,0.0085,0.315,27.971,19.893
10/3/2023 0:00,0.0051,0.0081,0.416,45.478,32.288
10/4/2023 0:00,0.0063,0.0073,0.472,42.16,33.189
10/5/2023 0:00,0.0045,0.0079,0.531,34.999,28.221
10/6/2023 0:00,0.0063,0.0084,0.555,38.526,30.47
10/7/2023 0:00,0.0037,0.0084,0.41,18.75,13.311
10/8/2023 0:00,0.0033,0.0058,0.448,24.338,18.618
10/9/2023 0:00,0.0045,0.0044,0.468,28.332,21.08
10/10/2023 0:00,0.0039,0.0046,0.391,21.254,16.792
10/11/2023 0:00,0.004,0.004,0.401,22.609,15.777
10/12/2023 0:00,0.005,0.0044,0.466,26.128,16.965
10/13/2023 0:00,0.0067,0.0029,0.474,27.871,19.228
10/14/2023 0:00,0.0047,0.0038,0.448,24.071,18.427
10/15/2023 0:00,0.0036,0.0032,0.414,21.583,14.893
10/16/2023 0:00,0.0045,0.0051,0.358,20.435,13.255
10/17/2023 0:00,0.0045,0.0082,0.329,25.015,14.595
10/18/2023 0:00,0.0035,0.0076,0.287,15.085,10.74
10/19/2023 0:00,0.005,0.0077,0.467,18.265,13.457
10/20/2023 0:00,0.0046,0.006,0.577,26.481,16.583
10/21/2023 0:00,0.0049,0.0054,0.61,34.938,20.297
10/22/2023 0:00,0.0036,0.0049,0.522,20.604,13.501
10/23/2023 0:00,0.0032,0.0054,0.482,20.863,12.511
10/24/2023 0:00,0.0044,0.004,0.518,18.947,11.251
10/25/2023 0:00,0.0037,0.0049,0.549,24.625,15.847
10/26/2023 0:00,0.0047,0.0037,0.604,21.814,13.666
10/27/2023 0:00,0.0044,0.0053,0.558,22,12.262
10/28/2023 0:00,0.0041,0.0049,0.586,30.683,18.317
10/29/2023 0:00,0.0043,0.0037,0.565,16.921,10.989
10/30/2023 0:00,0.0045,0.0043,0.574,20.571,12.109
10/31/2023 0:00,0.004,0.0063,0.578,20.291,12.121
,,,,,
November,,,,,
Date,No2_hourly,O3_hourly,Co_hourly,Pm10_hourly,Pm2.5_hourly
11/1/2023 0:00,0.0061,0.0046,0.697,19.118,12.697
11/2/2023 0:00,0.0054,0.0048,0.703,28.12,17.368
11/3/2023 0:00,0.0044,0.0052,0.586,14.783,8.732
11/4/2023 0:00,0.0051,0.0059,0.645,20.855,13.094
11/5/2023 0:00,0.0029,0.0056,0.601,15.192,9.913
11/6/2023 0:00,0.0037,0.0071,0.623,12.269,7.583
11/7/2023 0:00,0.004,0.004,0.606,15.759,11.993
11/8/2023 0:00,0.0039,0.0044,0.544,14.676,10.393
11/9/2023 0:00,0.0042,0.0035,0.42,11.341,7.852
11/10/2023 0:00,0.005,0.0039,0.563,19.173,13.771
11/11/2023 0:00,0.0067,0.0053,0.483,17.189,12.127
11/12/2023 0:00,0.0042,0.0078,0.462,16.863,12.789
11/13/2023 0:00,0.0047,0.0042,0.456,17.187,11.978
11/14/2023 0:00,0.0037,0.0064,0.424,21.027,14.066
11/15/2023 0:00,0.0044,0.0047,0.43,17.977,13.502
11/16/2023 0:00,0.0033,0.0079,0.308,12.714,8.627
11/17/2023 0:00,0.0026,0.009,0.267,8.112,5.864
11/18/2023 0:00,0.0037,0.0062,0.352,22.602,18.616
11/19/2023 0:00,0.0035,0.0052,0.331,11.806,7.859
11/20/2023 0:00,0.0033,0.0057,0.369,17.992,12.949
11/21/2023 0:00,0.0035,0.0084,0.347,14.279,11.693
11/22/2023 0:00,0.0045,0.0048,0.417,13.962,11.079
11/23/2023 0:00,0.0058,0.0059,0.438,16.521,10.695
11/24/2023 0:00,0.0044,0.0068,0.421,19.032,10.257
11/25/2023 0:00,0.0052,0.0081,0.401,17.767,8.84
11/26/2023 0:00,0.0031,0.0055,0.376,10.059,6.469
11/27/2023 0:00,0.0033,0.0054,0.377,12.452,6.488
11/28/2023 0:00,0.0046,0.0067,0.481,20.186,13.043
11/29/2023 0:00,0.0035,0.0066,0.413,14.748,9.436
11/30/2023 0:00,0.0055,0.004,0.521,23.766,13.272
,,,,,
December,,,,,
Date,No2_hourly,O3_hourly,Co_hourly,Pm10_hourly,Pm2.5_hourly
12/1/2023 0:00,0.0038,0.0038,0.44,14.518,9.106
12/2/2023 0:00,0.0044,0.0045,0.457,12.961,8.079
12/3/2023 0:00,0.0039,0.0039,0.509,14.533,8.106
12/4/2023 0:00,0.0039,0.0041,0.501,13.29,7.348
12/5/2023 0:00,0.0054,0.0034,0.543,14.031,9.03
12/6/2023 0:00,0.004,0.004,0.652,20.196,12.116
12/7/2023 0:00,0.0039,0.0051,0.482,10.576,6.904
12/8/2023 0:00,0.0041,0.0044,0.421,17.921,10.17
12/9/2023 0:00,0.0045,0.0041,0.517,29.257,18.134
12/10/2023 0:00,0.0028,0.0048,0.379,12.239,7.518
12/11/2023 0:00,0.004,0.0046,0.393,17.511,9.657
12/12/2023 0:00,0.004,0.0055,0.418,20.798,11.706
12/13/2023 0:00,0.0054,0.0053,0.373,22.889,12.886
12/14/2023 0:00,0.0046,0.0047,0.375,19.888,12.417
12/15/2023 0:00,0.0045,0.0044,0.309,14.756,8.913
12/16/2023 0:00,0.0042,0.0045,0.376,18.974,10.723
12/17/2023 0:00,0.0039,0.0064,0.327,13.157,8.575
12/18/2023 0:00,0.0049,0.0054,0.482,27.955,15.044
12/19/2023 0:00,0.0046,0.0034,0.415,13.065,8.435
12/20/2023 0:00,0.0034,0.0038,0.357,16.221,9.924
12/21/2023 0:00,0.0039,0.0042,0.429,18.029,9.684
12/22/2023 0:00,0.0048,0.0055,0.447,20.453,12.332
12/23/2023 0:00,0.004,0.0045,0.422,16.218,9.214
12/24/2023 0:00,0.0041,0.0049,0.497,19.087,11.83
12/25/2023 0:00,0.0036,0.005,0.459,14.225,7.712
12/26/2023 0:00,0.0028,0.0052,0.53,19.381,10.645
12/27/2023 0:00,0.0035,0.006,0.505,15.887,8.862
12/28/2023 0:00,0.0035,0.0063,0.496,15.581,9.025
12/29/2023 0:00,0.0051,0.0054,0.578,25.563,15.555
12/30/2023 0:00,0.0039,0.0046,0.474,13.417,7.79
12/31/2023 0:00,0.0051,0.0032,0.479,15.546,9.346
,,,,,
,,,,,
2024,,,,,
January,,,,,
Date,No2_hourly,O3_hourly,Co_hourly,Pm10_hourly,Pm2.5_hourly
1/1/2024 0:00,0.0032,0.0053,0.414,15.293,10.172
1/2/2024 0:00,0.004,0.0034,0.466,11.504,7.382
1/3/2024 0:00,0.0039,0.0047,0.515,20.207,12.073
1/4/2024 0:00,0.0044,0.0037,0.469,16.713,10.081
1/5/2024 0:00,0.005,0.0025,0.448,12.025,7.204
1/6/2024 0:00,0.0038,0.0034,0.525,19.761,11.954
1/7/2024 0:00,0.0035,0.0036,0.441,12.291,6.849
1/8/2024 0:00,0.0029,0.0047,0.427,11.951,7.108
1/9/2024 0:00,0.0053,0.0047,0.558,28.171,15.474
1/10/2024 0:00,0.0044,0.0028,0.533,20.522,11.999
1/11/2024 0:00,0.0051,0.0022,0.436,20.452,12.618
1/12/2024 0:00,0.0044,0.0025,0.49,24.148,14.033
1/13/2024 0:00,0.003,0.0039,0.396,13.776,8.504
1/14/2024 0:00,0.0032,0.0055,0.385,15.042,8.636
1/15/2024 0:00,0.0041,0.0072,0.418,13.958,8.836
1/16/2024 0:00,0.0059,0.0043,0.576,24.432,15.522
1/17/2024 0:00,0.0045,0.0065,0.442,15.582,9.357
1/18/2024 0:00,0.0059,0.0055,0.505,20.37,10.58
1/19/2024 0:00,0.0047,0.0059,0.366,14.191,8.385
1/20/2024 0:00,0.0039,0.0049,0.242,14.066,7.815
1/21/2024 0:00,0.0034,0.0053,0.232,19.007,11.366
1/22/2024 0:00,0.0041,0.0058,0.258,22.146,13.202
1/23/2024 0:00,0.0046,0.0049,0.332,27.376,19.085
1/24/2024 0:00,0.005,0.0049,0.372,22.656,14.108
1/25/2024 0:00,0.0049,0.0052,0.572,35.777,19.162
1/26/2024 0:00,0.0035,0.0067,0.486,30.28,16.069
1/27/2024 0:00,0.0038,0.0065,0.531,29.787,15.381
1/28/2024 0:00,0.0032,0.0089,0.513,26.684,14.363
1/29/2024 0:00,0.0035,0.0098,0.537,30.987,15.067
1/30/2024 0:00,0.0038,0.0105,0.586,28.942,15.691
1/31/2024 0:00,0.0037,0.0079,0.642,28.116,15.08
,,,,,
February,,,,,
Date,No2_hourly,O3_hourly,Co_hourly,Pm10_hourly,Pm2.5_hourly
2/1/2024 0:00,0.0039,0.0074,0.629,26.744,15.053
2/2/2024 0:00,0.0045,0.0069,0.583,17.807,10.73
2/3/2024 0:00,0.0053,0.0057,0.646,26.073,15.186
2/4/2024 0:00,0.0042,0.0051,0.672,24.554,15.41
2/5/2024 0:00,0.0039,0.0044,0.607,13.697,7.943
2/6/2024 0:00,0.0055,0.0057,0.694,34.556,21.721
2/7/2024 0:00,0.0045,0.0061,0.623,24.257,14.731
2/8/2024 0:00,0.0049,0.0058,0.561,22.109,13.674
2/9/2024 0:00,0.0037,0.0057,0.449,22.584,14.519
2/10/2024 0:00,0.003,0.0062,0.436,45.267,33.685
2/11/2024 0:00,0.0035,0.0068,0.418,24.302,14.6
2/12/2024 0:00,0.0027,0.0075,0.433,26.179,13.513
2/13/2024 0:00,0.003,0.0081,0.498,29.234,15.14
2/14/2024 0:00,0.0025,0.0084,0.496,25.498,13.576
2/15/2024 0:00,0.0042,0.008,0.311,27.913,15.216
2/16/2024 0:00,0.0037,0.0075,0.306,29.873,16.704
2/17/2024 0:00,0.003,0.0089,0.322,25.664,14.135
2/18/2024 0:00,0.0037,0.0094,0.364,29.578,17.392
2/19/2024 0:00,0.003,0.0095,0.364,21.352,12.743
2/20/2024 0:00,0.0019,0.0094,0.328,17.388,10.596
2/21/2024 0:00,0.0046,0.0061,0.403,26.807,16.833
2/22/2024 0:00,0.004,0.0053,0.391,24.202,15.543
2/23/2024 0:00,0.0038,0.0068,0.503,24.809,15.386
2/24/2024 0:00,0.0031,0.0071,0.503,25.722,16.432
2/25/2024 0:00,0.0027,0.0075,0.571,23.644,13.623
2/26/2024 0:00,0.0048,0.0068,0.595,17.503,9.279
2/27/2024 0:00,0.004,0.0085,0.593,27.81,16.363
2/28/2024 0:00,0.0027,0.0106,0.522,27.071,13.338
2/29/2024 0:00,0.0034,0.0094,0.553,29.38,15.753
,,,,,
March,,,,,
Date,No2_hourly,O3_hourly,Co_hourly,Pm10_hourly,Pm2.5_hourly
3/1/2024 0:00,0.0036,0.0079,0.558,29.195,17.857
3/2/2024 0:00,0.0035,0.0072,0.486,23.664,12.539
3/3/2024 0:00,0.003,0.0075,0.481,24.467,13.13
3/4/2024 0:00,0.0033,0.0087,0.474,26.986,14.909
3/5/2024 0:00,0.0041,0.0072,0.472,11.741,6.751
3/6/2024 0:00,0.0037,0.0068,0.514,22.505,14.678
3/7/2024 0:00,0.0031,0.0062,0.473,19.168,11.731
3/8/2024 0:00,0.0027,0.0076,0.412,20.981,13.499
3/9/2024 0:00,0.0031,0.0088,0.432,28.898,16.888
3/10/2024 0:00,0.0037,0.0083,0.5,30.734,18.683
3/11/2024 0:00,0.0028,0.0101,0.488,26.879,16.744
3/12/2024 0:00,0.0031,0.0104,0.484,27.755,15.028
3/13/2024 0:00,0.0036,0.0108,0.427,21.107,10.884
3/14/2024 0:00,0.0046,0.0082,0.52,27.206,17.661
3/15/2024 0:00,0.0036,0.0091,0.569,28.607,18.127
3/16/2024 0:00,0.0036,0.0046,0.538,18.095,10.566
3/17/2024 0:00,0.0037,0.005,0.545,19.461,12.623
3/18/2024 0:00,0.0035,0.0065,0.55,22.942,13.804
3/19/2024 0:00,0.0031,0.009,0.571,25.888,15.336
3/20/2024 0:00,0.0031,0.0105,0.563,29.556,19.61
3/21/2024 0:00,0.0031,0.0158,0.498,28.176,18.172
3/22/2024 0:00,0.006,0.0155,0.571,42.006,27.038
3/23/2024 0:00,0.0028,0.0145,0.531,27.704,18.235
3/24/2024 0:00,0.0034,0.0115,0.518,23.805,16.184
3/25/2024 0:00,0.0037,0.0119,0.539,30.664,17.617
3/26/2024 0:00,0.0043,0.0137,0.603,34.359,21.507
3/27/2024 0:00,0.0042,0.0101,0.579,28.327,17.778
3/28/2024 0:00,0.0032,0.0085,0.461,10.63,6.84
3/29/2024 0:00,0.0025,0.0108,0.468,25.841,13.299
3/30/2024 0:00,0.0028,0.0096,0.509,20.912,14.819
3/31/2024 0:00,0.0024,0.0086,0.406,9.745,6.409
,,,,,
April,,,,,
Date,No2_hourly,O3_hourly,Co_hourly,Pm10_hourly,Pm2.5_hourly
4/1/2024 0:00,0.0038,0.0075,0.477,19.419,11.2
4/2/2024 0:00,0.0049,0.0042,0.531,19.681,11.399
4/3/2024 0:00,0.005,0.0104,0.538,23.433,13.966
4/4/2024 0:00,0.0044,0.0092,0.466,19.221,11.973
4/5/2024 0:00,0.004,0.0082,0.36,18.952,12.748
4/6/2024 0:00,0.0037,0.0083,0.336,14.189,9.108
4/7/2024 0:00,0.0036,0.0058,0.319,13.91,8.807
4/8/2024 0:00,0.006,0.0047,0.402,21.794,13.058
4/9/2024 0:00,0.004,0.0096,0.361,22.071,13.995
4/10/2024 0:00,0.0022,0.011,0.272,16.653,10.509
4/11/2024 0:00,0.0023,0.013,0.251,10.221,7.186
4/12/2024 0:00,0.0036,0.0123,0.372,20.736,13.349
4/13/2024 0:00,0.0045,0.0066,0.366,16.571,10.75
4/14/2024 0:00,0.0033,0.0109,0.401,18.485,13.091
4/15/2024 0:00,0.004,0.0126,0.352,12.822,9.788
4/16/2024 0:00,0.0059,0.0127,0.48,31.274,20.575
4/17/2024 0:00,0.0042,0.0077,0.371,13.146,9.341
4/18/2024 0:00,0.0051,0.0068,0.428,20.795,14.713
4/19/2024 0:00,0.0053,0.0093,0.386,24.786,13.586
4/20/2024 0:00,0.0044,0.008,0.388,20.976,15.137
4/21/2024 0:00,0.0041,0.0083,0.388,22.012,15.976
4/22/2024 0:00,0.0041,0.0072,0.399,15.553,11.559
4/23/2024 0:00,0.0039,0.0102,0.391,15.112,10.954
4/24/2024 0:00,0.0045,0.0064,0.406,14.478,11.216
4/25/2024 0:00,0.0042,0.0102,0.372,17.321,12.654
4/26/2024 0:00,0.0052,0.0058,0.35,14.598,10.7
4/27/2024 0:00,0.0037,0.0087,0.445,27.958,17.923
4/28/2024 0:00,0.0027,0.0106,0.446,15.753,10.727
4/29/2024 0:00,0.0027,0.0047,0.381,6.664,4.602
4/30/2024 0:00,0.0034,0.0073,0.41,9.405,6.548
,,,,,
May,,,,,
Date,No2_hourly,O3_hourly,Co_hourly,Pm10_hourly,Pm2.5_hourly
5/1/2024 0:00,0.003,0.0071,0.485,15.176,10.933
5/2/2024 0:00,0.0057,0.0051,0.444,11.267,8.76
5/3/2024 0:00,0.0066,0.008,0.599,18.701,13.358
5/4/2024 0:00,0.0072,0.0086,0.658,24.101,18.809
5/5/2024 0:00,0.0032,0.0057,0.478,10.389,8.698
5/6/2024 0:00,0.0044,0.0077,0.582,15.512,12.251
5/7/2024 0:00,0.0076,0.006,0.688,21.676,17.822
5/8/2024 0:00,0.0071,0.0083,0.67,20.412,17.179
5/9/2024 0:00,0.0063,0.0057,0.553,15.086,12.16
5/10/2024 0:00,0.0051,0.0096,0.503,20.485,17.171
5/11/2024 0:00,0.0051,0.004,0.45,10.447,8.957
5/12/2024 0:00,0.0031,0.0117,0.483,10.698,8.228
5/13/2024 0:00,0.0053,0.0081,0.566,16.019,12.1
5/14/2024 0:00,0.0038,0.0092,0.504,12.147,9.869
5/15/2024 0:00,0.0032,0.0059,0.53,14.795,12.403
5/16/2024 0:00,0.0037,0.0074,0.488,10.022,8.451
5/17/2024 0:00,0.005,0.0042,0.541,11.96,9.438
5/18/2024 0:00,0.0035,0.0059,0.563,14.92,12.835
5/19/2024 0:00,0.0028,0.0057,0.502,8.996,7.123
5/20/2024 0:00,0.0041,0.0074,0.553,15.676,12.835
5/21/2024 0:00,0.0036,0.006,0.498,11.322,9.083
5/22/2024 0:00,0.0035,0.0055,0.503,10.818,9.025
5/23/2024 0:00,0.0041,0.0052,0.516,12.896,9.919
5/24/2024 0:00,0.0057,0.0032,0.436,19.745,12.831
5/25/2024 0:00,0.0061,0.004,0.522,30.786,17.821
5/26/2024 0:00,0.0039,0.0038,0.455,22.812,13.363
5/27/2024 0:00,0.0048,0.0053,0.415,17.591,10.072
5/28/2024 0:00,0.0038,0.0057,0.355,13.469,7.184
5/29/2024 0:00,0.006,0.0032,0.537,25.01,15.332
5/30/2024 0:00,0.004,0.0071,0.501,19.946,12.647
5/31/2024 0:00,0.0042,0.0093,0.489,22.624,14.464
,,,,,
June,,,,,
Date,No2_hourly,O3_hourly,Co_hourly,Pm10_hourly,Pm2.5_hourly
6/1/2024 0:00,,0.0074,,11.285,6.581
6/2/2024 0:00,,0.004,,10.07,4.647
6/3/2024 0:00,0.0028,0.0048,0.321,7.672,5.018
6/4/2024 0:00,0.0035,0.004,0.427,16.488,8.175
6/5/2024 0:00,0.0042,0.0048,0.427,16.11,9.386
6/6/2024 0:00,0.0051,0.0039,0.426,16.608,10.439
6/7/2024 0:00,0.0041,0.0057,0.453,17.438,11.666
6/8/2024 0:00,0.0038,0.0065,0.407,21.334,11.745
6/9/2024 0:00,0.004,0.0075,0.401,23.742,13.817
6/10/2024 0:00,0.0054,0.0097,0.383,23.435,14.377
6/11/2024 0:00,0.0053,0.0088,0.461,29.315,18.843
6/12/2024 0:00,0.0068,0.0098,0.561,36.292,22.856
6/13/2024 0:00,0.0057,0.0061,0.45,25.314,15.783
6/14/2024 0:00,0.0051,0.0078,0.474,22.539,14.609
6/15/2024 0:00,0.0042,0.0061,0.448,21.488,14.646
6/16/2024 0:00,0.0041,0.008,0.46,16.648,13.093
6/17/2024 0:00,0.0051,0.0065,0.457,14.463,11.433
6/18/2024 0:00,0.0047,0.0044,0.519,16.277,11.416
6/19/2024 0:00,0.0052,0.0101,0.467,25.844,16.508
6/20/2024 0:00,0.0069,0.0074,0.452,20.988,13.275
6/21/2024 0:00,0.0064,0.0045,0.439,22.986,17.38
6/22/2024 0:00,0.0044,0.0039,0.413,16.619,12.071
6/23/2024 0:00,0.0027,0.0048,0.342,8.834,6.583
6/24/2024 0:00,0.0052,0.0071,0.41,15.575,10.685
6/25/2024 0:00,0.0074,0.0079,0.518,21.297,16.828
6/26/2024 0:00,0.0054,0.0091,0.403,17.499,13.851
6/27/2024 0:00,0.0053,0.0068,0.423,15.663,12.269
6/28/2024 0:00,0.0055,0.0074,0.467,15.788,12.895
6/29/2024 0:00,0.0037,0.0052,0.44,9.958,8.029
6/30/2024 0:00,0.0039,0.0035,0.45,12.604,9.904
,,,,,
July,,,,,
Date,No2_hourly,O3_hourly,Co_hourly,Pm10_hourly,Pm2.5_hourly
7/1/2024 0:00,0.0045,0.0049,0.439,12.403,9.551
7/2/2024 0:00,0.0045,0.0033,0.482,9.937,7.616
7/3/2024 0:00,0.0059,0.0073,0.581,18.294,14.052
7/4/2024 0:00,0.0045,0.0055,0.485,14.782,10.76
7/5/2024 0:00,0.0049,0.0076,0.434,14.031,11.016
7/6/2024 0:00,0.0055,0.0054,0.599,16.072,12.677
7/7/2024 0:00,0.0036,0.0043,0.576,10.877,8.822
7/8/2024 0:00,0.0035,0.0067,0.618,13.792,10.634
7/9/2024 0:00,0.005,0.0069,0.642,12.381,9.365
7/10/2024 0:00,0.004,0.0065,0.572,11.562,7.745
7/11/2024 0:00,0.0073,0.0025,0.617,21.619,17.235
7/12/2024 0:00,0.0042,0.0088,0.479,11.16,9.293
7/13/2024 0:00,0.0057,0.0029,0.532,15.364,11.958
7/14/2024 0:00,0.0038,0.0042,0.573,17.408,14.328
7/15/2024 0:00,0.0044,0.0103,0.451,15.53,12.431
7/16/2024 0:00,0.0054,0.0069,0.544,22.483,18.752
7/17/2024 0:00,0.0042,0.0125,0.413,21.109,15.84
7/18/2024 0:00,0.007,0.0048,0.509,24.253,20.483
7/19/2024 0:00,0.0033,0.007,0.414,17.485,13.449
7/20/2024 0:00,0.0043,0.0072,0.35,17.443,12.113
7/21/2024 0:00,0.0059,0.0075,0.417,19.032,14.906
7/22/2024 0:00,0.0044,0.0064,0.395,14.29,11.18
7/23/2024 0:00,0.0061,0.0073,0.527,30.846,22.793
7/24/2024 0:00,0.0049,0.0077,0.502,31.613,24.668
7/25/2024 0:00,0.0067,0.009,0.707,38.131,32.134
7/26/2024 0:00,0.0059,0.0058,0.595,34.254,26.401
7/27/2024 0:00,0.0049,0.0109,0.596,34.559,26.458
7/28/2024 0:00,0.0041,0.0119,0.498,32.88,26.54
7/29/2024 0:00,0.0047,0.0083,0.494,26.162,21.974
7/30/2024 0:00,0.0044,0.0073,0.406,15.982,11.264
7/31/2024 0:00,0.0043,0.0046,0.336,14.943,11.536
,,,,,
August,,,,,
Date,No2_hourly,O3_hourly,Co_hourly,Pm10_hourly,Pm2.5_hourly
8/1/2024 0:00,0.0046,0.0066,0.403,23.146,16.831
8/2/2024 0:00,0.0038,0.0042,0.314,12.42,9.749
8/3/2024 0:00,0.0049,0.0056,0.419,27.015,15.259
8/4/2024 0:00,0.0045,0.0059,0.447,18.139,13.202
8/5/2024 0:00,0.0049,0.0038,0.379,11.713,8.936
8/6/2024 0:00,0.0052,0.0098,0.441,21.151,16.033
8/7/2024 0:00,0.0044,0.0054,0.453,16.655,13.455
8/8/2024 0:00,0.0046,0.0044,0.506,14.055,11.044
8/9/2024 0:00,0.0041,0.003,0.497,14.348,10.944
8/10/2024 0:00,0.0029,0.0061,0.484,14.217,11.59
8/11/2024 0:00,0.0038,0.0022,0.538,12.727,10.127
8/12/2024 0:00,0.0048,0.0024,0.56,15.167,10.534
8/13/2024 0:00,0.0051,0.005,0.575,18.483,14.935
8/14/2024 0:00,0.0044,0.0065,0.563,16.431,12.583
8/15/2024 0:00,0.0038,0.0038,0.531,12.327,9.039
8/16/2024 0:00,0.0038,0.0036,0.526,10.684,8.672
8/17/2024 0:00,0.003,0.0048,0.516,8.293,6.986
8/18/2024 0:00,0.0028,0.0062,0.565,10.531,8.351
8/19/2024 0:00,0.0031,0.0038,0.535,6.327,5.211
8/20/2024 0:00,0.003,0.0044,0.57,7.713,6.451
8/21/2024 0:00,0.0034,0.0042,0.481,6.739,5.586
8/22/2024 0:00,0.0036,0.0021,0.366,15.804,13.188
8/23/2024 0:00,0.0046,0.0043,0.348,15.915,8.91
8/24/2024 0:00,0.0035,0.0042,0.336,18.028,10.501
8/25/2024 0:00,0.0027,0.0034,0.296,10.564,6.662
8/26/2024 0:00,0.0037,0.0048,0.247,17.455,9.127
8/27/2024 0:00,0.0041,0.0043,0.237,12.55,7.058
8/28/2024 0:00,0.0048,0.0045,0.311,19.982,11.869
8/29/2024 0:00,0.0053,0.0037,0.32,16.796,9.835
8/30/2024 0:00,0.0054,0.0051,0.419,23.272,14.84
8/31/2024 0:00,0.0043,0.0054,0.416,23.588,14.737
,,,,,
September,,,,,
Date,No2_hourly,O3_hourly,Co_hourly,Pm10_hourly,Pm2.5_hourly
9/1/2024 0:00,0.0035,0.0053,0.343,9.637,5.317
9/2/2024 0:00,0.0049,0.006,0.392,22.068,13.181
9/3/2024 0:00,0.0055,0.0069,0.681,27.634,18.815
9/4/2024 0:00,0.0036,0.0057,0.636,16.693,11.371
9/5/2024 0:00,0.0054,0.0065,0.807,34.361,24.027
9/6/2024 0:00,0.0045,0.0065,0.878,35.099,27.097
9/7/2024 0:00,0.0044,0.007,0.687,39.472,31.688
9/8/2024 0:00,0.0018,0.0063,0.399,21.72,14.675
9/9/2024 0:00,0.0028,0.003,0.384,14.954,9.505
9/10/2024 0:00,0.0015,0.004,0.373,12.758,7.254
9/11/2024 0:00,0.0032,0.0017,0.455,14.762,9.617
9/12/2024 0:00,0.0046,0.0038,0.608,26.882,16.037
9/13/2024 0:00,0.0043,0.0047,0.578,26.802,18.66
9/14/2024 0:00,0.0039,0.0059,0.671,32.532,21.639
9/15/2024 0:00,0.0039,0.0078,0.7,32.76,21.522
9/16/2024 0:00,0.0028,0.0104,0.716,36.995,28.082
9/17/2024 0:00,0.0037,0.0106,0.783,40.532,32.314
9/18/2024 0:00,0.0043,0.0043,0.704,28.18,20.488
9/19/2024 0:00,0.0061,0.0036,0.694,26.137,15.825
9/20/2024 0:00,0.004,0.007,0.798,36.128,25.594
9/21/2024 0:00,0.0036,0.005,0.627,16.881,12.35
9/22/2024 0:00,0.0031,0.006,0.607,14.506,10.036
9/23/2024 0:00,0.0036,0.0037,0.593,13.645,10.338
9/24/2024 0:00,0.0024,0.0063,0.574,12.751,8.749
9/25/2024 0:00,0.0055,0.0018,0.638,20.428,13.971
9/26/2024 0:00,0.0033,0.0043,0.475,13.936,7.979
9/27/2024 0:00,0.0051,0.0029,0.541,12.658,8.031
9/28/2024 0:00,0.0034,0.0073,0.506,14.524,9.363
9/29/2024 0:00,0.0042,0.0042,0.542,17.918,12.675
9/30/2024 0:00,0.0036,0.0041,0.476,11.325,7.096
,,,,,
October,,,,,
Date,No2_hourly,O3_hourly,Co_hourly,Pm10_hourly,Pm2.5_hourly
10/1/2024 0:00,0.0038,0.0056,0.486,13.7,9.497
10/2/2024 0:00,0.0032,0.005,0.447,11.076,7.241
10/3/2024 0:00,0.0031,0.0055,0.456,11.121,7.592
10/4/2024 0:00,0.004,0.0038,0.481,13.378,8.84
10/5/2024 0:00,0.0042,0.0027,0.54,18.994,11.261
10/6/2024 0:00,0.0028,0.0043,0.481,10.837,7.081
10/7/2024 0:00,0.0039,0.0035,0.507,10.298,6.846
10/8/2024 0:00,0.0028,0.0056,0.461,9.262,6.476
10/9/2024 0:00,0.0039,0.0058,0.556,14.741,10.005
10/10/2024 0:00,0.0043,0.005,0.512,11.51,8.068
10/11/2024 0:00,0.0039,0.0042,0.472,11.601,8.257
10/12/2024 0:00,0.0022,0.0063,0.461,11.057,7.549
10/13/2024 0:00,0.0022,0.0056,0.436,9.706,6.894
10/14/2024 0:00,0.0024,0.0032,0.419,8.235,6.214
10/15/2024 0:00,0.0033,0.0028,0.462,10.06,7.505
10/16/2024 0:00,0.0029,0.0049,0.474,12.139,8.371
10/17/2024 0:00,0.0041,0.0031,0.513,11.07,8.728
10/18/2024 0:00,0.0029,0.0062,0.515,13.087,10.393
10/19/2024 0:00,0.004,0.0059,0.493,11.047,8.703
10/20/2024 0:00,0.0031,0.0083,0.543,19.31,13.577
10/21/2024 0:00,0.0036,0.0038,0.506,8.861,6.418
10/22/2024 0:00,0.0035,0.0059,0.545,15.685,12.116
10/23/2024 0:00,0.0036,0.0089,0.579,16.562,13.768
10/24/2024 0:00,0.0035,0.0097,0.507,14.364,14.303
10/25/2024 0:00,0.0034,0.0093,0.562,17.382,15.507
10/26/2024 0:00,0.0044,0.0079,0.575,15.784,11.627
10/27/2024 0:00,0.003,0.0099,0.57,14.122,11.585
10/28/2024 0:00,0.0042,0.0101,0.681,21.559,19.137
10/29/2024 0:00,0.0075,0.0052,0.654,21.749,15.021
10/30/2024 0:00,0.005,0.0201,0.663,36.789,24.187
10/31/2024 0:00,0.0049,0.0204,0.602,22.489,14.617
,,,,,
November,,,,,
Date,No2_hourly,O3_hourly,Co_hourly,Pm10_hourly,Pm2.5_hourly
11/1/2024 0:00,0.0043,0.0227,0.564,24.139,14.673
11/2/2024 0:00,0.004,0.0222,0.589,32.678,22.273
11/3/2024 0:00,0.0075,0.0144,0.63,27.409,19.245
11/4/2024 0:00,0.0047,0.0129,0.589,27.81,16.326
11/5/2024 0:00,0.0036,0.0157,0.528,25.804,13.61
11/6/2024 0:00,0.0039,0.0121,0.5,19.785,12.672
11/7/2024 0:00,0.0047,0.012,0.522,24.329,13.799
11/8/2024 0:00,0.0039,0.0138,0.476,18.699,10.397
11/9/2024 0:00,0.0055,0.0159,0.481,16.777,8.111
11/10/2024 0:00,0.0036,0.0217,0.515,21.117,12.258
11/11/2024 0:00,0.0057,0.0147,0.575,23.313,12.123
11/12/2024 0:00,0.0056,0.012,0.613,24.982,13.502
11/13/2024 0:00,0.0043,0.0133,0.544,15.425,8.198
11/14/2024 0:00,0.0068,0.0135,0.637,35.975,16.927
11/15/2024 0:00,0.0049,0.0126,0.656,26.048,15.444
11/16/2024 0:00,0.0031,0.014,0.542,12.162,7.754
11/17/2024 0:00,0.0036,0.0121,0.602,24.624,13.02
11/18/2024 0:00,0.0031,0.0152,0.578,21.655,13.332
11/19/2024 0:00,0.0036,0.0129,0.587,14.133,8.155
11/20/2024 0:00,0.0032,0.0157,0.579,13.027,7.26
11/21/2024 0:00,0.006,0.014,0.549,26.762,15.748
11/22/2024 0:00,0.0035,0.0149,0.478,17.562,9.903
11/23/2024 0:00,0.0039,0.0126,0.464,11.476,6.828
11/24/2024 0:00,0.0032,0.0143,0.488,14.794,8.269
11/25/2024 0:00,0.0021,0.0115,0.466,11.313,5.917
11/26/2024 0:00,0.0038,0.0147,0.535,17.802,9.675
11/27/2024 0:00,0.0045,0.0136,0.57,16.849,9.087
11/28/2024 0:00,0.003,0.0148,0.52,14.26,7.978
11/29/2024 0:00,0.0056,0.0094,0.616,27.663,12.006
11/30/2024 0:00,0.0047,0.0147,0.599,18.627,10.493
,,,,,
December,,,,,
Date,No2_hourly,O3_hourly,Co_hourly,Pm10_hourly,Pm2.5_hourly
12/1/2024 0:00,0.0036,0.0122,0.641,19.597,11.155
12/2/2024 0:00,0.0032,0.0143,0.566,20.908,8.433
12/3/2024 0:00,0.005,0.0173,0.647,21.421,11.833
12/4/2024 0:00,0.0044,0.0103,0.64,17.298,8.677
12/5/2024 0:00,0.0045,0.0121,0.613,19.023,11.042
12/6/2024 0:00,0.0054,0.0114,0.474,17.519,9.032
12/7/2024 0:00,0.0066,0.0162,0.601,28.438,17.369
12/8/2024 0:00,0.0037,0.0154,0.543,18.849,11.936
12/9/2024 0:00,0.0058,0.0131,0.56,19.684,10.999
12/10/2024 0:00,0.0042,0.0101,0.505,17.053,7.115
12/11/2024 0:00,0.0042,0.0091,0.548,21.617,11.393
12/12/2024 0:00,0.0043,0.0117,0.503,12.694,6.364
12/13/2024 0:00,0.0039,0.0095,0.511,11.657,6.043
12/14/2024 0:00,0.004,0.0099,0.513,15.083,8.068
12/15/2024 0:00,0.0034,0.0145,0.508,18.404,10.376
12/16/2024 0:00,0.0077,0.0087,0.693,35.275,18.28
12/17/2024 0:00,0.0049,0.0142,0.602,30.226,15.127
12/18/2024 0:00,0.0056,0.0124,0.578,21.583,11.563
12/19/2024 0:00,0.0049,0.0157,0.499,21.35,12.065
12/20/2024 0:00,0.0046,0.0145,0.461,12.955,7.047
12/21/2024 0:00,0.0019,0.0206,0.354,10.811,4.021
12/22/2024 0:00,0.0048,0.0224,0.383,13.858,6.1
12/23/2024 0:00,0.0047,0.0177,0.446,20.936,10.033
12/24/2024 0:00,0.003,0.0317,0.38,14.61,8.173
12/25/2024 0:00,0.0056,0.0171,0.528,26.936,17.515
12/26/2024 0:00,0.0052,0.017,0.546,26.662,17.972
12/27/2024 0:00,0.0048,0.0157,0.424,17.694,11.539
12/28/2024 0:00,0.0036,0.016,0.398,13.271,8.625
12/29/2024 0:00,0.0039,0.0156,0.423,18.793,12.188
12/30/2024 0:00,0.0033,0.0133,0.391,19.087,9.707
12/31/2024 0:00,0.0023,0.0164,0.381,14.118,6.799
