2018,,,,,
January,,,,,
Date,No2_hourly,O3_hourly,Co_hourly,Pm10_hourly,Pm2.5_hourly
2018-01-01 00:00:00,0.0031,0.0128,0.214,13.802,6.408
2018-01-02 00:00:00,0.0035,0.0161,0.274,11.064,5.282
2018-01-03 00:00:00,0.0033,0.0176,0.283,12.247,6.075
2018-01-04 00:00:00,0.0042,0.0133,0.345,14.689,7.646
2018-01-05 00:00:00,0.0037,0.017,0.354,20.266,12.763
2018-01-06 00:00:00,0.0036,0.0114,0.3,6.697,3.576
2018-01-07 00:00:00,0.003,0.0153,0.329,9.16,5.389
2018-01-08 00:00:00,0.0039,0.0137,0.362,13.349,8.143
2018-01-09 00:00:00,0.0028,0.0103,0.34,15.813,8.923
2018-01-10 00:00:00,0.0024,0.0127,0.347,12.36,5.22
2018-01-11 00:00:00,0.0026,0.0137,0.382,14.107,6.6
2018-01-12 00:00:00,0.0035,0.0104,0.41,10.198,4.342
2018-01-13 00:00:00,0.0036,0.0108,0.419,11.317,6.19
2018-01-14 00:00:00,0.0026,0.0132,0.411,12.557,5.915
2018-01-15 00:00:00,0.0041,0.015,0.472,10.726,5.715
2018-01-16 00:00:00,0.0056,0.0117,0.585,16.44,7.894
2018-01-17 00:00:00,0.0042,0.0138,0.533,13.219,6.574
2018-01-18 00:00:00,0.004,0.0111,0.52,10.666,5.56
2018-01-19 00:00:00,0.005,0.0121,0.557,12.35,5.729
2018-01-20 00:00:00,0.0019,0.0094,0.484,9.606,5.452
2018-01-21 00:00:00,0.003,0.0135,0.541,17.468,10.274
2018-01-22 00:00:00,0.0043,0.0131,0.607,17.615,10.486
2018-01-23 00:00:00,0.0047,0.0154,0.635,16.031,9.811
2018-01-24 00:00:00,0.004,0.0133,0.597,13.59,7.382
2018-01-25 00:00:00,0.0038,0.0146,0.595,12.906,7.039
2018-01-26 00:00:00,0.0039,0.0158,0.605,12.319,6.907
2018-01-27 00:00:00,0.0032,0.0194,0.619,13.261,8.957
2018-01-28 00:00:00,0.0031,0.0137,0.628,12.884,7.872
2018-01-29 00:00:00,0.0026,0.0125,0.617,11.909,6.404
2018-01-30 00:00:00,0.0025,0.0112,0.622,10.123,4.779
2018-01-31 00:00:00,0.0022,0.0109,0.634,9.477,4.756
,,,,,
February,,,,,
Date,No2_hourly,O3_hourly,Co_hourly,Pm10_hourly,Pm2.5_hourly
2018-02-01 00:00:00,0.003,0.0143,0.686,16.541,9.691
2018-02-02 00:00:00,0.0022,0.0163,0.689,17.21,7.509
2018-02-03 00:00:00,0.0024,0.0209,0.742,22.073,11.435
2018-02-04 00:00:00,0.002,0.0259,0.734,16.098,5.884
2018-02-05 00:00:00,0.0031,0.0272,0.783,13.196,4.721
2018-02-06 00:00:00,0.0041,0.0262,0.813,21.358,6.937
2018-02-07 00:00:00,0.0048,0.0255,0.779,20.609,7.975
2018-02-08 00:00:00,0.0054,0.0241,0.723,21.577,10.007
2018-02-09 00:00:00,0.0057,0.0258,0.759,24.795,13.084
2018-02-10 00:00:00,0.0069,0.0213,0.812,27.846,16.911
2018-02-11 00:00:00,0.0054,0.0184,0.806,23.362,14.534
2018-02-12 00:00:00,0.0064,0.0173,0.763,19.983,11.403
2018-02-13 00:00:00,0.0079,0.0155,0.807,24.688,14.79
2018-02-14 00:00:00,0.0059,0.0152,0.822,22.878,13.81
2018-02-15 00:00:00,0.0036,0.0179,0.763,18.797,11.045
2018-02-16 00:00:00,0.0029,0.0148,0.753,26.499,16.48
2018-02-17 00:00:00,0.003,0.017,0.801,20.207,11.604
2018-02-18 00:00:00,0.0028,0.0156,0.791,15.598,9.565
2018-02-19 00:00:00,0.0036,0.0111,0.793,13.045,6.74
2018-02-20 00:00:00,0.0026,0.0132,0.784,14.602,8.901
2018-02-21 00:00:00,0.0044,0.0125,0.327,12.666,6.318
2018-02-22 00:00:00,0.0039,0.0136,0.313,16.255,8.757
2018-02-23 00:00:00,0.0034,0.0138,0.563,22.534,12.775
2018-02-24 00:00:00,0.0021,0.0143,0.459,18.451,8.035
2018-02-25 00:00:00,0.003,0.0118,0.487,15.45,6.883
2018-02-26 00:00:00,0.0031,0.0137,0.508,14.698,7.422
2018-02-27 00:00:00,0.0055,0.0119,0.579,20.182,12.518
2018-02-28 00:00:00,0.0058,0.0106,0.603,17.403,8.639
,,,,,
March,,,,,
Date,No2_hourly,O3_hourly,Co_hourly,Pm10_hourly,Pm2.5_hourly
2018-03-01 00:00:00,0.0035,0.0146,0.547,14.324,7.445
2018-03-02 00:00:00,0.0031,0.0135,0.539,16.116,8.324
2018-03-03 00:00:00,0.003,0.0126,0.544,17.381,10.041
2018-03-04 00:00:00,0.0049,0.0114,0.635,15.205,8.953
2018-03-05 00:00:00,0.0034,0.0132,0.558,15.603,7.798
2018-03-06 00:00:00,0.0029,0.0174,0.572,19.288,11.094
2018-03-07 00:00:00,0.0025,0.0151,0.529,17.106,7.499
2018-03-08 00:00:00,0.0029,0.0143,0.568,15.871,7.072
2018-03-09 00:00:00,0.0021,0.0117,0.557,17.319,6.592
2018-03-10 00:00:00,0.0016,0.0158,0.554,18.013,7.93
2018-03-11 00:00:00,0.0013,0.0177,0.58,17.597,6.712
2018-03-12 00:00:00,0.0022,0.0222,0.652,21.213,9.082
2018-03-13 00:00:00,0.0027,0.02,0.654,16.887,7.232
2018-03-14 00:00:00,0.0033,0.0171,0.684,17.692,8.434
2018-03-15 00:00:00,0.0041,0.0206,0.717,16.479,9.217
2018-03-16 00:00:00,0.0043,0.0137,0.721,15.269,9.523
2018-03-17 00:00:00,0.0038,0.0182,0.716,18.639,11.838
2018-03-18 00:00:00,0.003,0.0159,0.768,21.478,13.408
2018-03-19 00:00:00,0.0043,0.0133,0.505,20.08,10.731
2018-03-20 00:00:00,0.0036,0.0131,0.192,14.146,8.518
2018-03-21 00:00:00,0.0044,0.0118,0.208,21.361,12.434
2018-03-22 00:00:00,0.003,0.014,0.182,17.167,8.984
2018-03-23 00:00:00,0.0029,0.0165,0.21,22.175,12.617
2018-03-24 00:00:00,0.0031,0.0194,0.216,17.364,9.3
2018-03-25 00:00:00,0.0038,0.0163,0.251,12.76,7.036
2018-03-26 00:00:00,0.0053,0.0158,0.331,18.222,10.349
2018-03-27 00:00:00,0.0044,0.0175,0.32,19.891,10.719
2018-03-28 00:00:00,0.0064,0.0139,0.368,22.637,12.897
2018-03-29 00:00:00,0.0035,0.0183,0.329,16.202,8.557
2018-03-30 00:00:00,0.005,0.0145,0.407,22.494,13.619
2018-03-31 00:00:00,0.0042,0.016,0.416,27.005,16.331
,,,,,
April,,,,,
Date,No2_hourly,O3_hourly,Co_hourly,Pm10_hourly,Pm2.5_hourly
2018-04-01 00:00:00,0.0034,0.0217,0.41,27.519,15.789
2018-04-02 00:00:00,0.0059,0.0168,0.454,26.915,15.819
2018-04-03 00:00:00,0.0061,0.0158,0.467,26.924,16.359
2018-04-04 00:00:00,0.0065,0.0168,0.481,26.355,16.051
2018-04-05 00:00:00,0.0055,0.0152,0.474,26.22,16.413
2018-04-06 00:00:00,0.0053,0.0153,0.503,30.609,20.771
2018-04-07 00:00:00,0.0045,0.0157,0.478,34.247,24.515
2018-04-08 00:00:00,0.0034,0.0189,0.433,22.521,12.91
2018-04-09 00:00:00,0.0036,0.0233,0.475,26.75,14.42
2018-04-10 00:00:00,0.0027,0.02,0.459,20.678,11.302
2018-04-11 00:00:00,0.0028,0.0173,0.453,17.525,9.885
2018-04-12 00:00:00,0.0033,0.0167,0.481,18.973,11.35
2018-04-13 00:00:00,0.0043,0.0155,0.496,15.18,8.205
2018-04-14 00:00:00,0.0039,0.0147,0.477,15.228,8.66
2018-04-15 00:00:00,0.0023,0.021,0.449,11.942,6.597
2018-04-16 00:00:00,0.0037,0.015,0.458,11.422,6.492
2018-04-17 00:00:00,0.0031,0.0165,0.432,14.61,8.224
2018-04-18 00:00:00,0.0045,0.0095,0.461,19.456,9.656
2018-04-19 00:00:00,0.0037,0.0132,0.454,19.875,9.789
2018-04-20 00:00:00,0.0048,0.0162,0.497,18.266,10.038
2018-04-21 00:00:00,0.0033,0.0152,0.461,14.157,7.66
2018-04-22 00:00:00,0.0028,0.0137,0.458,14.375,7.246
2018-04-23 00:00:00,0.0039,0.0151,0.496,14.787,8.258
2018-04-24 00:00:00,0.0032,0.0144,0.509,13.548,7.527
2018-04-25 00:00:00,0.0036,0.0072,0.512,16.577,8.365
2018-04-26 00:00:00,0.0035,0.0103,0.534,16.782,8.654
2018-04-27 00:00:00,0.0041,0.0122,0.552,19.088,10.224
2018-04-28 00:00:00,0.005,0.0083,0.585,22.542,11.324
2018-04-29 00:00:00,0.0024,0.0153,0.564,15.703,8.644
2018-04-30 00:00:00,0.0047,0.0158,0.562,15.661,8.868
,,,,,
May,,,,,
Date,No2_hourly,O3_hourly,Co_hourly,Pm10_hourly,Pm2.5_hourly
2018-05-01 00:00:00,0.0045,0.0157,0.491,20.306,13.044
2018-05-02 00:00:00,0.0062,0.0097,0.581,20.895,13.835
2018-05-03 00:00:00,0.002,0.0175,0.387,13.415,8.617
2018-05-04 00:00:00,0.0031,0.0196,0.429,11.912,7.887
2018-05-05 00:00:00,0.0053,0.0138,0.526,17.597,10.513
2018-05-06 00:00:00,0.0036,0.0121,0.48,16.634,10.158
2018-05-07 00:00:00,0.0037,0.0104,0.491,16.12,8.141
2018-05-08 00:00:00,0.0042,0.0108,0.516,17.773,9.242
2018-05-09 00:00:00,0.0046,0.0158,0.517,17.12,9.662
2018-05-10 00:00:00,0.0039,0.0169,0.517,21.588,12.019
2018-05-11 00:00:00,0.0055,0.0147,0.559,18.179,9.98
2018-05-12 00:00:00,0.0039,0.0168,0.549,16.496,9.225
2018-05-13 00:00:00,0.004,0.0184,0.587,19.478,12.804
2018-05-14 00:00:00,0.0052,0.0162,0.563,20.399,13.339
2018-05-15 00:00:00,0.0059,0.0145,0.48,16.924,10.086
2018-05-16 00:00:00,0.005,0.0172,0.494,19.497,11.65
2018-05-17 00:00:00,0.0037,0.0147,0.462,17.485,10.483
2018-05-18 00:00:00,0.0032,0.0115,0.441,15.72,8.253
2018-05-19 00:00:00,0.0049,0.0124,0.498,18.134,10.972
2018-05-20 00:00:00,0.0029,0.014,0.476,17.93,10.344
2018-05-21 00:00:00,0.0047,0.0103,0.524,12.228,6.74
2018-05-22 00:00:00,0.0037,0.0113,0.506,14.472,7.676
2018-05-23 00:00:00,0.0038,0.0124,0.519,17.03,9.112
2018-05-24 00:00:00,0.0037,0.012,0.552,20.845,12.394
2018-05-25 00:00:00,0.0033,0.0101,0.13,13.775,8.83
2018-05-26 00:00:00,0.0029,0.0136,0.113,16.153,10.364
2018-05-27 00:00:00,0.0031,0.0097,0.177,11.891,6.126
2018-05-28 00:00:00,0.0029,0.0076,0.317,14.41,7.09
2018-05-29 00:00:00,0.0028,0.0109,0.356,14.715,7.547
2018-05-30 00:00:00,0.0033,0.0109,0.456,13.567,7.322
2018-05-31 00:00:00,0.0023,0.0113,0.43,16.068,8.494
,,,,,
June,,,,,
Date,No2_hourly,O3_hourly,Co_hourly,Pm10_hourly,Pm2.5_hourly
2018-06-01 00:00:00,0.0017,0.0109,0.485,11.591,5.693
2018-06-02 00:00:00,0.0019,0.0147,0.53,14.762,7.777
2018-06-03 00:00:00,0.0039,0.0132,0.643,24.48,15.031
2018-06-04 00:00:00,0.0045,0.0157,0.635,24.753,16.142
2018-06-05 00:00:00,0.0053,0.0046,0.775,36.033,27.736
2018-06-06 00:00:00,0.0047,0.024,0.656,27.564,19.78
2018-06-07 00:00:00,0.0047,0.0123,0.664,29.703,19.596
2018-06-08 00:00:00,0.0048,0.0093,0.681,32.573,23.3
2018-06-09 00:00:00,0.0037,0.0129,0.57,34.105,24.434
2018-06-10 00:00:00,0.0035,0.0133,0.578,30.859,21.165
2018-06-11 00:00:00,0.0052,0.0172,0.66,37.157,24.546
2018-06-12 00:00:00,0.005,0.0206,0.686,42.524,31.621
2018-06-13 00:00:00,0.0071,0.015,0.714,37.277,25.511
2018-06-14 00:00:00,0.0053,0.0138,0.698,37.155,25.913
2018-06-15 00:00:00,0.0041,0.0123,0.713,46.622,35.987
2018-06-16 00:00:00,0.0016,0.0154,0.56,20.47,14.888
2018-06-17 00:00:00,0.0016,0.0196,0.585,18.66,13.346
2018-06-18 00:00:00,0.0034,0.019,0.649,27.931,17.602
2018-06-19 00:00:00,0.0036,0.0178,0.694,27.848,18.878
2018-06-20 00:00:00,0.0036,0.0175,0.602,20.062,13.253
2018-06-21 00:00:00,0.0041,0.0097,0.541,18.112,11.453
2018-06-22 00:00:00,0.0042,0.0138,0.678,19.147,13.005
2018-06-23 00:00:00,0.0046,0.0091,0.626,21.741,15.248
2018-06-24 00:00:00,0.0043,0.0141,0.594,13.387,9.949
2018-06-25 00:00:00,0.0033,0.0105,0.589,17.227,10.96
2018-06-26 00:00:00,0.0024,0.0126,0.581,13.186,8.262
2018-06-27 00:00:00,0.0022,0.0112,0.584,13.736,10.05
2018-06-28 00:00:00,0.003,0.0123,0.614,18.437,12.628
2018-06-29 00:00:00,0.002,0.0158,0.607,18.081,13.138
2018-06-30 00:00:00,0.0015,0.0117,0.605,17.037,11.635
,,,,,
July,,,,,
Date,No2_hourly,O3_hourly,Co_hourly,Pm10_hourly,Pm2.5_hourly
2018-07-01 00:00:00,0.0017,0.0092,0.611,14.095,10.155
2018-07-02 00:00:00,0.0019,0.0108,0.615,15.869,9.231
2018-07-03 00:00:00,0.0025,0.0118,0.64,14.228,9.758
2018-07-04 00:00:00,0.0033,0.0092,0.557,21.672,12.937
2018-07-05 00:00:00,0.0041,0.0121,0.293,22.201,14.15
2018-07-06 00:00:00,0.006,0.0219,0.376,27.66,17.722
2018-07-07 00:00:00,0.003,0.0159,0.369,27.422,19.82
2018-07-08 00:00:00,0.0033,0.017,0.41,29.175,22.236
2018-07-09 00:00:00,0.0038,0.0127,0.434,32.822,24.686
2018-07-10 00:00:00,0.0046,0.0108,0.442,25.188,16.821
2018-07-11 00:00:00,0.0029,0.0138,0.13,22.903,14.352
2018-07-12 00:00:00,0.0023,0.0098,0.118,23.297,14.902
2018-07-13 00:00:00,0.0038,0.0149,0.188,27.575,18.538
2018-07-14 00:00:00,0.0036,0.0184,0.219,34.906,24.425
2018-07-15 00:00:00,0.0039,0.0173,0.267,38.421,28.658
2018-07-16 00:00:00,0.0046,0.0177,0.286,39.271,27.159
2018-07-17 00:00:00,0.006,0.0235,0.394,48.398,35.879
2018-07-18 00:00:00,0.0074,0.0217,0.516,49.393,34.614
2018-07-19 00:00:00,0.0038,0.0178,0.495,33.187,21.303
2018-07-20 00:00:00,0.0043,0.0133,0.494,37.805,23.555
2018-07-21 00:00:00,0.0026,0.0134,0.422,23.459,14.866
2018-07-22 00:00:00,0.0019,0.0172,0.416,21.31,14.319
2018-07-23 00:00:00,0.0018,0.0192,0.457,20.392,13.948
2018-07-24 00:00:00,0.0046,0.0142,0.558,28.735,19.835
2018-07-25 00:00:00,0.0041,0.0126,0.511,27.17,18.294
2018-07-26 00:00:00,0.0039,0.01,0.504,28.274,17.621
2018-07-27 00:00:00,0.0048,0.0174,0.569,29.443,19.59
2018-07-28 00:00:00,0.008,0.0136,0.768,60.224,47.906
2018-07-29 00:00:00,0.0043,0.0116,0.618,26.809,19.49
2018-07-30 00:00:00,0.0048,0.0114,0.682,29.161,19.915
2018-07-31 00:00:00,0.0024,0.0127,0.576,18.287,13.218
,,,,,
August,,,,,
Date,No2_hourly,O3_hourly,Co_hourly,Pm10_hourly,Pm2.5_hourly
2018-08-01 00:00:00,0.0038,0.0147,0.556,12.046,7.107
2018-08-02 00:00:00,0.0025,0.0158,0.525,10.529,5.315
2018-08-03 00:00:00,0.0031,0.0165,0.595,19.196,11.794
2018-08-04 00:00:00,0.0054,0.0183,0.745,40.832,31.389
2018-08-05 00:00:00,0.0059,0.0122,0.747,30.364,21.094
2018-08-06 00:00:00,0.0048,0.0135,0.675,35.816,22.487
2018-08-07 00:00:00,0.0028,0.0196,0.617,29.175,18.465
2018-08-08 00:00:00,0.0022,0.0203,0.614,29.591,17.3
2018-08-09 00:00:00,0.0026,0.0168,0.619,24.663,14.681
2018-08-10 00:00:00,0.0045,0.0191,0.713,29.961,19.422
2018-08-11 00:00:00,0.0053,0.0206,0.781,38.229,27.874
2018-08-12 00:00:00,0.0032,0.0237,0.778,38.892,29.494
2018-08-13 00:00:00,0.0053,0.0219,0.793,48.8,39.528
2018-08-14 00:00:00,0.0065,0.0179,0.528,55.014,43.972
2018-08-15 00:00:00,0.0066,0.0189,0.485,47.377,38.392
2018-08-16 00:00:00,0.0053,0.0216,0.466,54.151,42.798
2018-08-17 00:00:00,0.0047,0.0197,0.365,51.181,37.367
2018-08-18 00:00:00,0.005,0.0217,0.46,63.312,48.554
2018-08-19 00:00:00,0.0046,0.023,0.456,58.375,47.207
2018-08-20 00:00:00,0.0051,0.0152,0.325,36.62,27.745
2018-08-21 00:00:00,0.0037,0.0189,0.407,45.043,36.475
2018-08-22 00:00:00,0.0034,0.0262,0.479,54.962,45.914
2018-08-23 00:00:00,0.003,0.0158,0.314,21.199,14.329
2018-08-24 00:00:00,0.0038,0.0096,0.325,27.444,18.899
2018-08-25 00:00:00,0.0054,0.015,0.382,30.701,22.529
2018-08-26 00:00:00,0.0039,0.0181,0.345,29.612,21.771
2018-08-27 00:00:00,0.0043,0.0178,0.345,28.484,20.233
2018-08-28 00:00:00,0.005,0.0179,0.434,37.624,26.761
2018-08-29 00:00:00,0.005,0.0113,0.422,32.097,19.838
2018-08-30 00:00:00,0.0044,0.0163,0.381,29.913,17.817
2018-08-31 00:00:00,0.0062,0.0176,0.51,39.579,29.557
,,,,,
September,,,,,
Date,No2_hourly,O3_hourly,Co_hourly,Pm10_hourly,Pm2.5_hourly
2018-09-01 00:00:00,0.0063,0.0096,0.461,29.402,20.484
2018-09-02 00:00:00,0.0025,0.0126,0.32,15.897,9.078
2018-09-03 00:00:00,0.0034,0.0152,0.382,18.265,10.059
2018-09-04 00:00:00,0.0056,0.0065,0.451,25.085,15.676
2018-09-05 00:00:00,0.0051,0.01,0.464,21.554,12.588
2018-09-06 00:00:00,0.003,0.0209,0.415,15.368,8.872
2018-09-07 00:00:00,0.0037,0.0221,0.449,19.059,12.055
2018-09-08 00:00:00,0.0054,0.0148,0.502,23.968,14.053
2018-09-09 00:00:00,0.0037,0.0103,0.565,18.743,9.948
2018-09-10 00:00:00,0.0034,0.0147,0.63,15.771,9.337
2018-09-11 00:00:00,0.002,0.0129,0.612,13.347,8.325
2018-09-12 00:00:00,0.0038,0.0135,0.519,11.092,7.026
2018-09-13 00:00:00,0.0049,0.0098,0.362,19.856,11.833
2018-09-14 00:00:00,0.0034,0.0127,0.385,23.956,14.701
2018-09-15 00:00:00,0.003,0.024,0.457,34.599,24.429
2018-09-16 00:00:00,0.0041,0.0252,0.566,51.298,39.092
2018-09-17 00:00:00,0.0052,0.0148,0.51,41.571,29.979
2018-09-18 00:00:00,0.0037,0.0185,0.451,26.387,18.613
2018-09-19 00:00:00,0.0031,0.0143,0.396,14.771,10.618
2018-09-20 00:00:00,0.0024,0.0155,0.399,13.837,10.054
2018-09-21 00:00:00,0.0036,0.0128,0.446,21.092,13.24
2018-09-22 00:00:00,0.0031,0.0133,0.455,24.806,17.985
2018-09-23 00:00:00,0.0036,0.012,0.458,20.462,12.516
2018-09-24 00:00:00,0.0043,0.009,0.539,24.528,15.759
2018-09-25 00:00:00,0.0038,0.0122,0.517,24.984,17.498
2018-09-26 00:00:00,0.0039,0.0143,0.525,24.582,17.034
2018-09-27 00:00:00,0.0043,0.0129,0.544,28.986,20.287
2018-09-28 00:00:00,0.0059,0.0127,0.589,33.908,24.017
2018-09-29 00:00:00,0.0041,0.0126,0.547,24.617,19.21
2018-09-30 00:00:00,0.0022,0.0146,0.547,23.867,19.448
,,,,,
October,,,,,
Date,No2_hourly,O3_hourly,Co_hourly,Pm10_hourly,Pm2.5_hourly
2018-10-01 00:00:00,0.0041,0.0091,0.585,21.752,16.452
2018-10-02 00:00:00,0.0035,0.0096,0.614,21.244,15.276
2018-10-03 00:00:00,0.0014,0.0103,0.589,15.396,12.021
2018-10-04 00:00:00,0.0036,0.0202,0.62,20.715,14.634
2018-10-05 00:00:00,0.003,0.0143,0.588,16.841,11.297
2018-10-06 00:00:00,0.0042,0.0129,0.615,23.921,17.112
2018-10-07 00:00:00,0.005,0.0132,0.665,28.004,18.641
2018-10-08 00:00:00,0.0041,0.0134,0.648,27.401,18.487
2018-10-09 00:00:00,0.0036,0.0131,0.61,25.391,17.442
2018-10-10 00:00:00,0.0032,0.0167,0.578,19.316,13.603
2018-10-11 00:00:00,0.0022,0.0142,0.581,18.618,11.216
2018-10-12 00:00:00,0.002,0.0149,0.602,20.434,16.489
2018-10-13 00:00:00,0.0019,0.0144,0.582,15.573,11.118
2018-10-14 00:00:00,0.0008,0.0171,0.545,11.062,6.19
2018-10-15 00:00:00,0.0036,0.0119,0.646,19.994,12.626
2018-10-16 00:00:00,0.0046,0.0143,0.66,21.875,12.696
2018-10-17 00:00:00,0.0032,0.0153,0.637,21.987,13.951
2018-10-18 00:00:00,0.0023,0.0154,0.618,14.31,9.695
2018-10-19 00:00:00,0.0023,0.0218,0.64,17.844,11.801
2018-10-20 00:00:00,0.004,0.0185,0.71,19.523,13.637
2018-10-21 00:00:00,0.0035,0.0124,0.683,19.644,12.739
2018-10-22 00:00:00,0.003,0.0155,0.656,14.833,9.762
2018-10-23 00:00:00,0.0034,0.0153,0.689,21.426,14.601
2018-10-24 00:00:00,0.0038,0.0199,0.707,17.561,12.707
2018-10-25 00:00:00,0.0066,0.015,0.818,28.965,20.465
2018-10-26 00:00:00,0.0052,0.0162,0.766,26.035,17.482
2018-10-27 00:00:00,0.0064,0.013,0.877,32.605,23.401
2018-10-28 00:00:00,0.0038,0.0166,0.777,27.481,20.509
2018-10-29 00:00:00,0.0034,0.0161,0.686,23.13,16.762
2018-10-30 00:00:00,0.0048,0.0119,0.663,29.506,22.254
2018-10-31 00:00:00,0.0046,0.0144,0.658,31.019,21.47
,,,,,
November,,,,,
Date,No2_hourly,O3_hourly,Co_hourly,Pm10_hourly,Pm2.5_hourly
2018-11-01 00:00:00,0.0038,0.0137,0.655,25.23,17.267
2018-11-02 00:00:00,0.0042,0.016,0.668,21.268,14.33
2018-11-03 00:00:00,0.0041,0.019,0.7,29.064,21.514
2018-11-04 00:00:00,0.0021,0.0129,0.639,20.961,14.352
2018-11-05 00:00:00,0.002,0.013,0.647,22.613,15.755
2018-11-06 00:00:00,0.002,0.0148,0.624,16.183,10.648
2018-11-07 00:00:00,0.0021,0.0116,0.658,18.428,12.829
2018-11-08 00:00:00,0.003,0.0117,0.651,16.083,11.083
2018-11-09 00:00:00,0.0033,0.015,0.676,22.358,16.092
2018-11-10 00:00:00,0.0023,0.0139,0.656,16.214,11.084
2018-11-11 00:00:00,0.0033,0.0115,0.676,17.317,12.031
2018-11-12 00:00:00,0.0024,0.0156,0.617,18.593,12.519
2018-11-13 00:00:00,0.0033,0.0128,0.572,17.286,11.928
2018-11-14 00:00:00,0.0042,0.0124,0.606,20.716,14.968
2018-11-15 00:00:00,0.0033,0.0171,0.586,16.49,12.261
2018-11-16 00:00:00,0.0063,0.0071,0.669,22.634,15.055
2018-11-17 00:00:00,0.0039,0.0122,0.628,19.137,13.484
2018-11-18 00:00:00,0.0042,0.0149,0.64,24.286,18.049
2018-11-19 00:00:00,0.0064,0.0116,0.704,25.941,19.585
2018-11-20 00:00:00,0.0053,0.0125,0.735,31.673,24.536
2018-11-21 00:00:00,0.0061,0.0137,0.768,27.305,18.783
2018-11-22 00:00:00,0.0052,0.0131,0.687,25.359,18.46
2018-11-23 00:00:00,0.0034,0.0161,0.66,23.862,17.482
2018-11-24 00:00:00,0.0031,0.0171,0.661,22.433,16.427
2018-11-25 00:00:00,0.0041,0.0182,0.719,27.268,20.967
2018-11-26 00:00:00,0.0053,0.0156,0.662,31.505,24.194
2018-11-27 00:00:00,0.0067,0.0139,0.594,31.055,23.569
2018-11-28 00:00:00,0.005,0.0152,0.597,23.978,15.062
2018-11-29 00:00:00,0.0037,0.0139,0.586,24.606,14.383
2018-11-30 00:00:00,0.0044,0.0146,0.601,26.124,16.545
,,,,,
December,,,,,
Date,No2_hourly,O3_hourly,Co_hourly,Pm10_hourly,Pm2.5_hourly
2018-12-01 00:00:00,0.0048,0.0133,0.565,17.535,11.359
2018-12-02 00:00:00,0.0057,0.0132,0.627,19.179,13.517
2018-12-03 00:00:00,0.0062,0.0158,0.621,21.812,15.077
2018-12-04 00:00:00,0.0041,0.0156,0.566,19.197,12.813
2018-12-05 00:00:00,0.0036,0.0158,0.558,19.038,14.879
2018-12-06 00:00:00,0.0051,0.013,0.623,20.699,13.994
2018-12-07 00:00:00,0.0042,0.0095,0.589,14.528,8.042
2018-12-08 00:00:00,0.004,0.0032,0.629,19.446,13.268
2018-12-09 00:00:00,0.003,0.0172,0.61,14.256,9.845
2018-12-10 00:00:00,0.0049,0.0124,0.63,13.107,8.292
2018-12-11 00:00:00,0.0044,0.0122,0.641,19.801,13.286
2018-12-12 00:00:00,0.004,0.0148,0.645,22.234,15.344
2018-12-13 00:00:00,0.0039,0.0174,0.645,26.142,17.362
2018-12-14 00:00:00,0.0043,0.0139,0.663,22.289,14.885
2018-12-15 00:00:00,0.0058,0.012,0.711,23.087,14.743
2018-12-16 00:00:00,0.0036,0.0156,0.641,17.827,12.256
2018-12-17 00:00:00,0.0035,0.013,0.627,17.39,10.666
2018-12-18 00:00:00,0.0043,0.0137,0.7,23.321,16.502
2018-12-19 00:00:00,0.0049,0.0135,0.726,23.778,16.338
2018-12-20 00:00:00,0.0037,0.0106,0.672,17.4,11.464
2018-12-21 00:00:00,0.0051,0.0127,0.726,23.98,17.221
2018-12-22 00:00:00,0.0039,0.0155,0.715,26.423,20.56
2018-12-23 00:00:00,0.0026,0.0169,0.695,16.698,13.861
2018-12-24 00:00:00,0.0032,0.0148,0.643,21.309,15.441
2018-12-25 00:00:00,0.0041,0.0149,0.647,28.477,21.461
2018-12-26 00:00:00,0.004,0.0183,0.615,27.507,20.552
2018-12-27 00:00:00,0.0029,0.02,0.58,18.581,13.926
2018-12-28 00:00:00,0.0044,0.015,0.606,22.025,15.784
2018-12-29 00:00:00,0.0022,0.0172,0.597,13.651,7.134
2018-12-30 00:00:00,0.0016,0.017,0.603,13.75,7.145
2018-12-31 00:00:00,0.0034,0.0123,0.641,14.321,7.765
,,,,,
,,,,,
2019,,,,,
January,,,,,
Date,No2_hourly,O3_hourly,Co_hourly,Pm10_hourly,Pm2.5_hourly
2019-01-01 00:00:00,0.0034,0.0122,0.651,12.935,7.364
2019-01-02 00:00:00,0.0043,0.0115,0.656,13.106,6.69
2019-01-03 00:00:00,0.0066,0.0101,0.747,18.958,9.175
2019-01-04 00:00:00,0.0038,0.0154,0.675,20.075,11.488
2019-01-05 00:00:00,0.0044,0.0167,0.699,20.952,10.265
2019-01-06 00:00:00,0.0055,0.0158,0.757,22.106,12.929
2019-01-07 00:00:00,0.0036,0.0173,0.576,23.227,12.014
2019-01-08 00:00:00,0.0036,0.017,0.504,20.983,10.521
2019-01-09 00:00:00,0.0058,0.0164,0.571,16.95,10.234
2019-01-10 00:00:00,0.0058,0.0161,0.589,29.488,17.775
2019-01-11 00:00:00,0.0048,0.0193,0.556,25.565,15.826
2019-01-12 00:00:00,0.0034,0.0164,0.552,22.019,11.851
2019-01-13 00:00:00,0.0046,0.0146,0.574,27.391,15.471
2019-01-14 00:00:00,0.0059,0.015,0.671,28.641,17.16
2019-01-15 00:00:00,0.0047,0.0141,0.587,24.065,15.338
2019-01-16 00:00:00,0.0045,0.0099,0.592,17.859,11.023
2019-01-17 00:00:00,0.003,0.0149,0.568,16.823,10.016
2019-01-18 00:00:00,0.0026,0.0188,0.586,25.702,12.875
2019-01-19 00:00:00,0.003,0.0188,0.611,30.856,15.53
2019-01-20 00:00:00,0.0032,0.02,0.607,30.302,17.178
2019-01-21 00:00:00,0.0035,0.0199,0.587,23.245,13.417
2019-01-22 00:00:00,0.0051,0.0148,0.548,21.183,13.216
2019-01-23 00:00:00,0.0035,0.0199,0.507,15.206,9.314
2019-01-24 00:00:00,0.006,0.0164,0.609,26.26,16.637
2019-01-25 00:00:00,0.0045,0.0174,0.615,21.991,11.104
2019-01-26 00:00:00,0.0037,0.0178,0.57,17.141,9.464
2019-01-27 00:00:00,0.0022,0.0152,0.53,15.791,8.96
2019-01-28 00:00:00,0.0036,0.0191,0.577,25.607,14.217
2019-01-29 00:00:00,0.0031,0.0223,0.578,36.33,20.396
2019-01-30 00:00:00,0.0028,0.0165,0.555,20.83,11.95
2019-01-31 00:00:00,0.0041,0.0207,0.616,26.173,15.935
,,,,,
February,,,,,
Date,No2_hourly,O3_hourly,Co_hourly,Pm10_hourly,Pm2.5_hourly
2019-02-01 00:00:00,0.0037,0.014,0.608,21.692,13.092
2019-02-02 00:00:00,0.0048,0.0164,0.647,30.248,18.232
2019-02-03 00:00:00,0.0053,0.016,0.712,31.685,18.391
2019-02-04 00:00:00,0.0047,0.0155,0.696,35.103,23.202
2019-02-05 00:00:00,0.0033,0.0189,0.675,52.381,39.945
2019-02-06 00:00:00,0.0029,0.019,0.669,31.851,21.411
2019-02-07 00:00:00,0.0031,0.0169,0.664,26.038,16.764
2019-02-08 00:00:00,0.0039,0.0163,0.618,28.264,16.945
2019-02-09 00:00:00,0.0041,0.0173,0.558,35.391,26.93
2019-02-10 00:00:00,0.004,0.0172,0.588,23.705,15.966
2019-02-11 00:00:00,0.0036,0.019,0.56,22.542,11.143
2019-02-12 00:00:00,0.003,0.0194,0.575,25.4,13.73
2019-02-13 00:00:00,0.0024,0.0218,0.536,27.031,11.731
2019-02-14 00:00:00,0.0036,0.0213,0.584,27.776,14.73
2019-02-15 00:00:00,0.0043,0.025,0.607,30.114,15.169
2019-02-16 00:00:00,0.0054,0.0204,0.673,28.398,15.701
2019-02-17 00:00:00,0.0033,0.0201,0.64,21.789,13.299
2019-02-18 00:00:00,0.0045,0.014,0.642,16.841,10.741
2019-02-19 00:00:00,0.0047,0.0184,0.675,22.343,14.826
2019-02-20 00:00:00,0.0046,0.0182,0.695,22.993,13.574
2019-02-21 00:00:00,0.0036,0.0234,0.611,28.26,13.438
2019-02-22 00:00:00,0.0034,0.024,0.575,31.653,16.634
2019-02-23 00:00:00,0.0035,0.0217,0.597,30.554,16.666
2019-02-24 00:00:00,0.0032,0.0179,0.621,29.144,17.658
2019-02-25 00:00:00,0.0039,0.0163,0.643,26.787,15.695
2019-02-26 00:00:00,0.0028,0.0231,0.574,25.188,13.864
2019-02-27 00:00:00,0.0033,0.0286,0.582,27.673,13.962
2019-02-28 00:00:00,0.0056,0.0232,0.627,26.733,14.674
,,,,,
March,,,,,
Date,No2_hourly,O3_hourly,Co_hourly,Pm10_hourly,Pm2.5_hourly
2019-03-01 00:00:00,0.006,0.022,0.674,29.049,17.391
2019-03-02 00:00:00,0.0055,0.0227,0.686,31.302,20.567
2019-03-03 00:00:00,0.005,0.0183,0.682,28.307,18.689
2019-03-04 00:00:00,0.0049,0.0176,0.696,29.299,18.649
2019-03-05 00:00:00,0.0043,0.0208,0.704,30.287,20.435
2019-03-06 00:00:00,0.0035,0.0198,0.56,27.71,19.289
2019-03-07 00:00:00,0.0034,0.0224,0.348,25.851,18.579
2019-03-08 00:00:00,0.0058,0.0126,0.365,28.887,19.167
2019-03-09 00:00:00,0.0049,0.0144,0.356,25.552,17.866
2019-03-10 00:00:00,0.0038,0.0154,0.389,22.374,16.446
2019-03-11 00:00:00,0.0059,0.0124,0.431,18.422,12.938
2019-03-12 00:00:00,0.0052,0.013,0.419,21.565,16.05
2019-03-13 00:00:00,0.0058,0.0135,0.434,25.092,17.474
2019-03-14 00:00:00,0.0054,0.0229,0.44,35.104,26.079
2019-03-15 00:00:00,0.0052,0.0224,0.447,34.508,23.705
2019-03-16 00:00:00,0.0052,0.0228,0.494,37.197,26.603
2019-03-17 00:00:00,0.004,0.0212,0.523,39.827,30.427
2019-03-18 00:00:00,0.0041,0.0214,0.54,35.682,25.814
2019-03-19 00:00:00,0.0043,0.0193,0.532,36.045,23.311
2019-03-20 00:00:00,0.0045,0.0166,0.526,30.993,19.179
2019-03-21 00:00:00,0.0041,0.0156,0.495,23.001,15.298
2019-03-22 00:00:00,0.0043,0.0131,0.514,27.214,18.67
2019-03-23 00:00:00,0.0042,0.0172,0.539,33.733,25.322
2019-03-24 00:00:00,0.0052,0.0147,0.603,46.059,36.273
2019-03-25 00:00:00,0.0039,0.0138,0.573,32.941,24.196
2019-03-26 00:00:00,0.0046,0.0152,0.544,23.866,16.705
2019-03-27 00:00:00,0.0042,0.0167,0.556,22.87,16.569
2019-03-28 00:00:00,0.0049,0.013,0.559,22.182,14.614
2019-03-29 00:00:00,0.0048,0.0159,0.579,20.513,14.189
2019-03-30 00:00:00,0.0061,0.019,0.597,25.284,18.677
2019-03-31 00:00:00,0.0052,0.0157,0.581,23.526,17.31
,,,,,
April,,,,,
Date,No2_hourly,O3_hourly,Co_hourly,Pm10_hourly,Pm2.5_hourly
2019-04-01 00:00:00,0.0071,0.0219,0.688,42.596,33.807
2019-04-02 00:00:00,0.008,0.0198,0.755,53.212,40.334
2019-04-03 00:00:00,0.0053,0.0241,0.69,49.595,38.409
2019-04-04 00:00:00,0.0058,0.0119,0.865,62.234,48.311
2019-04-05 00:00:00,0.0046,0.015,0.706,42.701,32.363
2019-04-06 00:00:00,0.0044,0.0155,0.722,46.432,34.941
2019-04-07 00:00:00,0.0035,0.0173,0.695,42.05,32.491
2019-04-08 00:00:00,0.0039,0.0139,0.675,50.975,39.369
2019-04-09 00:00:00,0.004,0.0135,0.77,53.661,43.331
2019-04-10 00:00:00,0.0064,0.0051,0.925,78.87,62.732
2019-04-11 00:00:00,0.0032,0.0203,0.786,48.166,38.733
2019-04-12 00:00:00,0.0052,0.018,0.869,78.151,64.118
2019-04-13 00:00:00,0.003,0.0154,0.738,43.564,35.9
2019-04-14 00:00:00,0.0026,0.0091,0.777,34.872,28.713
2019-04-15 00:00:00,0.0067,0.0107,1.336,89.746,71.506
2019-04-16 00:00:00,0.0058,0.0123,1.232,82.804,64.722
2019-04-17 00:00:00,0.0038,0.016,0.61,30.658,22.03
2019-04-18 00:00:00,0.0053,0.0162,1.478,137.982,114.912
2019-04-19 00:00:00,0.0044,0.0105,1.419,122.117,99.614
2019-04-20 00:00:00,0.0037,0.0123,0.718,41.833,31.514
2019-04-21 00:00:00,0.0032,0.0163,0.628,29.564,22.796
2019-04-22 00:00:00,0.0057,0.0143,0.796,45.473,35.024
2019-04-23 00:00:00,0.0043,0.016,0.749,48.432,35.49
2019-04-24 00:00:00,0.005,0.0162,0.767,53.493,39.814
2019-04-25 00:00:00,0.0035,0.0151,0.715,36.873,29.415
2019-04-26 00:00:00,0.0048,0.0096,0.625,14.21,9.498
2019-04-27 00:00:00,0.0032,0.0104,0.593,17.848,10.587
2019-04-28 00:00:00,0.0046,0.0153,0.495,13.143,7.707
2019-04-29 00:00:00,0.0058,0.0143,0.349,18.195,10.889
2019-04-30 00:00:00,0.0048,0.0175,0.381,16.675,8.687
,,,,,
May,,,,,
Date,No2_hourly,O3_hourly,Co_hourly,Pm10_hourly,Pm2.5_hourly
2019-05-01 00:00:00,0.0042,0.0161,0.401,17.986,10.095
2019-05-02 00:00:00,0.0048,0.0146,0.409,19.24,11.576
2019-05-03 00:00:00,0.0054,0.0168,0.407,20.69,13.091
2019-05-04 00:00:00,0.0044,0.0109,0.364,20.548,11.587
2019-05-05 00:00:00,0.0024,0.0174,0.352,18.152,11.431
2019-05-06 00:00:00,0.004,0.0174,0.421,24.21,16.62
2019-05-07 00:00:00,0.0043,0.0215,0.468,28.93,20.428
2019-05-08 00:00:00,0.0038,0.018,0.415,20.454,13.789
2019-05-09 00:00:00,0.0063,0.0097,0.551,34.954,23.893
2019-05-10 00:00:00,0.003,0.015,0.478,24.942,17.143
2019-05-11 00:00:00,0.005,0.0145,0.713,48.093,37.382
2019-05-12 00:00:00,0.0028,0.0159,0.585,34.434,26.656
2019-05-13 00:00:00,0.0056,0.0153,0.658,44.655,33.524
2019-05-14 00:00:00,0.0047,0.0099,0.558,23.975,16.981
2019-05-15 00:00:00,0.0036,0.0172,0.54,21.362,15.162
2019-05-16 00:00:00,0.0025,0.0142,0.5,12.464,7.187
2019-05-17 00:00:00,0.0024,0.0139,0.515,17.43,10.254
2019-05-18 00:00:00,0.0041,0.0155,0.552,20.148,13.044
2019-05-19 00:00:00,0.0053,0.0188,0.66,30.264,22.69
2019-05-20 00:00:00,0.0024,0.0188,0.521,15.666,10.408
2019-05-21 00:00:00,0.0062,0.0125,0.608,21.555,14.447
2019-05-22 00:00:00,0.0044,0.0171,0.557,20.498,12.585
2019-05-23 00:00:00,0.0049,0.0137,0.6,23.716,15.013
2019-05-24 00:00:00,0.0046,0.0177,0.602,21.37,13.695
2019-05-25 00:00:00,0.0047,0.0175,0.603,23.134,15.664
2019-05-26 00:00:00,0.0048,0.0144,0.6,18.599,12.012
2019-05-27 00:00:00,0.0033,0.0162,0.553,13.379,7.159
2019-05-28 00:00:00,0.0065,0.0134,0.656,20.916,13.068
2019-05-29 00:00:00,0.0052,0.0151,0.574,23.501,15.635
2019-05-30 00:00:00,0.0036,0.0141,0.123,14.659,8.112
2019-05-31 00:00:00,0.0039,0.019,0.461,13.982,9.049
,,,,,
June,,,,,
Date,No2_hourly,O3_hourly,Co_hourly,Pm10_hourly,Pm2.5_hourly
2019-06-01 00:00:00,0.0025,0.0171,0.391,14.187,8.868
2019-06-02 00:00:00,0.0012,0.011,0.329,12.167,6.486
2019-06-03 00:00:00,0.0018,0.0126,0.217,10.869,6.775
2019-06-04 00:00:00,0.0028,0.0077,0.591,18.243,9.749
2019-06-05 00:00:00,0.0036,0.0095,0.544,19.037,11.398
2019-06-06 00:00:00,0.0033,0.017,0.527,14.013,9.288
2019-06-07 00:00:00,0.0036,0.0135,0.515,11.003,6.757
2019-06-08 00:00:00,0.0021,0.0103,0.5,10.112,5.114
2019-06-09 00:00:00,0.0019,0.0115,0.485,13.695,7.495
2019-06-10 00:00:00,0.0026,0.0151,0.511,13.83,7.481
2019-06-11 00:00:00,0.0039,0.0158,0.558,19.092,11.007
2019-06-12 00:00:00,0.0055,0.0181,0.451,19.419,12.349
2019-06-13 00:00:00,0.0044,0.012,0.51,17.777,11.497
2019-06-14 00:00:00,0.0044,0.0109,0.547,18.245,11.482
2019-06-15 00:00:00,0.0039,0.0155,0.463,18.355,11.626
2019-06-16 00:00:00,0.0041,0.0101,0.494,15.91,9.805
2019-06-17 00:00:00,0.004,0.0109,0.543,18.039,9
2019-06-18 00:00:00,0.0034,0.0136,0.497,17.225,10.455
2019-06-19 00:00:00,0.0033,0.0147,0.492,16.222,9.34
2019-06-20 00:00:00,0.0021,0.0186,0.46,12.095,6.791
2019-06-21 00:00:00,0.0034,0.0142,0.51,15.748,9.28
2019-06-22 00:00:00,0.0039,0.0137,0.323,18.861,11.486
2019-06-23 00:00:00,0.0022,0.0176,0.409,14.03,8.276
2019-06-24 00:00:00,0.0043,0.0134,0.414,20.947,11.068
2019-06-25 00:00:00,0.0054,0.0226,0.437,25.81,18.553
2019-06-26 00:00:00,0.0045,0.0193,0.559,21.942,14.348
2019-06-27 00:00:00,0.0026,0.0136,0.519,19.273,11.294
2019-06-28 00:00:00,0.0027,0.0134,0.512,18.092,9.622
2019-06-29 00:00:00,0.0033,0.0181,0.356,20.371,13.342
2019-06-30 00:00:00,0.0031,0.0138,0.446,18.884,13.411
,,,,,
July,,,,,
Date,No2_hourly,O3_hourly,Co_hourly,Pm10_hourly,Pm2.5_hourly
2019-07-01 00:00:00,0.0035,0.0156,0.456,21.286,14.263
2019-07-02 00:00:00,0.0045,0.0098,0.486,24.94,14.909
2019-07-03 00:00:00,0.0047,0.0154,0.571,26.281,18.305
2019-07-04 00:00:00,0.0052,0.0125,0.615,20.032,14.7
2019-07-05 00:00:00,0.0067,0.014,0.653,26.08,19.72
2019-07-06 00:00:00,0.009,0.0195,0.926,38.741,28.045
2019-07-07 00:00:00,0.0058,0.0186,0.721,32.863,24.495
2019-07-08 00:00:00,0.0066,0.0074,0.542,24.146,15.858
2019-07-09 00:00:00,0.0043,0.0201,0.366,15.441,10.963
2019-07-10 00:00:00,0.0036,0.0144,0.512,12.308,8.526
2019-07-11 00:00:00,0.0049,0.0193,0.581,18.083,11.559
2019-07-12 00:00:00,0.0032,0.0124,0.525,14.013,9.154
2019-07-13 00:00:00,0.0018,0.0112,0.496,12.285,6.816
2019-07-14 00:00:00,0.0018,0.0164,0.535,14.913,9.151
2019-07-15 00:00:00,0.0028,0.0127,0.55,17.592,9.525
2019-07-16 00:00:00,0.0056,0.0123,0.726,29.374,18.818
2019-07-17 00:00:00,0.0072,0.0156,0.892,43.051,30.96
2019-07-18 00:00:00,0.0062,0.0142,0.783,38.466,27.242
2019-07-19 00:00:00,0.0069,0.0237,0.76,37.285,26.245
2019-07-20 00:00:00,0.0049,0.0175,0.711,25.969,20.231
2019-07-21 00:00:00,0.0037,0.0114,0.685,22.486,15.66
2019-07-22 00:00:00,0.0021,0.0112,0.602,11.634,6.92
2019-07-23 00:00:00,0.0026,0.013,0.565,15.976,10.484
2019-07-24 00:00:00,0.0038,0.0119,0.442,10.036,5.646
2019-07-25 00:00:00,0.0028,0.012,0.396,13.973,8.599
2019-07-26 00:00:00,0.0034,0.0144,0.379,9.746,5.305
2019-07-27 00:00:00,0.003,0.014,0.403,14.327,9.943
2019-07-28 00:00:00,0.0041,0.0119,0.456,21.078,14.919
2019-07-29 00:00:00,0.0027,0.0079,0.435,18.02,12.557
2019-07-30 00:00:00,0.0023,0.0142,0.461,19.423,16.908
2019-07-31 00:00:00,0.0054,0.0179,0.605,26.711,22.714
,,,,,
August,,,,,
Date,No2_hourly,O3_hourly,Co_hourly,Pm10_hourly,Pm2.5_hourly
2019-08-01 00:00:00,0.0069,0.0155,0.656,37.239,31.294
2019-08-02 00:00:00,0.0073,0.0144,0.617,32.207,27.484
2019-08-03 00:00:00,0.005,0.0177,0.619,32.553,29.521
2019-08-04 00:00:00,0.0025,0.0226,0.614,30.905,27.545
2019-08-05 00:00:00,0.0047,0.0235,0.635,36.901,31.73
2019-08-06 00:00:00,0.0039,0.0217,0.663,46.347,41.855
2019-08-07 00:00:00,0.0031,0.0274,0.56,37.363,32.01
2019-08-08 00:00:00,0.0056,0.0244,0.562,28.392,23.849
2019-08-09 00:00:00,0.0078,0.0167,0.599,38.195,33.869
2019-08-10 00:00:00,0.0092,0.02,0.812,52.726,47.353
2019-08-11 00:00:00,0.0052,0.031,0.849,71.956,67.688
2019-08-12 00:00:00,0.0042,0.0284,0.881,75.425,71.734
2019-08-13 00:00:00,0.0042,0.0214,0.674,50.18,46.391
2019-08-14 00:00:00,0.0057,0.0232,1.111,100.382,93.912
2019-08-15 00:00:00,0.0034,0.018,0.652,35.451,32.412
2019-08-16 00:00:00,0.0038,0.0173,0.677,34.611,31.957
2019-08-17 00:00:00,0.0042,0.0164,0.699,37.359,33.922
2019-08-18 00:00:00,0.0035,0.0137,0.588,23.649,21.946
2019-08-19 00:00:00,0.0024,0.0153,0.544,18.133,16.541
2019-08-20 00:00:00,0.0039,0.0131,0.548,18.996,16.186
2019-08-21 00:00:00,0.0034,0.0192,0.563,15.498,13.217
2019-08-22 00:00:00,0.0062,0.0178,1.143,76.132,72.266
2019-08-23 00:00:00,0.0051,0.0143,0.739,30.85,29.118
2019-08-24 00:00:00,0.0046,0.012,0.777,37.393,34.715
2019-08-25 00:00:00,0.0042,0.0115,0.737,31.308,29.281
2019-08-26 00:00:00,0.0035,0.0134,0.16,18.51,17.536
2019-08-27 00:00:00,0.0031,0.0107,0.142,15.777,14.732
2019-08-28 00:00:00,0.0023,0.0145,0.137,13.304,11.849
2019-08-29 00:00:00,0.0055,0.0179,0.286,22.943,20.528
2019-08-30 00:00:00,0.0074,0.0203,0.409,32.316,28.547
2019-08-31 00:00:00,0.0046,0.0167,0.285,21.546,19.64
,,,,,
September,,,,,
Date,No2_hourly,O3_hourly,Co_hourly,Pm10_hourly,Pm2.5_hourly
2019-09-01 00:00:00,0.0056,0.0145,0.488,36.762,34.554
2019-09-02 00:00:00,0.0043,0.0139,0.552,53.078,47.607
2019-09-03 00:00:00,0.0044,0.0156,0.423,32.598,22.823
2019-09-04 00:00:00,0.0063,0.0152,1.305,145.339,119.526
2019-09-05 00:00:00,0.0056,0.0176,0.832,63.974,49.57
2019-09-06 00:00:00,0.0074,0.0217,1.433,142.807,118.371
2019-09-07 00:00:00,0.0072,0.027,1.431,134.268,111.97
2019-09-08 00:00:00,0.0057,0.0271,1.36,143.678,124.541
2019-09-09 00:00:00,0.0061,0.0197,0.599,34.559,27.691
2019-09-10 00:00:00,0.007,0.0203,0.842,55.55,46.677
2019-09-11 00:00:00,0.0062,0.0161,0.697,40.997,32.211
2019-09-12 00:00:00,0.0038,0.0212,0.689,45.049,35.823
2019-09-13 00:00:00,0.0036,0.0267,0.696,53.232,43.295
2019-09-14 00:00:00,0.0051,0.0344,0.948,87.749,72.451
2019-09-15 00:00:00,0.0054,0.0295,1.129,104.814,88.772
2019-09-16 00:00:00,0.0064,0.0249,1.078,98.965,82.724
2019-09-17 00:00:00,0.0112,0.0195,1.152,108.216,89.69
2019-09-18 00:00:00,0.0093,0.0249,1.195,119.548,100.563
2019-09-19 00:00:00,0.0074,0.0247,1.08,85.778,71.727
2019-09-20 00:00:00,0.0058,0.0207,1.158,95.474,80.062
2019-09-21 00:00:00,0.0051,0.0181,1.072,88.739,70.241
2019-09-22 00:00:00,0.0044,0.0176,1.127,91.405,77.573
2019-09-23 00:00:00,0.0036,0.0174,0.71,38.279,29.611
2019-09-24 00:00:00,0.004,0.0197,0.676,38.898,28.897
2019-09-25 00:00:00,0.004,0.0174,0.621,31.299,22.019
2019-09-26 00:00:00,0.004,0.0174,0.764,56.881,45.875
2019-09-27 00:00:00,0.0034,0.0124,0.646,25.689,19.039
2019-09-28 00:00:00,0.0035,0.012,0.562,20.121,14.345
2019-09-29 00:00:00,0.0036,0.0107,0.611,23.195,16.373
2019-09-30 00:00:00,0.0033,0.0114,0.568,14.306,9.506
,,,,,
October,,,,,
Date,No2_hourly,O3_hourly,Co_hourly,Pm10_hourly,Pm2.5_hourly
2019-10-01 00:00:00,0.0039,0.0109,0.548,13.798,9.016
2019-10-02 00:00:00,0.0046,0.0142,0.565,10.956,6.233
2019-10-03 00:00:00,0.0054,0.0124,0.595,15.362,8.783
2019-10-04 00:00:00,0.0052,0.0079,0.584,13.186,6.787
2019-10-05 00:00:00,0.0039,0.0127,0.581,16.813,9.053
2019-10-06 00:00:00,0.0026,0.0134,0.566,14.762,9.171
2019-10-07 00:00:00,0.0031,0.0112,0.586,10.518,5.281
2019-10-08 00:00:00,0.004,0.0124,0.6,9.53,5.157
2019-10-09 00:00:00,0.0039,0.0157,0.577,11.229,5.311
2019-10-10 00:00:00,0.0036,0.0107,0.587,17.535,10.232
2019-10-11 00:00:00,0.0031,0.01,0.615,20,11.436
2019-10-12 00:00:00,0.0047,0.0136,0.627,27.132,19.864
2019-10-13 00:00:00,0.0058,0.0126,0.653,19.652,12.811
2019-10-14 00:00:00,0.004,0.014,0.545,16.713,11.66
2019-10-15 00:00:00,0.0045,0.0133,0.572,16.338,10.655
2019-10-16 00:00:00,0.0052,0.0124,0.597,17.28,10.825
2019-10-17 00:00:00,0.005,0.0141,0.641,17.601,11.327
2019-10-18 00:00:00,0.0052,0.0128,0.628,16.323,10.693
2019-10-19 00:00:00,0.0033,0.0135,0.576,14.764,9.688
2019-10-20 00:00:00,0.0036,0.016,0.599,17.564,12.953
2019-10-21 00:00:00,0.0045,0.0186,0.521,15.611,10.822
2019-10-22 00:00:00,0.0039,0.0125,0.435,6.991,4.844
2019-10-23 00:00:00,0.0066,0.0094,0.518,10.679,6.503
2019-10-24 00:00:00,0.0052,0.0185,0.499,16.384,10.723
2019-10-25 00:00:00,0.0043,0.0149,0.514,20.317,13.269
2019-10-26 00:00:00,0.0033,0.0168,0.474,17.724,10.947
2019-10-27 00:00:00,0.0027,0.0164,0.457,14.69,10.18
2019-10-28 00:00:00,0.0032,0.0108,0.488,16.621,10.021
2019-10-29 00:00:00,0.0024,0.0148,0.473,13.834,7.58
2019-10-30 00:00:00,0.0036,0.0173,0.534,21.869,15.58
2019-10-31 00:00:00,0.0044,0.0156,0.587,22.506,14.416
,,,,,
November,,,,,
Date,No2_hourly,O3_hourly,Co_hourly,Pm10_hourly,Pm2.5_hourly
2019-11-01 00:00:00,0.0054,0.0133,0.624,27.27,19.48
2019-11-02 00:00:00,0.0064,0.0191,0.617,19.083,13.725
2019-11-03 00:00:00,0.005,0.0209,0.636,20.215,14.403
2019-11-04 00:00:00,0.0038,0.0183,0.537,18.858,12.277
2019-11-05 00:00:00,0.0029,0.0212,0.491,22.086,13.895
2019-11-06 00:00:00,0.0045,0.016,0.586,20.373,14.609
2019-11-07 00:00:00,0.0041,0.0167,0.561,25.03,16.763
2019-11-08 00:00:00,0.0036,0.0228,0.557,25.523,16.572
2019-11-09 00:00:00,0.0046,0.016,0.559,22.732,12.966
2019-11-10 00:00:00,0.0027,0.0209,0.532,21.126,12.959
2019-11-11 00:00:00,0.0047,0.0211,0.631,28.717,20.653
2019-11-12 00:00:00,0.0034,0.0177,0.576,25.783,19.032
2019-11-13 00:00:00,0.0038,0.0158,0.576,29.861,21.198
2019-11-14 00:00:00,0.0047,0.0195,0.625,26.526,19.405
2019-11-15 00:00:00,0.006,0.0154,0.667,29.298,22.283
2019-11-16 00:00:00,0.0043,0.0127,0.592,24.191,16.999
2019-11-17 00:00:00,0.0044,0.018,0.617,24.729,18.154
2019-11-18 00:00:00,0.0048,0.0127,0.648,23.419,15.395
2019-11-19 00:00:00,0.003,0.0145,0.59,18.248,12.936
2019-11-20 00:00:00,0.0061,0.0105,0.673,20.428,12.872
2019-11-21 00:00:00,0.0046,0.0166,0.612,15.479,10.411
2019-11-22 00:00:00,0.0047,0.017,0.662,18.331,11.676
2019-11-23 00:00:00,0.0039,0.0158,0.632,14.409,9.101
2019-11-24 00:00:00,0.0037,0.0172,0.643,18.298,12.036
2019-11-25 00:00:00,0.0032,0.0154,0.519,8.317,5.471
2019-11-26 00:00:00,0.0042,0.0145,0.519,11.153,6.752
2019-11-27 00:00:00,0.0032,0.0157,0.483,14.908,9.464
2019-11-28 00:00:00,0.0041,0.0188,0.518,18.36,12.079
2019-11-29 00:00:00,0.0034,0.0209,0.491,16.038,10.718
2019-11-30 00:00:00,0.0038,0.018,0.532,16.15,11.345
,,,,,
December,,,,,
Date,No2_hourly,O3_hourly,Co_hourly,Pm10_hourly,Pm2.5_hourly
2019-12-01 00:00:00,0.0043,0.0174,0.601,19.848,13.457
2019-12-02 00:00:00,0.0041,0.016,0.534,13.083,9.391
2019-12-03 00:00:00,0.0049,0.0173,0.555,17.656,11.327
2019-12-04 00:00:00,0.0032,0.0212,0.566,13.269,8.592
2019-12-05 00:00:00,0.0029,0.0222,0.522,18.042,10.58
2019-12-06 00:00:00,0.0027,0.0246,0.488,18.858,11.334
2019-12-07 00:00:00,0.0051,0.0221,0.552,22.785,15.686
2019-12-08 00:00:00,0.005,0.0205,0.523,17.133,10.399
2019-12-09 00:00:00,0.0026,0.0205,0.432,12.362,8.166
2019-12-10 00:00:00,0.0039,0.0166,0.465,15.133,10.007
2019-12-11 00:00:00,0.0052,0.0166,0.488,17.144,11.681
2019-12-12 00:00:00,0.0034,0.0176,0.444,14.302,9.915
2019-12-13 00:00:00,0.0034,0.0197,0.454,17.955,12.547
2019-12-14 00:00:00,0.0043,0.0178,0.453,21.909,14.694
2019-12-15 00:00:00,0.0041,0.0143,0.473,20.66,13.263
2019-12-16 00:00:00,0.0046,0.0118,0.485,18.334,11.863
2019-12-17 00:00:00,0.0039,0.0153,0.492,22.49,15.876
2019-12-18 00:00:00,0.0033,0.0113,0.464,18.991,12.825
2019-12-19 00:00:00,0.0051,0.0123,0.526,16.983,12.556
2019-12-20 00:00:00,0.0052,0.015,0.552,23.704,16.091
2019-12-21 00:00:00,0.0046,0.0131,0.501,19.754,13.448
2019-12-22 00:00:00,0.0044,0.0164,0.591,19.526,13.033
2019-12-23 00:00:00,0.0053,0.0107,0.55,24.026,17.348
2019-12-24 00:00:00,0.0045,0.0174,0.393,9.482,5.407
2019-12-25 00:00:00,0.005,0.0139,0.459,14.837,9.675
2019-12-26 00:00:00,0.0045,0.0155,0.466,17.448,12.236
2019-12-27 00:00:00,0.005,0.0134,0.529,14.874,9.59
2019-12-28 00:00:00,0.0047,0.0119,0.541,19.962,10.44
2019-12-29 00:00:00,0.0032,0.0135,0.486,18.915,12.081
2019-12-30 00:00:00,0.0029,0.0209,0.468,22.662,12.775
2019-12-31 00:00:00,0.0034,0.0201,0.501,19.555,11.281
,,,,,
,,,,,
2020,,,,,
January,,,,,
Date,No2_hourly,O3_hourly,Co_hourly,Pm10_hourly,Pm2.5_hourly
2020-01-01 00:00:00,0.0027,0.0202,0.481,24.485,14.107
2020-01-02 00:00:00,0.0026,0.0184,0.495,19.946,10.716
2020-01-03 00:00:00,0.0026,0.019,0.514,20.118,9.917
2020-01-04 00:00:00,0.0019,0.021,0.477,20.326,10.257
2020-01-05 00:00:00,0.0023,0.0212,0.503,25.361,13.371
2020-01-06 00:00:00,0.0037,0.0188,0.523,26.461,15.39
2020-01-07 00:00:00,0.0028,0.0192,0.491,21.064,12.354
2020-01-08 00:00:00,0.0014,0.016,0.486,21.095,12.188
2020-01-09 00:00:00,0.0021,0.0177,0.481,17.851,11.597
2020-01-10 00:00:00,0.0021,0.0187,0.514,25.684,14.174
2020-01-11 00:00:00,0.0022,0.0138,0.547,15.009,10.338
2020-01-12 00:00:00,0.0021,0.0116,0.524,14.606,9.994
2020-01-13 00:00:00,0.0025,0.0119,0.573,13.491,8.745
2020-01-14 00:00:00,0.0031,0.0141,0.546,17.659,11.857
2020-01-15 00:00:00,0.0025,0.0144,0.57,20.801,13.095
2020-01-16 00:00:00,0.0058,0.0109,0.685,22.876,15.138
2020-01-17 00:00:00,0.0031,0.0145,0.576,13.248,9.228
2020-01-18 00:00:00,0.0026,0.0134,0.62,18.717,13.714
2020-01-19 00:00:00,0.0028,0.0135,0.649,25.208,19.535
2020-01-20 00:00:00,0.0025,0.0154,0.516,17.401,10.373
2020-01-21 00:00:00,0.0032,0.0174,0.504,20.559,11.132
2020-01-22 00:00:00,0.0036,0.0214,0.54,20.976,8.578
2020-01-23 00:00:00,0.0054,0.0227,0.602,23.488,11.973
2020-01-24 00:00:00,0.0045,0.0234,0.586,25.838,14.82
2020-01-25 00:00:00,0.0038,0.0187,0.615,36.005,25.295
2020-01-26 00:00:00,0.004,0.0137,0.594,17.97,12.269
2020-01-27 00:00:00,0.0026,0.0135,0.55,19.789,14.994
2020-01-28 00:00:00,0.0021,0.0123,0.533,16.174,12.078
2020-01-29 00:00:00,0.0022,0.0134,0.546,17.935,10.575
2020-01-30 00:00:00,0.0023,0.019,0.535,19.316,11.645
2020-01-31 00:00:00,0.0051,0.0188,0.625,23.003,15.596
,,,,,
February,,,,,
Date,No2_hourly,O3_hourly,Co_hourly,Pm10_hourly,Pm2.5_hourly
2020-02-01 00:00:00,0.0036,0.0267,0.643,26.794,16.382
2020-02-02 00:00:00,0.0028,0.0285,0.674,27.505,16.893
2020-02-03 00:00:00,0.0031,0.0287,0.627,27.565,14.969
2020-02-04 00:00:00,0.0025,0.0287,0.537,27.312,14.442
2020-02-05 00:00:00,0.0024,0.0273,0.511,24.833,13.262
2020-02-06 00:00:00,0.0034,0.0237,0.581,34.15,23.803
2020-02-07 00:00:00,0.005,0.0163,0.698,38.609,27.979
2020-02-08 00:00:00,0.0047,0.0167,0.691,37.72,28.429
2020-02-09 00:00:00,0.0029,0.0171,0.678,36.509,30.266
2020-02-10 00:00:00,0.0032,0.0166,0.557,15.564,11.309
2020-02-11 00:00:00,0.0037,0.0179,0.575,23.8,14.884
2020-02-12 00:00:00,0.0043,0.0193,0.674,31.509,19.443
2020-02-13 00:00:00,0.0029,0.0244,0.618,31.962,17.425
2020-02-14 00:00:00,0.0039,0.0213,0.661,28.878,18.571
2020-02-15 00:00:00,0.004,0.0205,0.669,28.45,20.478
2020-02-16 00:00:00,0.0028,0.016,0.661,21.908,15.658
2020-02-17 00:00:00,0.0031,0.0197,0.545,22.907,13.536
2020-02-18 00:00:00,0.0021,0.0227,0.427,21.288,11.419
2020-02-19 00:00:00,0.0026,0.0182,0.447,23.268,12.135
2020-02-20 00:00:00,0.0018,0.0249,0.471,25.712,10.846
2020-02-21 00:00:00,0.002,0.024,0.49,27.693,12.479
2020-02-22 00:00:00,0.0018,0.0248,0.497,33.501,17.743
2020-02-23 00:00:00,0.0014,0.0239,0.488,29.701,14.058
2020-02-24 00:00:00,0.0028,0.0245,0.737,73.903,56.407
2020-02-25 00:00:00,0.0033,0.0214,0.893,77.32,58.139
2020-02-26 00:00:00,0.0021,0.0175,0.72,56.345,36.559
2020-02-27 00:00:00,0.0017,0.0187,0.449,23.954,11.929
2020-02-28 00:00:00,0.0024,0.0194,0.531,39.724,23.72
2020-02-29 00:00:00,0.0027,0.0186,0.548,43.407,27.392
,,,,,
March,,,,,
Date,No2_hourly,O3_hourly,Co_hourly,Pm10_hourly,Pm2.5_hourly
2020-03-01 00:00:00,0.0036,0.0164,0.55,31.546,19.333
2020-03-02 00:00:00,0.0028,0.0217,0.519,32.299,17.974
2020-03-03 00:00:00,0.004,0.0166,0.574,32.995,18.689
2020-03-04 00:00:00,0.0039,0.0173,0.589,27.002,19.678
2020-03-05 00:00:00,0.0062,0.0106,0.615,23.996,16.257
2020-03-06 00:00:00,0.0041,0.0121,0.535,17.853,11.66
2020-03-07 00:00:00,0.0042,0.0146,0.526,21.142,13.809
2020-03-08 00:00:00,0.0042,0.0205,,25.125,18.015
2020-03-09 00:00:00,0.0042,0.0127,0.554,19.378,12.941
2020-03-10 00:00:00,0.0034,0.0154,0.485,21.526,15.415
2020-03-11 00:00:00,0.0045,0.0129,,18.806,11.628
2020-03-12 00:00:00,0.0036,0.0173,,19.312,9.475
2020-03-13 00:00:00,0.0038,0.0216,0.573,21.774,11.632
2020-03-14 00:00:00,0.0029,0.0184,0.176,20.855,9.833
2020-03-15 00:00:00,0.003,0.0181,0.182,21.641,11.124
2020-03-16 00:00:00,0.0028,0.0249,0.347,22.535,11.105
2020-03-17 00:00:00,0.0046,0.0219,0.552,31.807,19.498
2020-03-18 00:00:00,0.0035,0.0226,0.541,27.483,16.427
2020-03-19 00:00:00,0.0028,0.0238,0.557,30.753,20.218
2020-03-20 00:00:00,0.0024,0.0206,0.511,20.42,11.61
2020-03-21 00:00:00,0.0021,0.0195,0.532,20.459,13.211
2020-03-22 00:00:00,0.0023,0.0172,0.591,29.401,17.945
2020-03-23 00:00:00,0.0023,0.0155,0.569,25.884,17.865
2020-03-24 00:00:00,0.0023,0.0148,0.454,15.019,9.442
2020-03-25 00:00:00,0.0024,0.0193,0.483,18.042,10.809
2020-03-26 00:00:00,0.0026,0.0155,0.494,15.751,9.113
2020-03-27 00:00:00,0.0025,0.0164,0.534,19.638,11.68
2020-03-28 00:00:00,0.0032,0.0101,0.568,17.775,9.796
2020-03-29 00:00:00,0.0028,0.0185,0.534,16.878,9.893
2020-03-30 00:00:00,0.002,0.0131,0.509,14.563,7.852
2020-03-31 00:00:00,0.0016,0.0144,0.502,12.51,6.471
,,,,,
April,,,,,
Date,No2_hourly,O3_hourly,Co_hourly,Pm10_hourly,Pm2.5_hourly
2020-04-01 00:00:00,0.0016,0.0178,0.518,15.23,9.147
2020-04-02 00:00:00,0.0019,0.0199,0.57,15.671,9.291
2020-04-03 00:00:00,0.0014,0.0181,0.572,20.001,11.039
2020-04-04 00:00:00,0.002,0.0228,0.59,23.741,13.811
2020-04-05 00:00:00,0.0018,0.0206,0.584,20.243,10.402
2020-04-06 00:00:00,0.0022,0.0199,0.604,20.51,10.754
2020-04-07 00:00:00,0.0025,0.0181,0.624,17.383,9.154
2020-04-08 00:00:00,0.0018,0.0194,0.527,18.17,9.074
2020-04-09 00:00:00,0.0014,0.0195,0.468,17.66,9.62
2020-04-10 00:00:00,0.0018,0.0205,0.483,20.773,10.608
2020-04-11 00:00:00,0.002,0.0199,0.489,18.479,10.971
2020-04-12 00:00:00,0.0024,0.0189,0.563,24.038,16.749
2020-04-13 00:00:00,0.002,0.0184,0.514,17.904,12.244
2020-04-14 00:00:00,0.0013,0.0218,0.522,19.05,11.975
2020-04-15 00:00:00,0.0019,0.0254,0.517,12.861,8.147
2020-04-16 00:00:00,0.0024,0.0191,0.565,21.147,13.009
2020-04-17 00:00:00,0.0015,0.0213,0.576,19.324,12.197
2020-04-18 00:00:00,0.002,0.0186,0.599,23.606,15.251
2020-04-19 00:00:00,0.0013,0.0207,0.564,16.402,10.784
2020-04-20 00:00:00,0.0027,0.0176,0.619,22.958,14.481
2020-04-21 00:00:00,0.0023,0.0201,0.533,16.03,10.434
2020-04-22 00:00:00,0.0012,0.0162,0.39,9.264,5.411
2020-04-23 00:00:00,0.0016,0.0157,0.467,12.897,10.679
2020-04-24 00:00:00,0.0009,0.0188,0.476,10.121,7.794
2020-04-25 00:00:00,0.001,0.0179,0.466,13.429,7.83
2020-04-26 00:00:00,0.0012,0.0134,0.473,14.4,7.587
2020-04-27 00:00:00,0.0013,0.0157,0.558,17.614,10.347
2020-04-28 00:00:00,0.002,0.0183,0.5,15.371,9.451
2020-04-29 00:00:00,0.001,0.0178,0.493,13.093,7.653
2020-04-30 00:00:00,0.0015,0.0182,0.525,12.899,6.736
,,,,,
May,,,,,
Date,No2_hourly,O3_hourly,Co_hourly,Pm10_hourly,Pm2.5_hourly
2020-05-01 00:00:00,0.0012,0.0192,0.512,14.455,6.946
2020-05-02 00:00:00,0.0016,0.0171,0.529,10.58,6.245
2020-05-03 00:00:00,0.001,0.0189,0.478,9.53,5.002
2020-05-04 00:00:00,0.0024,0.0222,0.543,14.797,8.984
2020-05-05 00:00:00,0.0025,0.0149,0.561,12.502,7.254
2020-05-06 00:00:00,0.0016,0.0168,0.521,13.621,7.583
2020-05-07 00:00:00,0.0019,0.02,0.542,15.874,9.917
2020-05-08 00:00:00,0.0017,0.0159,0.546,15.189,9.756
2020-05-09 00:00:00,0.0017,0.0119,0.571,12.47,6.822
2020-05-10 00:00:00,0.0014,0.0164,0.559,14.72,8.884
2020-05-11 00:00:00,0.0023,0.0199,0.595,15.639,9.817
2020-05-12 00:00:00,0.0026,0.0138,0.541,12.523,6.634
2020-05-13 00:00:00,0.0022,0.012,0.572,13.92,7.618
2020-05-14 00:00:00,0.0031,0.0202,0.608,15.246,10.195
2020-05-15 00:00:00,0.0026,0.0182,0.609,16.781,11.134
2020-05-16 00:00:00,0.0027,0.0137,0.655,19.57,11.936
2020-05-17 00:00:00,0.0019,0.0143,0.612,13.765,8.976
2020-05-18 00:00:00,0.0039,0.0112,0.63,10.033,4.551
2020-05-19 00:00:00,0.0033,0.017,0.589,14.329,7.86
2020-05-20 00:00:00,0.0027,0.0162,0.545,16.176,9.968
2020-05-21 00:00:00,0.0023,0.0136,0.543,16.283,9.716
2020-05-22 00:00:00,0.0015,0.0106,0.535,13.117,7.796
2020-05-23 00:00:00,0.0014,0.0077,0.534,14.512,9.131
2020-05-24 00:00:00,0.0026,0.0159,0.573,17.074,11.782
2020-05-25 00:00:00,0.0024,0.0156,0.548,16.431,10.228
2020-05-26 00:00:00,0.0036,0.0149,0.617,17.425,11.181
2020-05-27 00:00:00,0.0041,0.0093,0.659,18.261,11.734
2020-05-28 00:00:00,0.003,0.0168,0.579,13.14,8.624
2020-05-29 00:00:00,0.0027,0.0197,0.599,16.767,10.648
2020-05-30 00:00:00,0.0026,0.0122,0.613,16.664,10.34
2020-05-31 00:00:00,0.0016,0.015,0.654,17.408,10.156
,,,,,
June,,,,,
Date,No2_hourly,O3_hourly,Co_hourly,Pm10_hourly,Pm2.5_hourly
2020-06-01 00:00:00,0.0021,0.0132,0.567,8.814,4.857
2020-06-02 00:00:00,0.0026,0.0183,0.675,10.27,7.339
2020-06-03 00:00:00,0.0045,0.0155,0.69,17.669,12.361
2020-06-04 00:00:00,0.0031,0.0162,0.66,14.938,9.788
2020-06-05 00:00:00,0.0044,0.0131,0.668,15.449,8.172
2020-06-06 00:00:00,0.0034,0.0135,0.637,12.463,7.569
2020-06-07 00:00:00,0.0037,0.0113,0.663,24.787,13.685
2020-06-08 00:00:00,0.0032,0.0156,0.682,16.705,9.862
2020-06-09 00:00:00,0.0031,0.0176,0.669,15.753,10.009
2020-06-10 00:00:00,0.0032,0.0127,0.682,21.353,11.397
2020-06-11 00:00:00,0.0042,0.0195,0.703,22.711,13.579
2020-06-12 00:00:00,0.0031,0.0147,0.686,19.179,11.839
2020-06-13 00:00:00,0.0034,0.0123,0.76,31.119,21.977
2020-06-14 00:00:00,0.0018,0.0118,0.677,12.426,7.711
2020-06-15 00:00:00,0.0024,0.0108,0.595,16.596,10.161
2020-06-16 00:00:00,0.0031,0.0163,0.562,14.124,8.206
2020-06-17 00:00:00,0.0022,0.0127,0.548,14.064,9.697
2020-06-18 00:00:00,0.0015,0.0106,0.548,16.759,12.3
2020-06-19 00:00:00,0.0015,0.0128,0.553,16.756,12.414
2020-06-20 00:00:00,0.002,0.0093,0.582,18.083,12.765
2020-06-21 00:00:00,0.0018,0.0099,0.578,18.558,13.788
2020-06-22 00:00:00,0.0027,0.0113,0.609,55.651,39.425
2020-06-23 00:00:00,0.0023,0.01,0.605,20.417,15.926
2020-06-24 00:00:00,0.0022,0.012,0.604,16.209,12.184
2020-06-25 00:00:00,0.0016,0.0131,0.59,15.733,10.613
2020-06-26 00:00:00,0.0024,0.0145,0.624,18.073,12.593
2020-06-27 00:00:00,0.0018,0.0119,0.608,15.626,10.793
2020-06-28 00:00:00,0.0022,0.0081,0.663,26.537,21.22
2020-06-29 00:00:00,0.0032,0.0167,0.704,23.071,16.298
2020-06-30 00:00:00,0.0063,0.0126,0.821,35.012,24.507
,,,,,
July,,,,,
Date,No2_hourly,O3_hourly,Co_hourly,Pm10_hourly,Pm2.5_hourly
2020-07-01 00:00:00,0.0035,0.0144,0.731,24.787,18.068
2020-07-02 00:00:00,0.0027,0.0114,0.667,17.895,12.817
2020-07-03 00:00:00,0.0025,0.0121,0.663,17.783,12.58
2020-07-04 00:00:00,0.0028,0.015,0.672,19.534,14.103
2020-07-05 00:00:00,0.0028,0.0166,0.667,18.471,14.365
2020-07-06 00:00:00,0.003,0.0171,0.62,19.494,14.837
2020-07-07 00:00:00,0.0028,0.0111,0.259,14.431,8.608
2020-07-08 00:00:00,0.0022,0.0136,0.347,11.361,6.692
2020-07-09 00:00:00,0.0017,0.0101,0.319,11.812,5.796
2020-07-10 00:00:00,0.0014,0.0101,0.352,11.62,6.162
2020-07-11 00:00:00,0.0025,0.0131,0.383,14.314,8.433
2020-07-12 00:00:00,0.0027,0.0159,0.427,18.291,10.388
2020-07-13 00:00:00,0.0032,0.0118,0.439,18.422,11.69
2020-07-14 00:00:00,0.002,0.0133,0.36,11.264,5.913
2020-07-15 00:00:00,0.0024,0.0116,0.378,9.716,5.509
2020-07-16 00:00:00,0.0032,0.0089,0.42,14.377,7.24
2020-07-17 00:00:00,0.0022,0.0114,0.413,13.877,8.11
2020-07-18 00:00:00,0.0021,0.0127,0.404,12.122,5.999
2020-07-19 00:00:00,0.0014,0.0117,0.413,13.715,7.81
2020-07-20 00:00:00,0.0017,0.0116,0.445,13.293,7.609
2020-07-21 00:00:00,0.0023,0.0152,0.552,20.217,16.079
2020-07-22 00:00:00,0.0023,0.0172,0.571,19.669,15.771
2020-07-23 00:00:00,0.0026,0.0126,0.583,17.963,12.254
2020-07-24 00:00:00,0.0026,0.0112,0.282,12.104,9.582
2020-07-25 00:00:00,0.0021,0.0106,0.111,16.481,11.585
2020-07-26 00:00:00,0.0028,0.0101,0.44,19.969,13.713
2020-07-27 00:00:00,0.0032,0.009,0.465,17.345,12.944
2020-07-28 00:00:00,0.0023,0.0096,0.453,17.77,13.721
2020-07-29 00:00:00,0.0024,0.0096,0.47,15.765,11.495
2020-07-30 00:00:00,0.0026,0.0092,0.454,17.367,11.761
2020-07-31 00:00:00,0.0032,0.0105,0.483,22.041,14.317
,,,,,
August,,,,,
Date,No2_hourly,O3_hourly,Co_hourly,Pm10_hourly,Pm2.5_hourly
2020-08-01 00:00:00,0.0046,0.0121,0.599,30.056,20.766
2020-08-02 00:00:00,0.0049,0.0184,0.585,32.464,23.505
2020-08-03 00:00:00,0.0053,0.0204,0.576,31.583,23.021
2020-08-04 00:00:00,0.0044,0.0185,0.5,24.15,17.391
2020-08-05 00:00:00,0.0015,0.0123,0.418,18.915,12.652
2020-08-06 00:00:00,0.0016,0.0126,0.418,22.231,15.529
2020-08-07 00:00:00,0.004,0.0143,0.527,25.612,17.535
2020-08-08 00:00:00,0.0039,0.0172,0.567,28.713,21.851
2020-08-09 00:00:00,0.0035,0.0155,0.525,27.505,21.79
2020-08-10 00:00:00,0.0041,0.0165,0.579,22.23,16.728
2020-08-11 00:00:00,0.0054,0.02,0.645,29.932,20.319
2020-08-12 00:00:00,0.0028,0.0156,0.586,21.82,16.306
2020-08-13 00:00:00,0.0038,0.0112,0.539,16.09,9.908
2020-08-14 00:00:00,0.0023,0.0162,0.516,16.875,10.895
2020-08-15 00:00:00,0.003,0.0116,0.572,13.489,8.426
2020-08-16 00:00:00,0.0034,0.0115,0.569,13.686,8.332
2020-08-17 00:00:00,0.0024,0.0116,0.547,14.643,8.71
2020-08-18 00:00:00,0.0029,0.0117,0.5,10.375,6.164
2020-08-19 00:00:00,0.0025,0.0118,0.443,19.38,13.009
2020-08-20 00:00:00,0.0029,0.0129,0.419,13.533,8.478
2020-08-21 00:00:00,0.0041,0.0135,0.439,17.749,11.882
2020-08-22 00:00:00,0.0047,0.0193,0.47,17.322,12.168
2020-08-23 00:00:00,0.0033,0.0124,0.437,13.664,8.947
2020-08-24 00:00:00,0.0034,0.0151,0.44,12.705,7.744
2020-08-25 00:00:00,0.0027,0.0169,0.453,16.411,10.142
2020-08-26 00:00:00,0.0026,0.022,0.442,11.114,6.756
2020-08-27 00:00:00,0.003,0.017,0.452,11.536,6.821
2020-08-28 00:00:00,0.003,0.0129,0.471,14.036,8.342
2020-08-29 00:00:00,0.0028,0.0151,0.457,10.824,6.77
2020-08-30 00:00:00,0.0033,0.0168,0.496,13.453,8.643
2020-08-31 00:00:00,0.0039,0.01,0.52,13.384,7.562
,,,,,
September,,,,,
Date,No2_hourly,O3_hourly,Co_hourly,Pm10_hourly,Pm2.5_hourly
2020-09-01 00:00:00,0.0032,0.011,0.511,15.536,8.206
2020-09-02 00:00:00,0.0053,0.009,0.567,16.848,9.232
2020-09-03 00:00:00,0.0044,0.0101,0.55,16.279,7.874
2020-09-04 00:00:00,0.0025,0.0111,0.502,14.052,6.563
2020-09-05 00:00:00,0.0026,0.0097,0.51,12.549,5.796
2020-09-06 00:00:00,0.0019,0.0113,0.486,13.804,7.254
2020-09-07 00:00:00,0.0032,0.0104,0.505,9.317,4.867
2020-09-08 00:00:00,0.0027,0.0079,0.524,18.23,9.12
2020-09-09 00:00:00,0.0038,0.0081,0.589,14.159,6.708
2020-09-10 00:00:00,0.0019,0.0103,0.519,13.871,6.437
2020-09-11 00:00:00,0.0024,0.0093,0.548,13.906,7.361
2020-09-12 00:00:00,0.002,0.0098,0.535,11.8,5.34
2020-09-13 00:00:00,0.0018,0.0127,0.549,14.445,8.493
2020-09-14 00:00:00,0.0012,0.0141,0.507,13.011,5.603
2020-09-15 00:00:00,0.0027,0.0109,0.56,14.312,5.814
2020-09-16 00:00:00,0.0029,0.0158,0.591,20.252,12.186
2020-09-17 00:00:00,0.0059,0.0135,0.828,25.814,14.375
2020-09-18 00:00:00,0.0053,0.0161,0.753,26.402,16.648
2020-09-19 00:00:00,0.0048,0.016,0.666,24.621,16.381
2020-09-20 00:00:00,0.0034,0.014,0.639,19.18,11.549
2020-09-21 00:00:00,0.0034,0.0095,0.615,12.881,6.435
2020-09-22 00:00:00,0.0023,0.0085,0.613,16.955,11.782
2020-09-23 00:00:00,0.002,0.0101,0.606,16.939,12.262
2020-09-24 00:00:00,0.0031,0.0115,0.624,21.108,16.712
2020-09-25 00:00:00,0.0032,0.0097,0.629,20.844,14.159
2020-09-26 00:00:00,0.0018,0.0138,0.599,23.111,16.746
2020-09-27 00:00:00,0.0012,0.016,0.597,20.983,14.904
2020-09-28 00:00:00,0.0026,0.0097,0.667,20.993,16.605
2020-09-29 00:00:00,0.0041,0.0226,0.775,21.72,14.587
2020-09-30 00:00:00,0.0049,0.0183,0.764,16.868,10.08
,,,,,
October,,,,,
Date,No2_hourly,O3_hourly,Co_hourly,Pm10_hourly,Pm2.5_hourly
2020-10-01 00:00:00,0.0029,0.0152,0.721,17.824,11.288
2020-10-02 00:00:00,0.0023,0.0138,0.678,14.595,9.139
2020-10-03 00:00:00,0.0027,0.0104,0.697,13.07,7.875
2020-10-04 00:00:00,0.0016,0.0116,0.656,12.197,6.073
2020-10-05 00:00:00,0.006,0.0119,0.841,13.778,7.98
2020-10-06 00:00:00,0.0053,0.0108,0.812,21.244,11.644
2020-10-07 00:00:00,0.0031,0.0151,0.731,20.799,11.948
2020-10-08 00:00:00,0.0033,0.0174,0.735,20.864,13.122
2020-10-09 00:00:00,0.0025,0.0181,0.728,16.284,10.846
2020-10-10 00:00:00,0.0022,0.0142,0.695,12.498,7.082
2020-10-11 00:00:00,0.0023,0.0122,0.694,12.237,6.844
2020-10-12 00:00:00,0.0031,0.0096,0.718,11.793,6.789
2020-10-13 00:00:00,0.0027,0.0183,0.698,13.261,5.948
2020-10-14 00:00:00,0.0023,0.0131,0.682,14.505,4.768
2020-10-15 00:00:00,0.0022,0.0165,0.694,15.638,7.638
2020-10-16 00:00:00,0.0032,0.0218,0.731,17.58,7.91
2020-10-17 00:00:00,0.0032,0.0174,0.74,25.015,12.667
2020-10-18 00:00:00,0.0033,0.0154,0.755,21.242,12.356
2020-10-19 00:00:00,0.004,0.0068,0.792,14.731,7.637
2020-10-20 00:00:00,0.0038,0.011,0.775,16.887,9.281
2020-10-21 00:00:00,0.0021,0.0131,0.735,19.966,14.127
2020-10-22 00:00:00,0.0018,0.0169,0.731,21.014,14.995
2020-10-23 00:00:00,0.0026,0.0196,0.733,20.759,12.613
2020-10-24 00:00:00,0.0038,0.0151,0.819,21.482,15.39
2020-10-25 00:00:00,0.0048,0.0113,0.701,26.419,19.117
2020-10-26 00:00:00,0.004,0.0144,0.454,18.536,13.666
2020-10-27 00:00:00,0.0048,0.0122,0.501,16.592,12.316
2020-10-28 00:00:00,0.0043,0.012,0.514,22.925,16.854
2020-10-29 00:00:00,0.0044,0.0138,0.528,25.027,17.991
2020-10-30 00:00:00,0.0046,0.0107,0.534,25.039,17.522
2020-10-31 00:00:00,0.0053,0.011,0.563,27.515,19.43
,,,,,
November,,,,,
Date,No2_hourly,O3_hourly,Co_hourly,Pm10_hourly,Pm2.5_hourly
2020-11-01 00:00:00,0.0025,0.0112,0.482,19.598,14.046
2020-11-02 00:00:00,0.0027,0.0178,0.472,16.422,10.721
2020-11-03 00:00:00,0.0033,0.0221,0.485,19.16,13.885
2020-11-04 00:00:00,0.0036,0.0199,0.502,21.184,14.756
2020-11-05 00:00:00,0.0033,0.0158,0.426,16.177,10.811
2020-11-06 00:00:00,0.0037,0.0165,0.458,22.869,15.812
2020-11-07 00:00:00,0.0051,0.0179,0.514,21.898,16.871
2020-11-08 00:00:00,0.0028,0.0137,0.475,17.399,12.835
2020-11-09 00:00:00,0.0026,0.0141,0.457,19.328,13.979
2020-11-10 00:00:00,0.0045,0.0179,0.558,21.711,14.967
2020-11-11 00:00:00,0.0049,0.0186,0.527,23.087,16.911
2020-11-12 00:00:00,0.0047,0.0183,0.554,23.399,16.666
2020-11-13 00:00:00,0.0051,0.0125,0.62,30.503,22.188
2020-11-14 00:00:00,0.0032,0.0133,0.571,30.168,23.016
2020-11-15 00:00:00,0.0034,0.0164,0.551,23.628,15.675
2020-11-16 00:00:00,0.0035,0.0153,0.554,20.72,13.833
2020-11-17 00:00:00,0.0034,0.0131,0.535,16.445,10.491
2020-11-18 00:00:00,0.0029,0.0168,0.522,17.47,12.359
2020-11-19 00:00:00,0.004,0.0136,0.495,16.621,10.297
2020-11-20 00:00:00,0.0051,0.0105,0.452,19.793,14.576
2020-11-21 00:00:00,0.0035,0.0144,0.438,18.34,12.576
2020-11-22 00:00:00,0.0044,0.0148,0.492,19.117,14.135
2020-11-23 00:00:00,0.0033,0.0148,0.474,23.694,15.16
2020-11-24 00:00:00,0.0026,0.0161,0.425,20.49,14.183
2020-11-25 00:00:00,0.0028,0.0148,0.433,17.207,12.449
2020-11-26 00:00:00,0.0033,0.0137,0.459,21.405,13.847
2020-11-27 00:00:00,0.0025,0.0165,0.455,19.997,12.198
2020-11-28 00:00:00,0.0027,0.0203,0.471,16.936,11.989
2020-11-29 00:00:00,0.0023,0.0194,0.483,16.41,12.053
2020-11-30 00:00:00,0.0033,0.0123,0.496,20.482,14.404
,,,,,
December,,,,,
Date,No2_hourly,O3_hourly,Co_hourly,Pm10_hourly,Pm2.5_hourly
2020-12-01 00:00:00,0.0042,0.0175,0.534,27.348,18.807
2020-12-02 00:00:00,0.0039,0.0143,0.521,22.877,15.462
2020-12-03 00:00:00,0.0036,0.018,0.479,20.822,14.157
2020-12-04 00:00:00,0.0032,0.0168,0.502,23.166,16.254
2020-12-05 00:00:00,0.0023,0.0168,0.471,20.783,13.985
2020-12-06 00:00:00,0.0025,0.0126,0.495,18.974,12.204
2020-12-07 00:00:00,0.0033,0.0144,0.525,22.383,14.863
2020-12-08 00:00:00,0.0035,0.0142,0.539,21.743,14.051
2020-12-09 00:00:00,0.0024,0.0149,0.526,22.701,15.36
2020-12-10 00:00:00,0.0027,0.0183,0.528,20.797,12.835
2020-12-11 00:00:00,0.0022,0.0179,0.509,17.753,12.155
2020-12-12 00:00:00,0.0025,0.0154,0.538,16.53,12.917
2020-12-13 00:00:00,0.0022,0.0138,0.538,20.021,14.261
2020-12-14 00:00:00,0.0039,0.0101,0.543,15.123,9.12
2020-12-15 00:00:00,0.0036,0.0149,0.489,17.337,10.845
2020-12-16 00:00:00,0.0032,0.016,0.464,10.328,6.287
2020-12-17 00:00:00,0.0026,0.0156,0.465,12.817,7.569
2020-12-18 00:00:00,0.0027,0.0156,0.479,18.061,12.044
2020-12-19 00:00:00,0.0037,0.0139,0.51,12.697,7.886
2020-12-20 00:00:00,0.0023,0.0166,0.472,12.76,6.714
2020-12-21 00:00:00,0.0029,0.0156,0.52,16.589,7.889
2020-12-22 00:00:00,0.0027,0.0205,0.558,16.836,7.338
2020-12-23 00:00:00,0.0055,0.0232,0.685,17.99,9.672
2020-12-24 00:00:00,0.0048,0.0211,0.707,17.988,10.894
2020-12-25 00:00:00,0.0031,0.0143,0.601,14.994,9.097
2020-12-26 00:00:00,0.0032,0.0119,0.576,16.826,10.608
2020-12-27 00:00:00,0.0037,0.0096,0.578,19.25,12.317
2020-12-28 00:00:00,0.0022,0.0139,0.528,14.083,7.702
2020-12-29 00:00:00,0.0029,0.0152,0.553,12.285,6.546
2020-12-30 00:00:00,0.0039,0.0151,0.59,14.886,8.694
2020-12-31 00:00:00,0.0032,0.0143,0.631,21.463,12.551
,,,,,
,,,,,
2021,,,,,
January,,,,,
Date,No2_hourly,O3_hourly,Co_hourly,Pm10_hourly,Pm2.5_hourly
2021-01-01 00:00:00,0.0025,0.016,0.568,15.754,10.036
2021-01-02 00:00:00,0.0029,0.0144,0.606,14.206,8.711
2021-01-03 00:00:00,0.0034,0.0109,0.629,12.841,6.739
2021-01-04 00:00:00,0.004,0.0091,0.632,14.606,6.53
2021-01-05 00:00:00,0.0027,0.0136,0.623,13.04,6.442
2021-01-06 00:00:00,0.0031,0.0139,0.622,13.259,7.143
2021-01-07 00:00:00,0.0036,0.0126,0.565,15.319,8.061
2021-01-08 00:00:00,0.0031,0.0119,0.502,15.243,9.001
2021-01-09 00:00:00,0.0023,0.0113,0.473,13.969,6.909
2021-01-10 00:00:00,0.0031,0.009,0.549,15.942,8.885
2021-01-11 00:00:00,0.0025,0.0124,0.516,13.406,6.35
2021-01-12 00:00:00,0.0029,0.0145,0.514,15.055,8.543
2021-01-13 00:00:00,0.0022,0.0219,0.535,15.856,8.225
2021-01-14 00:00:00,0.0024,0.0144,0.519,12.611,5.25
2021-01-15 00:00:00,0.0023,0.0158,0.55,11.673,6.345
2021-01-16 00:00:00,0.0033,0.0163,0.568,9.872,5.749
2021-01-17 00:00:00,0.0025,0.0119,0.534,14.993,6.113
2021-01-18 00:00:00,0.0029,0.0179,0.55,19.041,8.664
2021-01-19 00:00:00,0.0024,0.0155,0.52,13.305,7.445
2021-01-20 00:00:00,0.0032,0.0133,0.543,14.171,8.114
2021-01-21 00:00:00,0.0032,0.0141,0.554,10.463,6.069
2021-01-22 00:00:00,0.004,0.0087,0.6,19.317,12.718
2021-01-23 00:00:00,0.0036,0.0116,0.611,19.77,11.439
2021-01-24 00:00:00,0.0025,0.0152,0.59,18.354,12.779
2021-01-25 00:00:00,0.0036,0.0131,0.633,21.034,14.263
2021-01-26 00:00:00,0.0031,0.0124,0.595,15.27,9.191
2021-01-27 00:00:00,0.0025,0.0132,0.471,14.528,8.01
2021-01-28 00:00:00,0.0031,0.0142,0.399,16.035,9.075
2021-01-29 00:00:00,0.0017,0.0168,0.385,18.402,11.003
2021-01-30 00:00:00,0.0016,0.021,0.415,22.536,13.332
2021-01-31 00:00:00,0.0017,0.0261,0.475,22.542,14.768
,,,,,
February,,,,,
Date,No2_hourly,O3_hourly,Co_hourly,Pm10_hourly,Pm2.5_hourly
2021-02-01 00:00:00,0.0027,0.0236,0.473,28.835,15.744
2021-02-02 00:00:00,0.0029,0.0206,0.433,22.948,14.869
2021-02-03 00:00:00,0.0019,0.0245,0.449,24.405,16.744
2021-02-04 00:00:00,0.0026,0.0216,0.449,18.232,13.037
2021-02-05 00:00:00,0.0024,0.021,0.444,24.22,15.972
2021-02-06 00:00:00,0.0024,0.0172,0.458,22.258,15.105
2021-02-07 00:00:00,0.0024,0.0143,0.479,24.87,16.216
2021-02-08 00:00:00,0.0034,0.0128,0.471,21.547,14.464
2021-02-09 00:00:00,0.0043,0.0146,0.55,26.62,19.803
2021-02-10 00:00:00,0.0027,0.0147,0.457,22.145,17.114
2021-02-11 00:00:00,0.0038,0.0098,0.454,28.609,22.683
2021-02-12 00:00:00,0.0027,0.0131,0.441,28.724,21.878
2021-02-13 00:00:00,0.0036,0.0279,0.535,27.16,18.516
2021-02-14 00:00:00,0.0037,0.0211,0.56,32.269,21.914
2021-02-15 00:00:00,0.0042,0.02,0.488,31.099,21.032
2021-02-16 00:00:00,0.0034,0.0204,0.482,32.749,23.855
2021-02-17 00:00:00,0.0031,0.0184,0.489,34.161,27.148
2021-02-18 00:00:00,0.0029,0.0143,0.458,20.294,15.114
2021-02-19 00:00:00,0.0033,0.0198,0.462,30.408,20.399
2021-02-20 00:00:00,0.0037,0.0206,0.536,33.1,22.342
2021-02-21 00:00:00,0.0027,0.0266,0.508,30.586,19.319
2021-02-22 00:00:00,0.0044,0.0251,0.533,32.962,22.224
2021-02-23 00:00:00,0.0044,0.0195,0.548,32.171,22.987
2021-02-24 00:00:00,0.0033,0.0175,0.458,25.013,17.805
2021-02-25 00:00:00,0.0032,0.0155,0.385,17.279,9.204
2021-02-26 00:00:00,0.0037,0.0127,0.39,25.092,17.896
2021-02-27 00:00:00,0.0036,0.0126,0.433,23.669,18.259
2021-02-28 00:00:00,0.0033,0.012,0.44,16.473,12.75
,,,,,
March,,,,,
Date,No2_hourly,O3_hourly,Co_hourly,Pm10_hourly,Pm2.5_hourly
2021-03-01 00:00:00,0.0037,0.0148,0.433,16.381,12.204
2021-03-02 00:00:00,0.0042,0.0163,0.481,20.169,15.887
2021-03-03 00:00:00,0.0033,0.0122,0.438,20.796,13.348
2021-03-04 00:00:00,0.0039,0.0144,0.477,24.362,16.482
2021-03-05 00:00:00,0.0032,0.0162,0.469,22.119,15.621
2021-03-06 00:00:00,0.0034,0.0154,0.485,26.727,18.637
2021-03-07 00:00:00,0.0023,0.0206,0.486,26.766,16.54
2021-03-08 00:00:00,0.0035,0.0215,0.539,24.264,15.391
2021-03-09 00:00:00,0.0038,0.0195,0.526,29.459,20.393
2021-03-10 00:00:00,0.0029,0.0208,0.423,20.055,15.087
2021-03-11 00:00:00,0.0031,0.0182,0.436,25.281,16.202
2021-03-12 00:00:00,0.0036,0.0165,0.48,28.104,18.304
2021-03-13 00:00:00,0.0039,0.0157,0.481,21.437,14.322
2021-03-14 00:00:00,0.0033,0.0135,0.542,24.508,17.715
2021-03-15 00:00:00,0.0033,0.015,0.504,25.406,17.267
2021-03-16 00:00:00,0.0025,0.0153,0.478,22.097,14.828
2021-03-17 00:00:00,0.0025,0.0129,0.583,24.986,17.204
2021-03-18 00:00:00,0.0025,0.0116,0.5,18.929,14.099
2021-03-19 00:00:00,0.0026,0.0128,0.5,18.876,13.418
2021-03-20 00:00:00,0.0028,0.0136,0.501,22.109,16.679
2021-03-21 00:00:00,0.0026,0.0107,0.502,24.523,18.152
2021-03-22 00:00:00,0.0037,0.0105,0.508,22.06,14.664
2021-03-23 00:00:00,0.0037,0.0126,0.538,21.281,14.362
2021-03-24 00:00:00,0.0042,0.013,0.485,23.187,14.051
2021-03-25 00:00:00,0.0034,0.0127,0.396,19.807,10.267
2021-03-26 00:00:00,0.0029,0.0141,0.392,16.619,9.196
2021-03-27 00:00:00,0.0029,0.0145,0.426,17.708,11.497
2021-03-28 00:00:00,0.0026,0.0152,0.404,20.975,14.355
2021-03-29 00:00:00,0.003,0.0119,0.42,20.12,12.933
2021-03-30 00:00:00,0.0025,0.0166,0.397,18.265,11.835
2021-03-31 00:00:00,0.0038,0.0103,0.462,20.159,14.312
,,,,,
April,,,,,
Date,No2_hourly,O3_hourly,Co_hourly,Pm10_hourly,Pm2.5_hourly
2021-04-01 00:00:00,0.0031,0.0107,0.457,20.845,15.123
2021-04-02 00:00:00,0.0052,0.018,0.503,27.655,20.067
2021-04-03 00:00:00,0.0047,0.017,0.496,21.12,14.799
2021-04-04 00:00:00,0.0031,0.0149,0.492,20.887,13.765
2021-04-05 00:00:00,0.0036,0.0154,0.485,18.51,12.381
2021-04-06 00:00:00,0.0037,0.0141,0.47,18.211,10.726
2021-04-07 00:00:00,0.0032,0.0142,0.455,23.692,15.407
2021-04-08 00:00:00,0.0034,0.0182,0.496,21.565,14.755
2021-04-09 00:00:00,0.004,0.0196,0.526,30.724,21.827
2021-04-10 00:00:00,0.0038,0.0116,0.538,28.525,20.357
2021-04-11 00:00:00,0.0029,0.0196,0.464,19.036,12.875
2021-04-12 00:00:00,0.0039,0.0208,0.445,15.797,11.463
2021-04-13 00:00:00,0.0057,0.0209,0.513,23.092,16.394
2021-04-14 00:00:00,0.0042,0.0141,0.487,23.917,16.206
2021-04-15 00:00:00,0.0033,0.0107,0.458,16.716,10.365
2021-04-16 00:00:00,0.0052,0.0138,0.518,18.282,12.584
2021-04-17 00:00:00,0.0051,0.0133,0.52,18.974,12.62
2021-04-18 00:00:00,0.0036,0.0131,0.482,19.982,12.839
2021-04-19 00:00:00,0.0032,0.0202,0.461,13.65,7.288
2021-04-20 00:00:00,0.0043,0.0218,0.523,20.016,13.561
2021-04-21 00:00:00,0.0051,0.0193,0.535,19.179,13.855
2021-04-22 00:00:00,0.0046,0.0203,0.491,19.876,13.74
2021-04-23 00:00:00,0.0035,0.0197,0.428,18.519,12.868
2021-04-24 00:00:00,0.0036,0.0166,0.451,24.58,16.053
2021-04-25 00:00:00,0.0046,0.0195,0.464,19.162,12.799
2021-04-26 00:00:00,0.0055,0.0174,0.505,20.967,14.204
2021-04-27 00:00:00,0.0034,0.0171,0.445,15.134,10.171
2021-04-28 00:00:00,0.0032,0.0187,0.457,14.304,9.166
2021-04-29 00:00:00,0.0034,0.0191,0.457,13.259,7.76
2021-04-30 00:00:00,0.0029,0.0165,0.498,13.687,8.177
,,,,,
May,,,,,
Date,No2_hourly,O3_hourly,Co_hourly,Pm10_hourly,Pm2.5_hourly
2021-05-01 00:00:00,0.0022,0.0152,0.498,12.923,8.563
2021-05-02 00:00:00,0.0025,0.015,0.5,11.693,6.669
2021-05-03 00:00:00,0.0034,0.0122,0.53,12.194,6.743
2021-05-04 00:00:00,0.0032,0.0168,0.507,12.357,6.109
2021-05-05 00:00:00,0.0052,0.0121,0.561,14.681,7.153
2021-05-06 00:00:00,0.0028,0.0147,0.464,9.157,3.81
2021-05-07 00:00:00,0.0024,0.0134,0.411,10.517,5.686
2021-05-08 00:00:00,0.0025,0.0157,0.424,15.938,9.683
2021-05-09 00:00:00,0.0029,0.0119,0.438,10.866,5.843
2021-05-10 00:00:00,0.005,0.0155,0.585,24.102,15.736
2021-05-11 00:00:00,0.0039,0.0194,0.491,16.051,10.242
2021-05-12 00:00:00,0.0043,0.0142,0.527,18.019,11.727
2021-05-13 00:00:00,0.004,0.0128,0.548,41.95,33.321
2021-05-14 00:00:00,0.0023,0.0165,0.46,10.526,6.366
2021-05-15 00:00:00,0.0041,0.0104,0.506,13.932,8.434
2021-05-16 00:00:00,0.0026,0.0164,0.496,12.799,7.431
2021-05-17 00:00:00,0.0032,0.0197,0.515,14.605,8.559
2021-05-18 00:00:00,0.003,0.0116,0.515,14.809,8.42
2021-05-19 00:00:00,0.003,0.0115,0.513,13.237,6.287
2021-05-20 00:00:00,0.0019,0.0235,0.423,7.868,3.623
2021-05-21 00:00:00,0.0028,0.0216,0.417,10.381,5.989
2021-05-22 00:00:00,0.0023,0.0162,0.451,20.17,12.955
2021-05-23 00:00:00,0.0022,0.0132,0.429,16.691,11.34
2021-05-24 00:00:00,0.0024,0.0151,0.445,19.232,12.01
2021-05-25 00:00:00,0.0031,0.0191,0.449,20.984,13.679
2021-05-26 00:00:00,0.0037,0.0183,0.443,23.059,14.98
2021-05-27 00:00:00,0.0032,0.0222,0.472,26.787,18.035
2021-05-28 00:00:00,0.0048,0.0125,0.502,16.862,13.72
2021-05-29 00:00:00,0.0035,0.0112,0.508,17.82,14.304
2021-05-30 00:00:00,0.0024,0.0165,0.498,19.435,16.315
2021-05-31 00:00:00,0.0036,0.0192,0.512,19.655,16.628
,,,,,
June,,,,,
Date,No2_hourly,O3_hourly,Co_hourly,Pm10_hourly,Pm2.5_hourly
2021-06-01 00:00:00,0.0029,0.0113,0.503,18.187,15.232
2021-06-02 00:00:00,0.0024,0.0142,0.521,19.003,15.796
2021-06-03 00:00:00,0.004,0.0157,0.581,20.318,17.052
2021-06-04 00:00:00,0.0032,0.014,0.584,26.313,23.123
2021-06-05 00:00:00,0.0039,0.0102,0.582,17.725,14.819
2021-06-06 00:00:00,0.0026,0.0101,0.559,17.233,14.35
2021-06-07 00:00:00,0.0025,0.0161,0.556,15.834,12.81
2021-06-08 00:00:00,0.004,0.0106,0.511,17.692,13.678
2021-06-09 00:00:00,0.0037,0.015,0.429,22.49,16.799
2021-06-10 00:00:00,0.0032,0.018,0.441,19.255,15.526
2021-06-11 00:00:00,0.0039,0.0121,0.434,16.138,12.923
2021-06-12 00:00:00,0.0027,0.0155,0.407,16.985,13.451
2021-06-13 00:00:00,0.0031,0.0153,0.294,15.242,12.735
2021-06-14 00:00:00,0.0044,0.0197,0.319,19.883,16.8
2021-06-15 00:00:00,0.0034,0.016,0.319,20.487,17.059
2021-06-16 00:00:00,0.0028,0.0146,0.321,18.171,15.014
2021-06-17 00:00:00,0.0024,0.0165,0.287,13.686,12.103
2021-06-18 00:00:00,0.0031,0.0093,0.304,12.281,10.246
2021-06-19 00:00:00,0.0023,0.0115,0.32,12.41,10.57
2021-06-20 00:00:00,0.0016,0.0145,0.312,13.049,10.955
2021-06-21 00:00:00,0.0039,0.0127,0.42,25.048,20.189
2021-06-22 00:00:00,0.0037,0.0131,0.476,31.313,18.618
2021-06-23 00:00:00,0.0038,0.0198,0.467,32.024,22.438
2021-06-24 00:00:00,0.002,0.017,0.35,26.369,17.84
2021-06-25 00:00:00,0.0027,0.0144,0.329,23.023,17.004
2021-06-26 00:00:00,0.0034,0.0162,0.232,19.008,14.511
2021-06-27 00:00:00,0.0032,0.0148,0.243,19.337,12.073
2021-06-28 00:00:00,0.0028,0.0127,0.436,12.692,8.049
2021-06-29 00:00:00,0.0026,0.0124,0.57,13.369,8.798
2021-06-30 00:00:00,0.0029,0.0144,0.627,15.216,10.185
,,,,,
July,,,,,
Date,No2_hourly,O3_hourly,Co_hourly,Pm10_hourly,Pm2.5_hourly
2021-07-01 00:00:00,0.0021,0.0113,0.601,13.115,8.067
2021-07-02 00:00:00,0.0029,0.0124,0.67,15.746,10.646
2021-07-03 00:00:00,0.0039,0.0138,0.723,19.369,14.814
2021-07-04 00:00:00,0.0019,0.0147,0.673,15.564,10.343
2021-07-05 00:00:00,0.0035,0.0136,0.621,21.346,13.837
2021-07-06 00:00:00,0.0025,0.0129,0.479,15.585,10.015
2021-07-07 00:00:00,0.0025,0.0153,0.502,19.73,13.371
2021-07-08 00:00:00,0.0028,0.0149,0.474,12.586,8.166
2021-07-09 00:00:00,0.0029,0.014,0.503,17.297,11.134
2021-07-10 00:00:00,0.002,0.0148,0.517,17.556,11.762
2021-07-11 00:00:00,0.0016,0.014,0.575,10.308,5.199
2021-07-12 00:00:00,0.0023,0.0136,0.575,8.367,4.563
2021-07-13 00:00:00,0.0027,0.0094,0.599,13.064,6.022
2021-07-14 00:00:00,0.0015,0.0128,0.559,15.489,5.864
2021-07-15 00:00:00,0.0038,0.0133,0.692,22.801,13.632
2021-07-16 00:00:00,0.0046,0.0131,0.725,25.219,16.213
2021-07-17 00:00:00,0.0045,0.0168,0.715,22.555,14.728
2021-07-18 00:00:00,0.0036,0.015,0.751,27.974,18.687
2021-07-19 00:00:00,0.004,0.0142,0.724,27.346,17.799
2021-07-20 00:00:00,0.0051,0.0127,0.819,30.954,20.223
2021-07-21 00:00:00,0.0035,0.0138,0.644,23.032,15.018
2021-07-22 00:00:00,0.0021,0.015,0.376,16.808,11.22
2021-07-23 00:00:00,0.0041,0.0171,0.465,23.466,16.297
2021-07-24 00:00:00,0.0028,0.0169,0.459,24.419,17.054
2021-07-25 00:00:00,0.0025,0.0142,0.449,26.361,18.123
2021-07-26 00:00:00,0.0031,0.0141,0.466,25.826,18.338
2021-07-27 00:00:00,0.0032,0.0139,0.476,26.389,18.745
2021-07-28 00:00:00,0.0022,0.0189,0.469,24.005,17.221
2021-07-29 00:00:00,0.0016,0.0214,0.431,16.216,8.691
2021-07-30 00:00:00,0.003,0.0189,0.434,17.472,9.224
2021-07-31 00:00:00,0.0058,0.0155,0.594,30.195,20.41
,,,,,
August,,,,,
Date,No2_hourly,O3_hourly,Co_hourly,Pm10_hourly,Pm2.5_hourly
2021-08-01 00:00:00,0.0034,0.0164,0.534,29.455,20.628
2021-08-02 00:00:00,0.0047,0.0139,0.525,19.358,14.221
2021-08-03 00:00:00,0.0036,0.0145,0.485,16.33,10.177
2021-08-04 00:00:00,0.0042,0.017,0.489,18.88,12.293
2021-08-05 00:00:00,0.004,0.0139,0.528,23.099,15.458
2021-08-06 00:00:00,0.0029,0.0156,0.48,15.449,9.417
2021-08-07 00:00:00,0.0044,0.0152,0.573,23.874,17.01
2021-08-08 00:00:00,0.0021,0.014,0.484,15.404,10.335
2021-08-09 00:00:00,0.0017,0.0159,0.523,16.834,11.424
2021-08-10 00:00:00,0.0028,0.0132,0.527,15.851,11.053
2021-08-11 00:00:00,0.0023,0.0165,0.511,16.731,11.446
2021-08-12 00:00:00,0.0023,0.0142,0.445,11.327,6.76
2021-08-13 00:00:00,0.0021,0.0107,0.442,8.914,4.795
2021-08-14 00:00:00,0.004,0.01,0.526,19.955,13.792
2021-08-15 00:00:00,0.0017,0.0158,0.456,13.494,9.484
2021-08-16 00:00:00,0.0031,0.0089,0.488,15.815,9.955
2021-08-17 00:00:00,0.0023,0.0125,0.463,17.32,12.354
2021-08-18 00:00:00,0.0017,0.0104,0.471,17.391,12.486
2021-08-19 00:00:00,0.0022,0.0101,0.469,13.574,8.028
2021-08-20 00:00:00,0.0019,0.0106,0.466,16.973,9.691
2021-08-21 00:00:00,0.0019,0.0116,0.458,15.8,9.984
2021-08-22 00:00:00,0.0017,0.0119,0.454,13.977,9.4
2021-08-23 00:00:00,0.0018,0.0113,0.443,15.453,9.695
2021-08-24 00:00:00,0.0032,0.0099,0.48,20.05,13.161
2021-08-25 00:00:00,0.0029,0.0078,0.475,22.873,14.231
2021-08-26 00:00:00,0.0023,0.0125,0.398,13.812,7.931
2021-08-27 00:00:00,0.0021,0.0162,0.448,18,11.423
2021-08-28 00:00:00,0.0033,0.0134,0.451,15.004,8.71
2021-08-29 00:00:00,0.0011,0.0162,0.432,20.245,14.318
2021-08-30 00:00:00,0.0023,0.0128,0.427,9.256,4.871
2021-08-31 00:00:00,0.0014,0.0137,0.425,12.456,6.849
,,,,,
September,,,,,
Date,No2_hourly,O3_hourly,Co_hourly,Pm10_hourly,Pm2.5_hourly
2021-09-01 00:00:00,0.0025,0.0142,0.436,9.932,5.419
2021-09-02 00:00:00,0.0015,0.0132,0.443,11.058,5.962
2021-09-03 00:00:00,0.0031,0.0129,0.445,11.392,5.301
2021-09-04 00:00:00,0.0016,0.0106,0.416,13.184,6.348
2021-09-05 00:00:00,0.0036,0.0127,0.507,21.037,12.779
2021-09-06 00:00:00,0.0031,0.0144,0.472,16.21,9.987
2021-09-07 00:00:00,0.002,0.0172,0.398,13.259,8.042
2021-09-08 00:00:00,0.0037,0.0128,0.427,16.474,10.628
2021-09-09 00:00:00,0.0038,0.0139,0.448,18.24,11.612
2021-09-10 00:00:00,0.0051,0.0146,0.526,26.502,17.445
2021-09-11 00:00:00,0.0027,0.0159,0.443,17.875,11.11
2021-09-12 00:00:00,0.003,0.0175,0.471,20.246,13.79
2021-09-13 00:00:00,0.003,0.0107,0.448,19.043,11.509
2021-09-14 00:00:00,0.0013,0.0111,0.422,14.66,6.553
2021-09-15 00:00:00,0.0016,0.0114,0.405,9.948,5.014
2021-09-16 00:00:00,0.0021,0.0086,0.448,15.427,7.95
2021-09-17 00:00:00,0.0029,0.0184,0.471,14.441,9.157
2021-09-18 00:00:00,0.003,0.0167,0.47,19.133,13.686
2021-09-19 00:00:00,0.0014,0.0159,0.448,14.181,9.478
2021-09-20 00:00:00,0.0023,0.0112,0.462,13.735,8.378
2021-09-21 00:00:00,0.003,0.0098,0.465,13.647,8.501
2021-09-22 00:00:00,0.003,0.0144,0.485,15.421,8.905
2021-09-23 00:00:00,0.0035,0.0174,0.435,18.505,10.597
2021-09-24 00:00:00,0.003,0.0156,0.345,17.938,10.18
2021-09-25 00:00:00,0.0031,0.0132,0.372,20.52,13.263
2021-09-26 00:00:00,0.0026,0.0122,0.353,16.57,10.954
2021-09-27 00:00:00,0.0022,0.0134,0.346,13.334,8.59
2021-09-28 00:00:00,0.0029,0.0127,0.382,16.289,11.406
2021-09-29 00:00:00,0.0026,0.0135,0.379,15.754,10.759
2021-09-30 00:00:00,0.002,0.0138,0.375,14.244,9.045
,,,,,
October,,,,,
Date,No2_hourly,O3_hourly,Co_hourly,Pm10_hourly,Pm2.5_hourly
2021-10-01 00:00:00,0.0016,0.0126,0.357,14.992,8.798
2021-10-02 00:00:00,0.0037,0.0142,0.405,13.441,7.955
2021-10-03 00:00:00,0.0015,0.0139,0.336,14.347,7.83
2021-10-04 00:00:00,0.0024,0.0152,0.289,13.03,6.231
2021-10-05 00:00:00,0.0022,0.0162,0.273,14.86,8.065
2021-10-06 00:00:00,0.0028,0.0132,0.271,17.523,10.676
2021-10-07 00:00:00,0.0029,0.0161,0.342,23.272,14.401
2021-10-08 00:00:00,0.0024,0.0195,0.397,30.302,20.607
2021-10-09 00:00:00,0.0023,0.022,0.363,19.604,13.046
2021-10-10 00:00:00,0.0028,0.0188,0.429,21.743,15.836
2021-10-11 00:00:00,0.003,0.0204,0.438,23.392,15.855
2021-10-12 00:00:00,0.0034,0.0244,0.439,24.186,15.15
2021-10-13 00:00:00,0.0035,0.0208,0.469,25.392,16.702
2021-10-14 00:00:00,0.0058,0.0189,0.576,37.632,25.907
2021-10-15 00:00:00,0.0051,0.022,0.543,26.834,18.383
2021-10-16 00:00:00,0.004,0.0182,0.527,27.619,19.767
2021-10-17 00:00:00,0.0044,0.0161,0.49,17.844,12.156
2021-10-18 00:00:00,0.0052,0.0136,0.498,15.532,9.561
2021-10-19 00:00:00,0.0031,0.0124,0.452,11.46,6.4
2021-10-20 00:00:00,0.0029,0.0101,0.447,10.046,4.781
2021-10-21 00:00:00,0.0026,0.0117,0.434,10.855,5.816
2021-10-22 00:00:00,0.0033,0.0108,0.474,12.02,5.862
2021-10-23 00:00:00,0.003,0.0104,0.451,11.189,5.373
2021-10-24 00:00:00,0.0024,0.0124,0.426,14.223,8.43
2021-10-25 00:00:00,0.0035,0.0137,0.365,16.718,10.629
2021-10-26 00:00:00,0.0033,0.012,0.335,14.227,8.533
2021-10-27 00:00:00,0.004,0.0146,0.289,18.218,10.524
2021-10-28 00:00:00,0.0033,0.0138,0.237,15.674,10.333
2021-10-29 00:00:00,0.0033,0.0124,0.278,11.877,7.892
2021-10-30 00:00:00,0.0035,0.0137,0.258,19.008,10.512
2021-10-31 00:00:00,0.0029,0.0143,0.321,19.45,13.34
,,,,,
November,,,,,
Date,No2_hourly,O3_hourly,Co_hourly,Pm10_hourly,Pm2.5_hourly
2021-11-01 00:00:00,0.0043,0.0157,0.332,16.259,9.065
2021-11-02 00:00:00,0.004,0.0153,0.318,16.764,9.493
2021-11-03 00:00:00,0.0027,0.0123,0.311,15.468,9.194
2021-11-04 00:00:00,0.0027,0.0128,0.362,11.6,7.474
2021-11-05 00:00:00,0.0024,0.0137,0.515,11.148,5.819
2021-11-06 00:00:00,0.0026,0.0145,0.575,12.249,6.442
2021-11-07 00:00:00,0.002,0.0135,0.588,10.634,5.663
2021-11-08 00:00:00,0.0027,0.014,0.627,10.098,4.443
2021-11-09 00:00:00,0.0025,0.0128,0.681,13.597,6.592
2021-11-10 00:00:00,0.0027,0.0177,0.691,12.099,6.392
2021-11-11 00:00:00,0.0027,0.0132,0.714,14.332,7.453
2021-11-12 00:00:00,0.0032,0.009,0.711,13.846,6.211
2021-11-13 00:00:00,0.0026,0.0097,0.525,14.573,4.853
2021-11-14 00:00:00,0.0023,0.0132,0.35,11.144,4.518
2021-11-15 00:00:00,0.0076,0.0121,0.462,13.014,6.459
2021-11-16 00:00:00,0.0063,0.0112,0.516,20.07,10.788
2021-11-17 00:00:00,0.0054,0.0091,0.46,19.375,9.7
2021-11-18 00:00:00,0.0048,0.0109,0.471,18.916,11.108
2021-11-19 00:00:00,0.0037,0.0101,0.445,19.61,12.837
2021-11-20 00:00:00,0.0029,0.0147,0.413,14.984,9.022
2021-11-21 00:00:00,0.0032,0.0148,0.423,23.959,19.351
2021-11-22 00:00:00,0.004,0.015,0.463,16.871,10.868
2021-11-23 00:00:00,0.0038,0.0108,0.45,13.422,8.502
2021-11-24 00:00:00,0.0032,0.0127,0.421,13.319,8.237
2021-11-25 00:00:00,0.0044,0.0098,0.488,12.649,7.983
2021-11-26 00:00:00,0.0043,0.0109,0.488,18.198,10.811
2021-11-27 00:00:00,0.0044,0.0126,0.497,17.314,11.114
2021-11-28 00:00:00,0.003,0.0143,0.446,15.068,10.032
2021-11-29 00:00:00,0.004,0.0128,0.466,16.904,11.077
2021-11-30 00:00:00,0.0055,0.0141,0.492,18.735,11.775
,,,,,
December,,,,,
Date,No2_hourly,O3_hourly,Co_hourly,Pm10_hourly,Pm2.5_hourly
2021-12-01 00:00:00,0.0069,0.0143,0.589,20.855,14.516
2021-12-02 00:00:00,0.0048,0.0158,0.546,19.25,12.506
2021-12-03 00:00:00,0.004,0.0143,0.522,18.156,10.775
2021-12-04 00:00:00,0.0029,0.0143,0.495,14.659,7.96
2021-12-05 00:00:00,0.0021,0.0169,0.506,15.137,8.844
2021-12-06 00:00:00,0.0031,0.0184,0.464,13.948,6.825
2021-12-07 00:00:00,0.0039,0.0146,0.455,15.305,8.266
2021-12-08 00:00:00,0.0044,0.0174,0.481,17.321,9.936
2021-12-09 00:00:00,0.0031,0.017,0.482,21.11,11.946
2021-12-10 00:00:00,0.0046,0.0113,0.523,21.153,12.075
2021-12-11 00:00:00,0.0033,0.013,0.506,16.625,9.587
2021-12-12 00:00:00,0.0036,0.0149,0.514,17.878,10.376
2021-12-13 00:00:00,0.0037,0.0129,0.53,16.413,11.131
2021-12-14 00:00:00,0.0035,0.0172,0.484,13.861,8.301
2021-12-15 00:00:00,0.0039,0.0141,0.506,15.668,9.06
2021-12-16 00:00:00,0.0037,0.0157,0.52,13.47,8.903
2021-12-17 00:00:00,0.0036,0.0163,0.549,19.314,11.6
2021-12-18 00:00:00,0.0034,0.017,0.523,23.301,10.622
2021-12-19 00:00:00,0.0034,0.0153,0.522,15.89,9.313
2021-12-20 00:00:00,0.0036,0.0109,0.471,12.009,6.771
2021-12-21 00:00:00,0.0058,0.0118,0.479,18.378,10.557
2021-12-22 00:00:00,0.0057,0.0109,0.488,19.058,10.769
2021-12-23 00:00:00,0.0039,0.0148,0.435,21.435,11.701
2021-12-24 00:00:00,0.0043,0.0169,0.463,21.675,13.353
2021-12-25 00:00:00,0.0032,0.0138,0.406,17.92,10.283
2021-12-26 00:00:00,0.0032,0.0151,0.417,18.121,10.475
2021-12-27 00:00:00,0.0035,0.0105,0.436,18.615,11.135
2021-12-28 00:00:00,0.0025,0.0128,0.399,17.306,10.975
2021-12-29 00:00:00,0.0029,0.0179,0.392,15.747,9.249
2021-12-30 00:00:00,0.003,0.015,0.414,18.938,12.061
2021-12-31 00:00:00,0.0031,0.0167,0.436,19.003,11.623
,,,,,
,,,,,
2022,,,,,
January,,,,,
Date,No2_hourly,O3_hourly,Co_hourly,Pm10_hourly,Pm2.5_hourly
2022-01-01 00:00:00,0.0031,0.0167,0.434,20.23,12.415
2022-01-02 00:00:00,0.0034,0.014,0.437,14.116,8.538
2022-01-03 00:00:00,0.0041,0.0144,0.465,15.658,9.797
2022-01-04 00:00:00,0.0038,0.0173,0.449,14.178,8.553
2022-01-05 00:00:00,0.0047,0.0133,0.494,19.086,11.495
2022-01-06 00:00:00,0.0042,0.0144,0.478,15.853,9.649
2022-01-07 00:00:00,0.0049,0.0139,0.492,15.848,10.177
2022-01-08 00:00:00,0.0033,0.0167,0.468,15.366,9.157
2022-01-09 00:00:00,0.0033,0.0151,0.479,18.764,12.29
2022-01-10 00:00:00,0.0039,0.0144,0.486,19.465,11.743
2022-01-11 00:00:00,0.0024,0.0195,0.465,21.521,12.993
2022-01-12 00:00:00,0.0027,0.0181,0.484,23.385,14.498
2022-01-13 00:00:00,0.0024,0.0228,0.494,28.937,21.105
2022-01-14 00:00:00,0.0036,0.0199,0.544,34.716,25.02
2022-01-15 00:00:00,0.0031,0.0186,0.535,25.647,14.587
2022-01-16 00:00:00,0.0027,0.0222,0.54,23.544,13.65
2022-01-17 00:00:00,0.0039,0.0182,0.579,25.553,12.912
2022-01-18 00:00:00,0.0024,0.0182,0.494,17.757,7.318
2022-01-19 00:00:00,0.0029,0.0201,0.506,19.022,10.295
2022-01-20 00:00:00,0.0032,0.0166,0.545,16.327,9.624
2022-01-21 00:00:00,0.004,0.0104,0.618,23.952,13.46
2022-01-22 00:00:00,0.0035,0.0124,0.559,18.278,10.458
2022-01-23 00:00:00,0.003,0.014,0.572,17.388,11.098
2022-01-24 00:00:00,0.0028,0.0144,0.53,13.613,8.015
2022-01-25 00:00:00,0.0027,0.0147,0.527,14.907,8.563
2022-01-26 00:00:00,0.0043,0.0107,0.56,23.397,17.18
2022-01-27 00:00:00,0.0041,0.0119,0.554,14.381,9.535
2022-01-28 00:00:00,0.0048,0.0075,0.643,15.799,9.228
2022-01-29 00:00:00,0.0045,0.0122,0.637,23.182,15.397
2022-01-30 00:00:00,0.0036,0.0092,0.55,13.885,8.419
2022-01-31 00:00:00,0.0031,0.0111,0.545,20.527,13.609
,,,,,
February,,,,,
Date,No2_hourly,O3_hourly,Co_hourly,Pm10_hourly,Pm2.5_hourly
2022-02-01 00:00:00,0.003,0.0139,0.554,34.015,27.155
2022-02-02 00:00:00,0.0041,0.0142,0.595,22.903,15.619
2022-02-03 00:00:00,0.004,0.0095,0.491,19.289,11.504
2022-02-04 00:00:00,0.0025,0.0144,0.365,15.837,9.746
2022-02-05 00:00:00,0.0032,0.0133,0.393,15.743,9.707
2022-02-06 00:00:00,0.003,0.014,0.388,13.269,8.654
2022-02-07 00:00:00,0.0032,0.0123,0.399,15.267,8.41
2022-02-08 00:00:00,0.0035,0.0123,0.445,20.202,9.171
2022-02-09 00:00:00,0.003,0.0148,0.43,14.716,8.83
2022-02-10 00:00:00,0.0019,0.0144,0.412,15.152,7.971
2022-02-11 00:00:00,0.0029,0.015,0.431,11.732,6.063
2022-02-12 00:00:00,0.0029,0.0133,0.411,11.469,7.659
2022-02-13 00:00:00,0.0023,0.0121,0.383,11.797,7.663
2022-02-14 00:00:00,0.0039,0.0104,0.472,14.287,9.93
2022-02-15 00:00:00,0.0026,0.0122,0.43,18.353,11.72
2022-02-16 00:00:00,0.0036,0.0121,0.452,14.123,9.384
2022-02-17 00:00:00,0.0031,0.0151,0.455,17.583,10.955
2022-02-18 00:00:00,0.0036,0.0167,0.503,23.912,14.302
2022-02-19 00:00:00,0.0035,0.0162,0.493,21.706,13.268
2022-02-20 00:00:00,0.0021,0.0131,0.431,11.154,7.702
2022-02-21 00:00:00,0.0043,0.0151,0.489,15.74,10.079
2022-02-22 00:00:00,0.003,0.0146,0.481,16.544,10.307
2022-02-23 00:00:00,0.0031,0.0148,0.482,14.112,7.456
2022-02-24 00:00:00,0.0021,0.0159,0.469,12.676,5.63
2022-02-25 00:00:00,0.0025,0.0178,0.504,15.763,7.654
2022-02-26 00:00:00,0.0024,0.018,0.509,18.26,8.132
2022-02-27 00:00:00,0.0027,0.0137,0.522,16.27,7.931
2022-02-28 00:00:00,0.0026,0.015,0.553,18.194,8.507
,,,,,
March,,,,,
Date,No2_hourly,O3_hourly,Co_hourly,Pm10_hourly,Pm2.5_hourly
2022-03-01 00:00:00,0.0027,0.0146,0.548,16.392,7.468
2022-03-02 00:00:00,0.0027,0.0133,0.525,11.255,5.596
2022-03-03 00:00:00,0.0023,0.0132,0.527,12.298,6.276
2022-03-04 00:00:00,0.0028,0.0136,0.534,14.37,7.688
2022-03-05 00:00:00,0.0027,0.0125,0.553,11.083,6.843
2022-03-06 00:00:00,0.0023,0.0144,0.549,12.152,6.022
2022-03-07 00:00:00,0.0028,0.0161,0.54,9.764,5.926
2022-03-08 00:00:00,0.0046,0.0128,0.632,22.206,15.803
2022-03-09 00:00:00,0.003,0.0117,0.574,20.722,11.649
2022-03-10 00:00:00,0.0033,0.0193,0.496,16.123,9.745
2022-03-11 00:00:00,0.0025,0.0139,0.439,12.816,7.515
2022-03-12 00:00:00,0.0038,0.0102,0.475,10.954,7.481
2022-03-13 00:00:00,0.0027,0.013,0.476,16.351,10.33
2022-03-14 00:00:00,0.0022,0.0119,0.447,12.017,7.264
2022-03-15 00:00:00,0.0025,0.01,0.451,11.6,6.781
2022-03-16 00:00:00,0.0026,0.0102,0.478,12.822,7.024
2022-03-17 00:00:00,0.0027,0.0107,0.496,16.166,10.819
2022-03-18 00:00:00,0.0038,0.0078,0.52,12.878,7.128
2022-03-19 00:00:00,0.0022,0.0094,0.474,8.279,4.682
2022-03-20 00:00:00,0.0017,0.0081,0.155,9.013,4.892
2022-03-21 00:00:00,0.0029,0.0075,0.106,11.378,5.096
2022-03-22 00:00:00,0.0025,0.0108,0.232,14.877,6.499
2022-03-23 00:00:00,0.0039,0.0111,0.347,14.858,6.856
2022-03-24 00:00:00,0.0048,0.0133,0.39,15.455,8.525
2022-03-25 00:00:00,0.0036,0.0157,0.352,14.1,8.202
2022-03-26 00:00:00,0.0025,0.0211,0.323,13.802,8.565
2022-03-27 00:00:00,0.0035,0.0129,0.327,10.148,5.956
2022-03-28 00:00:00,0.0038,0.0138,0.356,13.732,7.391
2022-03-29 00:00:00,0.0035,0.0119,0.382,13.609,8.102
2022-03-30 00:00:00,0.0037,0.0122,0.392,15.479,9.341
2022-03-31 00:00:00,0.0039,0.0152,0.364,14.716,8.568
,,,,,
April,,,,,
Date,No2_hourly,O3_hourly,Co_hourly,Pm10_hourly,Pm2.5_hourly
2022-04-01 00:00:00,0.0035,0.013,0.374,13.929,6.812
2022-04-02 00:00:00,0.0036,0.0165,0.396,15.747,9.591
2022-04-03 00:00:00,0.0047,0.0148,0.483,16.846,11.195
2022-04-04 00:00:00,0.0045,0.0111,0.461,15.74,9.711
2022-04-05 00:00:00,0.0027,0.0151,0.395,9.006,4.89
2022-04-06 00:00:00,0.0041,0.012,0.414,8.623,4.959
2022-04-07 00:00:00,0.0027,0.0137,0.387,11.255,5.58
2022-04-08 00:00:00,0.0036,0.0151,0.389,9.982,4.705
2022-04-09 00:00:00,0.0038,0.0165,0.405,11.618,5.804
2022-04-10 00:00:00,0.0026,0.0167,0.4,11.911,6.269
2022-04-11 00:00:00,0.0047,0.0101,0.507,17.276,8.884
2022-04-12 00:00:00,0.0031,0.013,0.462,16.875,9.184
2022-04-13 00:00:00,0.0036,0.0127,0.483,18.765,12.312
2022-04-14 00:00:00,0.0039,0.015,0.486,17.445,11.653
2022-04-15 00:00:00,0.0033,0.0198,0.597,17.848,12.359
2022-04-16 00:00:00,0.0037,0.0174,0.613,21.488,15.018
2022-04-17 00:00:00,0.0033,0.0189,0.616,22.696,15.76
2022-04-18 00:00:00,0.0032,0.0143,0.518,24.334,16.207
2022-04-19 00:00:00,0.0041,0.0105,0.501,18.859,11.161
2022-04-20 00:00:00,0.0031,0.017,0.474,15.726,9.619
2022-04-21 00:00:00,0.0029,0.0169,0.461,11.668,7.083
2022-04-22 00:00:00,0.0033,0.0164,0.492,16.952,9.747
2022-04-23 00:00:00,0.003,0.0166,0.452,12.906,7.327
2022-04-24 00:00:00,0.0028,0.0143,0.34,12.917,8.243
2022-04-25 00:00:00,0.0036,0.012,0.505,10.899,7.214
2022-04-26 00:00:00,0.0033,0.0146,0.558,13.284,7.935
2022-04-27 00:00:00,0.0043,0.0067,0.523,12.607,7.224
2022-04-28 00:00:00,0.0042,0.0122,0.581,15.282,9.534
2022-04-29 00:00:00,0.0054,0.0111,0.629,20.183,11.654
2022-04-30 00:00:00,0.0056,0.0097,0.601,18.552,10.453
,,,,,
May,,,,,
Date,No2_hourly,O3_hourly,Co_hourly,Pm10_hourly,Pm2.5_hourly
2022-05-01 00:00:00,0.0035,0.0114,0.583,15.975,9.951
2022-05-02 00:00:00,0.0049,0.0186,0.622,35.096,28.31
2022-05-03 00:00:00,0.0037,0.0138,0.614,14.541,10.955
2022-05-04 00:00:00,0.0038,0.0105,0.644,17.934,11.95
2022-05-05 00:00:00,0.0031,0.012,0.584,14.987,10.321
2022-05-06 00:00:00,0.0038,0.0114,0.634,19.746,13.77
2022-05-07 00:00:00,0.0024,0.0114,0.601,13.012,8.575
2022-05-08 00:00:00,0.0023,0.0147,0.507,13.484,9.578
2022-05-09 00:00:00,0.0034,0.0122,0.309,9.048,5.475
2022-05-10 00:00:00,0.0039,0.0136,0.341,14.765,8.021
2022-05-11 00:00:00,0.0049,0.0188,0.41,16.707,10.93
2022-05-12 00:00:00,0.0043,0.008,0.381,16.037,9.269
2022-05-13 00:00:00,0.0042,0.0099,0.414,20.113,11.711
2022-05-14 00:00:00,0.0024,0.009,0.37,19.196,11.531
2022-05-15 00:00:00,0.0052,0.0134,0.504,25.539,18.019
2022-05-16 00:00:00,0.0027,0.0121,0.393,17.16,10.696
2022-05-17 00:00:00,0.0022,0.0115,0.371,17.573,10.049
2022-05-18 00:00:00,0.003,0.0129,0.376,20.114,13.123
2022-05-19 00:00:00,0.0025,0.0177,0.368,17.807,12.046
2022-05-20 00:00:00,0.0026,0.0128,0.327,13.707,9.245
2022-05-21 00:00:00,0.0025,0.012,0.372,20.332,14.078
2022-05-22 00:00:00,0.0023,0.0178,0.345,17.105,11.648
2022-05-23 00:00:00,0.0033,0.0122,0.362,19.096,11.374
2022-05-24 00:00:00,0.0038,0.0146,0.357,21.987,11.763
2022-05-25 00:00:00,0.0044,0.008,0.477,24.732,14.485
2022-05-26 00:00:00,0.0034,0.0094,0.365,17.607,9.629
2022-05-27 00:00:00,0.0031,0.0122,0.314,15.62,8.917
2022-05-28 00:00:00,0.0032,0.0126,0.321,16.546,9.427
2022-05-29 00:00:00,0.0052,0.0162,0.427,23.143,15.72
2022-05-30 00:00:00,0.0051,0.0208,0.421,24.869,17.455
2022-05-31 00:00:00,0.0039,0.0209,0.371,23.129,16.098
,,,,,
June,,,,,
Date,No2_hourly,O3_hourly,Co_hourly,Pm10_hourly,Pm2.5_hourly
2022-06-01 00:00:00,0.0035,0.0179,0.387,24.307,16.992
2022-06-02 00:00:00,0.0033,0.0145,0.4,24.71,19.564
2022-06-03 00:00:00,0.0035,0.0159,0.404,28.006,20.71
2022-06-04 00:00:00,0.0043,0.0143,0.39,18.069,13.315
2022-06-05 00:00:00,0.0047,0.017,0.418,18.608,14.019
2022-06-06 00:00:00,0.0043,0.0119,0.385,14.241,10.467
2022-06-07 00:00:00,0.0039,0.008,0.348,15.612,9.5
2022-06-08 00:00:00,0.0029,0.0139,0.348,13.51,8.652
2022-06-09 00:00:00,0.0032,0.0128,0.335,10.591,7.534
2022-06-10 00:00:00,0.0043,0.0125,0.391,16.233,11.313
2022-06-11 00:00:00,0.0025,0.0126,0.34,14.67,9.389
2022-06-12 00:00:00,0.0027,0.0124,0.357,11.626,7.878
2022-06-13 00:00:00,0.003,0.0108,0.34,9.858,5.385
2022-06-14 00:00:00,0.0036,0.0115,0.402,17.232,10.985
2022-06-15 00:00:00,0.0054,0.0103,0.443,18.894,11.712
2022-06-16 00:00:00,0.0041,0.0076,0.4,19.813,11.714
2022-06-17 00:00:00,0.0045,0.0062,0.403,18.527,9.293
2022-06-18 00:00:00,0.0026,0.0084,0.359,15.031,7.975
2022-06-19 00:00:00,0.0023,0.0106,0.353,12.81,7.726
2022-06-20 00:00:00,0.0037,0.008,0.383,15.94,9.281
2022-06-21 00:00:00,0.0036,0.0112,0.413,17.184,10.382
2022-06-22 00:00:00,0.0029,0.0149,0.401,11.29,5.861
2022-06-23 00:00:00,0.0055,0.0118,0.455,14.522,7.92
2022-06-24 00:00:00,0.0049,0.0109,0.458,14.632,8.225
2022-06-25 00:00:00,0.003,0.0137,0.41,14.51,8.684
2022-06-26 00:00:00,0.0023,0.0132,0.385,13.647,8.772
2022-06-27 00:00:00,0.0028,0.0125,0.402,15.111,9.334
2022-06-28 00:00:00,0.0026,0.0159,0.399,13.384,8.131
2022-06-29 00:00:00,0.0032,0.0165,0.424,16.429,9.517
2022-06-30 00:00:00,0.0034,0.0159,0.425,18.113,10.015
,,,,,
July,,,,,
Date,No2_hourly,O3_hourly,Co_hourly,Pm10_hourly,Pm2.5_hourly
2022-07-01 00:00:00,0.0033,0.0125,0.428,15.542,9.059
2022-07-02 00:00:00,0.0038,0.0142,0.5,19.435,13.023
2022-07-03 00:00:00,0.0045,0.0176,0.465,19.893,13.864
2022-07-04 00:00:00,0.0042,0.0193,0.457,20.075,13.702
2022-07-05 00:00:00,0.0027,0.0161,0.419,15.313,10.243
2022-07-06 00:00:00,0.0027,0.0131,0.427,17.457,12.997
2022-07-07 00:00:00,0.0028,0.0142,0.443,14.836,10.455
2022-07-08 00:00:00,0.0038,0.0146,0.516,19.655,13.765
2022-07-09 00:00:00,0.0027,0.0129,0.435,17.116,9.077
2022-07-10 00:00:00,0.0018,0.0147,0.4,19.72,10.524
2022-07-11 00:00:00,0.0017,0.0154,0.384,12.128,5.923
2022-07-12 00:00:00,0.0026,0.0165,0.434,16.646,7.613
2022-07-13 00:00:00,0.0025,0.0121,0.433,14.733,7.916
2022-07-14 00:00:00,0.003,0.015,0.439,15.497,7.617
2022-07-15 00:00:00,0.004,0.0121,0.477,20.626,10.928
2022-07-16 00:00:00,0.0037,0.0203,0.479,24.141,14.109
2022-07-17 00:00:00,0.0041,0.0114,0.516,23.451,14.425
2022-07-18 00:00:00,0.0045,0.0131,0.565,23.424,14.565
2022-07-19 00:00:00,0.0039,0.0176,0.573,25.126,15.965
2022-07-20 00:00:00,0.0034,0.0189,0.564,24.132,14.838
2022-07-21 00:00:00,0.0025,0.0151,0.555,20.746,12.073
2022-07-22 00:00:00,0.0027,0.0113,0.55,20.162,11.53
2022-07-23 00:00:00,0.0025,0.0143,0.551,18.894,13.038
2022-07-24 00:00:00,0.0031,0.0125,0.585,17.253,11.708
2022-07-25 00:00:00,0.0038,0.0129,0.572,10.183,6.666
2022-07-26 00:00:00,0.0021,0.014,0.53,8.5,5.438
2022-07-27 00:00:00,0.0028,0.0105,0.548,12.532,6.185
2022-07-28 00:00:00,0.0054,0.0128,0.633,18.973,10.071
2022-07-29 00:00:00,0.0048,0.0155,0.602,14.685,9.044
2022-07-30 00:00:00,0.0037,0.0102,0.597,20.319,13.09
2022-07-31 00:00:00,0.0031,0.0116,0.586,16.248,9.643
,,,,,
August,,,,,
Date,No2_hourly,O3_hourly,Co_hourly,Pm10_hourly,Pm2.5_hourly
2022-08-01 00:00:00,0.0033,0.0128,0.561,13.424,8.446
2022-08-02 00:00:00,0.0037,0.0133,0.411,15.233,8.902
2022-08-03 00:00:00,0.0021,0.0127,0.147,9.271,5.459
2022-08-04 00:00:00,0.0021,0.0123,0.174,11.373,6.224
2022-08-05 00:00:00,0.0017,0.0133,0.187,10.31,5.902
2022-08-06 00:00:00,0.0029,0.0141,0.231,9.328,5.078
2022-08-07 00:00:00,0.0021,0.0161,0.305,14.885,8.236
2022-08-08 00:00:00,0.0029,0.0136,0.383,18.176,10.455
2022-08-09 00:00:00,0.0035,0.01,0.443,21.945,14.361
2022-08-10 00:00:00,0.0037,0.0131,0.513,24.067,15.649
2022-08-11 00:00:00,0.0047,0.0215,0.598,26.403,18.826
2022-08-12 00:00:00,0.0033,0.0175,0.606,20.834,12.987
2022-08-13 00:00:00,0.0038,0.0113,0.66,22.093,13.751
2022-08-14 00:00:00,0.0045,0.0083,0.705,22.081,14.058
2022-08-15 00:00:00,0.0055,0.0141,0.526,22.76,14.753
2022-08-16 00:00:00,0.0036,0.0159,0.44,16.591,10.395
2022-08-17 00:00:00,0.0068,0.0117,0.537,21.565,14.462
2022-08-18 00:00:00,0.0047,0.0146,0.556,20.198,13.676
2022-08-19 00:00:00,0.0038,0.0168,0.545,17.457,10.448
2022-08-20 00:00:00,0.0048,0.0178,0.602,20.167,13.57
2022-08-21 00:00:00,0.002,0.0148,0.579,10.925,7.658
2022-08-22 00:00:00,0.003,0.0139,0.719,15.827,11.038
2022-08-23 00:00:00,0.0029,0.0144,0.659,9.115,5.284
2022-08-24 00:00:00,0.0042,0.0114,0.6,13.467,8.049
2022-08-25 00:00:00,0.0034,0.0139,0.48,14.205,8.206
2022-08-26 00:00:00,0.003,0.0117,0.51,15.608,8.6
2022-08-27 00:00:00,0.0029,0.0098,0.521,16.245,10.736
2022-08-28 00:00:00,0.0015,0.011,0.543,14.033,8.227
2022-08-29 00:00:00,0.0022,0.0129,0.519,12.147,6.929
2022-08-30 00:00:00,0.0029,0.0131,0.518,16.386,9.549
2022-08-31 00:00:00,0.0019,0.0091,0.49,12.569,7.149
,,,,,
September,,,,,
Date,No2_hourly,O3_hourly,Co_hourly,Pm10_hourly,Pm2.5_hourly
2022-09-01 00:00:00,0.0024,0.0099,0.542,12.096,6.214
2022-09-02 00:00:00,0.0028,0.0119,0.586,13.076,7.116
2022-09-03 00:00:00,0.0025,0.0101,0.605,12.369,7.602
2022-09-04 00:00:00,0.0019,0.0115,0.636,15.878,8.861
2022-09-05 00:00:00,0.0018,0.0094,0.646,16.733,7.854
2022-09-06 00:00:00,0.0031,0.007,0.693,17.32,9.714
2022-09-07 00:00:00,0.0029,0.013,0.749,16.904,10.501
2022-09-08 00:00:00,0.0015,0.015,0.586,11.84,7.834
2022-09-09 00:00:00,0.001,0.0152,0.381,7.163,4.725
2022-09-10 00:00:00,0.0013,0.0172,0.409,8.216,5.275
2022-09-11 00:00:00,0.0026,0.0089,0.508,14.523,9.192
2022-09-12 00:00:00,0.0027,0.0095,0.525,15.392,8.997
2022-09-13 00:00:00,0.0021,0.0174,0.488,14.571,9.104
2022-09-14 00:00:00,0.0023,0.0156,0.502,11.013,6.953
2022-09-15 00:00:00,0.0047,0.0127,0.608,19.488,11.977
2022-09-16 00:00:00,0.0038,0.0128,0.623,16.306,10.612
2022-09-17 00:00:00,0.0048,0.0137,0.716,21.627,12.997
2022-09-18 00:00:00,0.0023,0.0156,0.713,17.507,11.229
2022-09-19 00:00:00,0.0039,0.0151,0.723,17.572,10.311
2022-09-20 00:00:00,0.0021,0.0145,0.591,11.127,6.141
2022-09-21 00:00:00,0.0034,0.0129,0.457,14.536,7.71
2022-09-22 00:00:00,0.0039,0.0186,0.509,21.29,13.702
2022-09-23 00:00:00,0.0033,0.018,0.508,18.267,11.463
2022-09-24 00:00:00,0.0029,0.0149,0.56,16.292,10.273
2022-09-25 00:00:00,0.0039,0.0124,0.587,17.043,10.133
2022-09-26 00:00:00,0.0034,0.0096,0.559,14.302,7.091
2022-09-27 00:00:00,0.0028,0.0146,0.611,14.539,7.802
2022-09-28 00:00:00,0.0032,0.0195,0.685,17.857,9.788
2022-09-29 00:00:00,0.0027,0.0153,0.697,18.378,9.97
2022-09-30 00:00:00,0.002,0.0152,0.538,17.788,10.257
,,,,,
October,,,,,
Date,No2_hourly,O3_hourly,Co_hourly,Pm10_hourly,Pm2.5_hourly
2022-10-01 00:00:00,0.0023,0.012,0.405,16.743,10.844
2022-10-02 00:00:00,0.0021,0.0142,0.412,13.493,7.805
2022-10-03 00:00:00,0.0019,0.0125,0.399,9.657,6.353
2022-10-04 00:00:00,0.0025,0.0104,0.439,10.064,6.361
2022-10-05 00:00:00,0.0027,0.0101,0.474,10.97,6.112
2022-10-06 00:00:00,0.0023,0.0122,0.493,11.565,7.352
2022-10-07 00:00:00,0.0037,0.0095,0.523,9.944,6.036
2022-10-08 00:00:00,0.0014,0.012,0.502,13.435,8.313
2022-10-09 00:00:00,0.0018,0.0129,0.483,8.479,4.061
2022-10-10 00:00:00,0.002,0.0129,0.528,11.56,5.342
2022-10-11 00:00:00,0.0036,0.0085,0.582,16.927,8.839
2022-10-12 00:00:00,0.0027,0.0154,0.479,13.49,7.663
2022-10-13 00:00:00,0.0024,0.0174,0.384,16.135,8.293
2022-10-14 00:00:00,0.0026,0.0217,0.425,17.025,9.55
2022-10-15 00:00:00,0.0022,0.0181,0.475,20.758,13.37
2022-10-16 00:00:00,0.0018,0.0189,0.472,15.698,10.675
2022-10-17 00:00:00,0.0028,0.015,0.502,14.399,8.508
2022-10-18 00:00:00,0.0028,0.0123,0.487,11.906,6.101
2022-10-19 00:00:00,0.0027,0.0113,0.543,13.085,7.659
2022-10-20 00:00:00,0.0044,0.0143,0.64,21.207,12.847
2022-10-21 00:00:00,0.002,0.0203,0.615,16.541,9.382
2022-10-22 00:00:00,0.0017,0.0179,0.627,14.057,9.945
2022-10-23 00:00:00,0.0023,0.0074,0.617,11.707,6.669
2022-10-24 00:00:00,0.002,0.01,0.526,13.275,7.637
2022-10-25 00:00:00,0.0023,0.01,0.398,13.411,6.333
2022-10-26 00:00:00,0.0027,0.0136,0.422,14.531,8.338
2022-10-27 00:00:00,0.0029,0.0155,0.449,11.506,6.482
2022-10-28 00:00:00,0.0039,0.0119,0.492,14.748,7.797
2022-10-29 00:00:00,0.0022,0.017,0.489,15.178,8.257
2022-10-30 00:00:00,0.0018,0.0201,0.507,15.943,9.644
2022-10-31 00:00:00,0.0025,0.0199,0.523,16.575,8.908
,,,,,
November,,,,,
Date,No2_hourly,O3_hourly,Co_hourly,Pm10_hourly,Pm2.5_hourly
2022-11-01 00:00:00,0.0047,0.0175,0.556,13.538,6.845
2022-11-02 00:00:00,0.005,0.0123,0.616,16.783,9.298
2022-11-03 00:00:00,0.0054,0.0167,0.679,19.45,11.485
2022-11-04 00:00:00,0.0038,0.015,0.635,15.598,9.406
2022-11-05 00:00:00,0.0046,0.0139,0.658,11.239,6.546
2022-11-06 00:00:00,0.0023,0.0146,0.658,12.956,7.293
2022-11-07 00:00:00,0.003,0.0148,0.672,12.858,7.881
2022-11-08 00:00:00,0.0035,0.0123,0.691,14.244,8.708
2022-11-09 00:00:00,0.0032,0.0113,0.571,10.987,6.37
2022-11-10 00:00:00,0.0044,0.0116,0.511,12.031,7.255
2022-11-11 00:00:00,0.0042,0.0102,0.491,11.386,6.059
2022-11-12 00:00:00,0.003,0.0086,0.503,14.335,8.645
2022-11-13 00:00:00,0.0021,0.0114,0.533,15.369,9.856
2022-11-14 00:00:00,0.0026,0.0125,0.522,11.207,6.262
2022-11-15 00:00:00,0.0026,0.013,0.521,11.271,6.677
2022-11-16 00:00:00,0.0025,0.0141,0.559,11.547,7.012
2022-11-17 00:00:00,0.0061,0.0088,0.684,16.243,9.18
2022-11-18 00:00:00,0.0022,0.0121,0.569,10.459,5.921
2022-11-19 00:00:00,0.0028,0.009,0.611,11.907,6.746
2022-11-20 00:00:00,0.002,0.0132,0.622,12.974,7.28
2022-11-21 00:00:00,0.0033,0.0195,0.718,12.09,7.55
2022-11-22 00:00:00,0.0041,0.0147,0.746,20.227,12.741
2022-11-23 00:00:00,0.0033,0.0124,0.71,17.038,10.86
2022-11-24 00:00:00,0.0027,0.0136,0.676,10.135,6.438
2022-11-25 00:00:00,0.0038,0.0152,0.751,15.21,9.529
2022-11-26 00:00:00,0.0033,0.0154,0.665,13.254,9.423
2022-11-27 00:00:00,0.004,0.0133,0.538,15.989,10.795
2022-11-28 00:00:00,0.0026,0.0147,0.491,13.415,9.306
2022-11-29 00:00:00,0.0028,0.0119,0.493,12.805,7.608
2022-11-30 00:00:00,0.0018,0.0152,0.468,11.654,6.881
,,,,,
December,,,,,
Date,No2_hourly,O3_hourly,Co_hourly,Pm10_hourly,Pm2.5_hourly
2022-12-01 00:00:00,0.0023,0.0145,0.478,8.193,5.697
2022-12-02 00:00:00,0.0027,0.0155,0.488,8.892,5.447
2022-12-03 00:00:00,0.0023,0.0119,0.527,12.175,7.376
2022-12-04 00:00:00,0.0021,0.0138,0.53,11.666,7.545
2022-12-05 00:00:00,0.0037,0.0141,0.615,12.881,8.572
2022-12-06 00:00:00,0.0036,0.0112,0.616,12.943,8.926
2022-12-07 00:00:00,0.002,0.0144,0.209,12.599,9.098
2022-12-08 00:00:00,0.0017,0.0129,0.262,9.72,6.555
2022-12-09 00:00:00,0.0024,0.0101,0.36,12.244,8.57
2022-12-10 00:00:00,0.0032,0.0146,0.366,10.526,8.029
2022-12-11 00:00:00,0.0028,0.0143,0.397,11.812,9.183
2022-12-12 00:00:00,0.0032,0.0111,0.393,8.722,5.591
2022-12-13 00:00:00,0.0033,0.0151,0.416,9.051,5.602
2022-12-14 00:00:00,0.0038,0.0181,0.51,17.207,11.029
2022-12-15 00:00:00,0.0054,0.0125,0.639,16.222,10.768
2022-12-16 00:00:00,0.0022,0.0125,0.486,11.279,7.616
2022-12-17 00:00:00,0.0043,0.0111,0.536,12.219,8.626
2022-12-18 00:00:00,0.0043,0.0133,0.538,13.997,9.353
2022-12-19 00:00:00,0.0037,0.0135,0.565,17.993,11.166
2022-12-20 00:00:00,0.0044,0.0141,0.599,19.539,13.177
2022-12-21 00:00:00,0.0043,0.0121,0.614,14.401,9.988
2022-12-22 00:00:00,0.003,0.0148,0.579,8.942,5.722
2022-12-23 00:00:00,0.0044,0.0204,0.62,17.036,9.745
2022-12-24 00:00:00,0.0048,0.0216,0.688,24.487,13.641
2022-12-25 00:00:00,0.0027,0.0225,0.642,14.133,9.063
2022-12-26 00:00:00,0.0033,0.0229,0.644,9.481,6.588
2022-12-27 00:00:00,0.0054,0.0168,0.66,15.552,9.805
2022-12-28 00:00:00,0.0062,0.0126,0.59,16.824,9.905
2022-12-29 00:00:00,0.0042,0.0151,0.587,14.708,8.3
2022-12-30 00:00:00,0.004,0.0188,0.613,11.875,6.7
2022-12-31 00:00:00,0.0028,0.0193,0.59,10.061,5.491
,,,,,
,,,,,
2023,,,,,
January,,,,,
Date,No2_hourly,O3_hourly,Co_hourly,Pm10_hourly,Pm2.5_hourly
2023-01-01 00:00:00,0.0038,0.0193,0.641,12.923,8.281
2023-01-02 00:00:00,0.0036,0.0206,0.618,8.235,5.262
2023-01-03 00:00:00,0.0051,0.013,0.671,8.395,5.547
2023-01-04 00:00:00,0.0036,0.0155,0.644,6.651,4.765
2023-01-05 00:00:00,0.0034,0.0114,0.693,13.353,7.34
2023-01-06 00:00:00,0.0067,0.0134,0.812,16.342,10.94
2023-01-07 00:00:00,0.0044,0.0123,0.75,13.957,9.661
2023-01-08 00:00:00,0.0033,0.0208,0.74,13.256,9.175
2023-01-09 00:00:00,0.0046,0.0145,0.684,11.831,7.696
2023-01-10 00:00:00,0.0062,0.0119,0.572,17.829,12.821
2023-01-11 00:00:00,0.0055,0.0121,0.572,16.758,11.256
2023-01-12 00:00:00,0.005,0.0147,0.581,20.065,13.897
2023-01-13 00:00:00,0.0055,0.0123,0.607,14.822,9.739
2023-01-14 00:00:00,0.0053,0.0096,0.607,16.399,11.99
2023-01-15 00:00:00,0.0028,0.0104,0.566,14.451,10.848
2023-01-16 00:00:00,0.0041,0.0088,0.621,17.873,12.724
2023-01-17 00:00:00,0.0036,0.0108,0.616,17.944,10.975
2023-01-18 00:00:00,0.005,0.0109,0.694,17.778,10.477
2023-01-19 00:00:00,0.003,0.0112,0.633,13.896,9.02
2023-01-20 00:00:00,0.0038,0.0129,0.67,14.276,9.247
2023-01-21 00:00:00,0.0031,0.0124,0.665,13.44,9.05
2023-01-22 00:00:00,0.002,0.0142,0.666,17.198,12.132
2023-01-23 00:00:00,0.0033,0.0128,0.696,14.901,10.53
2023-01-24 00:00:00,0.0017,0.0126,0.673,10.992,6.764
2023-01-25 00:00:00,0.0015,0.0118,0.549,10.822,6.194
2023-01-26 00:00:00,0.0017,0.0129,0.411,10.46,5.091
2023-01-27 00:00:00,0.0028,0.0076,0.453,11.521,6.356
2023-01-28 00:00:00,0.0015,0.0153,0.443,12.272,5.976
2023-01-29 00:00:00,0.0012,0.0157,0.472,13.535,7.286
2023-01-30 00:00:00,0.0021,0.0137,0.499,12.887,6.461
2023-01-31 00:00:00,0.003,0.0123,0.532,14.043,7.617
,,,,,
February,,,,,
Date,No2_hourly,O3_hourly,Co_hourly,Pm10_hourly,Pm2.5_hourly
2023-02-01 00:00:00,0.0037,0.0096,0.571,16.214,9.918
2023-02-02 00:00:00,0.0025,0.015,0.563,11.634,6.636
2023-02-03 00:00:00,0.0027,0.011,0.578,10.05,6.39
2023-02-04 00:00:00,0.0025,0.0125,0.57,12.512,7.42
2023-02-05 00:00:00,0.0032,0.0121,0.624,21.224,13.662
2023-02-06 00:00:00,0.0048,0.0085,0.656,18.874,10.313
2023-02-07 00:00:00,0.0021,0.0138,0.484,11.533,7.026
2023-02-08 00:00:00,0.0027,0.0121,0.495,12.316,6.763
2023-02-09 00:00:00,0.0029,0.0176,0.56,15.891,9.736
2023-02-10 00:00:00,0.0028,0.0126,0.558,17.613,9.006
2023-02-11 00:00:00,0.0025,0.0071,0.553,18.241,9.808
2023-02-12 00:00:00,0.0024,0.0148,0.589,14.327,7.423
2023-02-13 00:00:00,0.0024,0.0092,0.594,11.608,6.117
2023-02-14 00:00:00,0.0022,0.0119,0.611,16.006,8.542
2023-02-15 00:00:00,0.0019,0.013,0.59,18.614,11.894
2023-02-16 00:00:00,0.0029,0.0129,0.645,20.445,10.704
2023-02-17 00:00:00,0.004,0.0094,0.668,13.647,7.915
2023-02-18 00:00:00,0.0044,0.0119,0.726,19.238,9.6
2023-02-19 00:00:00,0.0034,0.0122,0.752,20.039,13.114
2023-02-20 00:00:00,0.0038,0.0131,0.696,21.437,11.944
2023-02-21 00:00:00,0.0022,0.0152,0.521,16.537,7.43
2023-02-22 00:00:00,0.0033,0.0149,0.547,13.084,6.309
2023-02-23 00:00:00,0.003,0.0168,0.563,10.235,6.27
2023-02-24 00:00:00,0.0023,0.0154,0.558,14.07,8.373
2023-02-25 00:00:00,0.0017,0.0183,0.568,18.825,9.281
2023-02-26 00:00:00,0.0013,0.0162,0.565,17.382,11.924
2023-02-27 00:00:00,0.0017,0.0129,0.564,11.852,5.761
2023-02-28 00:00:00,0.0017,0.0152,0.613,17.176,7.838
,,,,,
March,,,,,
Date,No2_hourly,O3_hourly,Co_hourly,Pm10_hourly,Pm2.5_hourly
2023-03-01 00:00:00,0.0021,0.0177,0.655,19.249,8.541
2023-03-02 00:00:00,0.0016,0.0147,0.652,16.722,10.069
2023-03-03 00:00:00,0.0016,0.0189,0.667,18.767,9.829
2023-03-04 00:00:00,0.0011,0.0159,0.678,23.562,13.795
2023-03-05 00:00:00,0.0009,0.0177,0.689,17.943,8.855
2023-03-06 00:00:00,0.0014,0.0173,0.715,20.431,10.589
2023-03-07 00:00:00,0.0025,0.0168,0.604,11.352,5.677
2023-03-08 00:00:00,0.0026,0.0149,0.459,18.232,8.947
2023-03-09 00:00:00,0.0025,0.0168,0.487,17.836,9.001
2023-03-10 00:00:00,0.002,0.0178,0.477,19.166,10.684
2023-03-11 00:00:00,0.0023,0.0201,0.483,23.064,13.96
2023-03-12 00:00:00,0.0028,0.0179,0.508,20.012,12.982
2023-03-13 00:00:00,0.0045,0.0158,0.547,23.574,16.45
2023-03-14 00:00:00,0.004,0.0185,0.586,29.849,21.794
2023-03-15 00:00:00,0.0041,0.0181,0.655,31.633,20.564
2023-03-16 00:00:00,0.0026,0.0171,0.593,19.249,12.029
2023-03-17 00:00:00,0.0033,0.0151,0.65,21.272,13.708
2023-03-18 00:00:00,0.0023,0.0144,0.618,18.14,10.127
2023-03-19 00:00:00,0.0019,0.0158,0.612,10.892,6.01
2023-03-20 00:00:00,0.0023,0.0159,0.606,13.758,7.851
2023-03-21 00:00:00,0.0028,0.0173,0.538,11.307,7.145
2023-03-22 00:00:00,0.0043,0.0155,0.607,16.733,11.052
2023-03-23 00:00:00,0.0031,0.0147,0.601,18.386,11.503
2023-03-24 00:00:00,0.0048,0.0127,0.632,16.616,9.931
2023-03-25 00:00:00,0.0024,0.0137,0.599,11.791,6.002
2023-03-26 00:00:00,0.0038,0.0125,0.644,15.175,9.657
2023-03-27 00:00:00,0.0036,0.013,0.654,14.32,8.426
2023-03-28 00:00:00,0.006,0.0095,0.751,18.849,11.472
2023-03-29 00:00:00,0.0035,0.0155,0.695,19.362,10.712
2023-03-30 00:00:00,0.0042,0.0182,0.695,11.071,5.817
2023-03-31 00:00:00,0.0057,0.0081,0.738,13.59,7.335
,,,,,
April,,,,,
Date,No2_hourly,O3_hourly,Co_hourly,Pm10_hourly,Pm2.5_hourly
2023-04-01 00:00:00,0.0043,0.0155,0.739,14.619,8.508
2023-04-02 00:00:00,0.0048,0.0105,0.758,16.141,8.919
2023-04-03 00:00:00,0.0032,0.0155,0.724,12.8,6.71
2023-04-04 00:00:00,0.0054,0.0159,0.687,16.245,9.95
2023-04-05 00:00:00,0.0065,0.0164,0.623,23.008,15.126
2023-04-06 00:00:00,0.0066,0.0127,0.593,19.515,11.232
2023-04-07 00:00:00,0.0031,0.0215,0.532,11.528,7.03
2023-04-08 00:00:00,0.005,0.0175,0.635,19.76,13.029
2023-04-09 00:00:00,0.0029,0.0197,0.632,21.613,15.42
2023-04-10 00:00:00,0.005,0.0201,0.725,29.797,20.841
2023-04-11 00:00:00,0.005,0.018,0.743,28.518,19.638
2023-04-12 00:00:00,0.0044,0.0155,0.667,24.022,16.889
2023-04-13 00:00:00,0.0047,0.0146,0.615,27.517,20.655
2023-04-14 00:00:00,0.0044,0.0154,0.633,29.347,21.81
2023-04-15 00:00:00,0.0047,0.0139,0.679,32.577,24.24
2023-04-16 00:00:00,0.0036,0.0203,0.681,25.719,19.188
2023-04-17 00:00:00,0.0043,0.0235,0.692,25.92,18.389
2023-04-18 00:00:00,0.0041,0.0247,0.734,27.334,20.294
2023-04-19 00:00:00,0.0059,0.013,0.77,25.012,16.529
2023-04-20 00:00:00,0.0033,0.0168,0.772,22.938,17.118
2023-04-21 00:00:00,0.0035,0.0179,0.813,29.417,23.9
2023-04-22 00:00:00,0.003,0.0167,0.781,29.181,23.441
2023-04-23 00:00:00,0.0033,0.0144,0.74,17.967,11.813
2023-04-24 00:00:00,0.0034,0.0128,0.559,19.468,13.212
2023-04-25 00:00:00,0.004,0.0135,0.448,18.931,12.616
2023-04-26 00:00:00,0.0033,0.013,0.446,20.039,13.692
2023-04-27 00:00:00,0.0024,0.0162,0.403,17.802,11.446
2023-04-28 00:00:00,0.0038,0.0161,0.459,20.945,13.401
2023-04-29 00:00:00,0.0027,0.0184,0.43,19.14,12.503
2023-04-30 00:00:00,0.0042,0.0163,0.454,13.582,8.607
,,,,,
May,,,,,
Date,No2_hourly,O3_hourly,Co_hourly,Pm10_hourly,Pm2.5_hourly
2023-05-01 00:00:00,0.0032,0.0136,0.471,14.569,8.621
2023-05-02 00:00:00,0.0042,0.0145,0.498,17.38,9.547
2023-05-03 00:00:00,0.0029,0.0154,0.489,15.793,8.623
2023-05-04 00:00:00,0.0035,0.0157,0.521,15.385,9.113
2023-05-05 00:00:00,0.0048,0.0107,0.558,17.388,9.761
2023-05-06 00:00:00,0.003,0.0133,0.534,17.735,10.1
2023-05-07 00:00:00,0.0026,0.0151,0.55,19.256,12.028
2023-05-08 00:00:00,0.0028,0.0165,0.523,14.997,9.043
2023-05-09 00:00:00,0.0034,0.0165,0.482,15.351,8.2
2023-05-10 00:00:00,0.0025,0.0137,0.468,18.072,8.937
2023-05-11 00:00:00,0.0039,0.0121,0.506,18.624,10.637
2023-05-12 00:00:00,0.003,0.0153,0.506,14.59,8.191
2023-05-13 00:00:00,0.0025,0.0121,0.49,14.922,8.631
2023-05-14 00:00:00,0.0027,0.0101,0.575,19.234,12.241
2023-05-15 00:00:00,0.0039,0.0115,0.612,19.028,11.345
2023-05-16 00:00:00,0.0032,0.0161,0.569,16.593,10.351
2023-05-17 00:00:00,0.0026,0.0137,0.572,19.079,11.543
2023-05-18 00:00:00,0.0029,0.0116,0.614,23.252,14.358
2023-05-19 00:00:00,0.0033,0.0139,0.627,22.316,14.501
2023-05-20 00:00:00,0.0029,0.0188,0.638,23.445,16.652
2023-05-21 00:00:00,0.002,0.0201,0.635,15.579,10.923
2023-05-22 00:00:00,0.0048,0.0094,0.62,16.927,10.877
2023-05-23 00:00:00,0.0023,0.0121,0.505,19.886,11.728
2023-05-24 00:00:00,0.004,0.0164,0.554,26.669,18.398
2023-05-25 00:00:00,0.0032,0.0103,0.549,27.06,18.103
2023-05-26 00:00:00,0.0033,0.0163,0.552,24.443,15.757
2023-05-27 00:00:00,0.0041,0.016,0.595,25.355,15.637
2023-05-28 00:00:00,0.0024,0.0143,0.585,26.023,19.061
2023-05-29 00:00:00,0.0051,0.0137,0.696,32.048,21.619
2023-05-30 00:00:00,0.0038,0.0115,0.653,26.973,16.941
2023-05-31 00:00:00,0.0027,0.0155,0.613,21.287,14.131
,,,,,
June,,,,,
Date,No2_hourly,O3_hourly,Co_hourly,Pm10_hourly,Pm2.5_hourly
2023-06-01 00:00:00,0.0033,0.0142,0.751,34.039,26.932
2023-06-02 00:00:00,0.0022,0.0174,0.646,24.154,18.005
2023-06-03 00:00:00,0.0031,0.0142,0.721,26.57,19.813
2023-06-04 00:00:00,0.0024,0.0133,0.7,23.444,17.25
2023-06-05 00:00:00,0.0016,0.0151,0.631,14.643,8.977
2023-06-06 00:00:00,0.0023,0.0148,0.675,18.063,11.682
2023-06-07 00:00:00,0.0031,0.0176,0.695,19.385,13
2023-06-08 00:00:00,0.0039,0.0163,0.623,22.811,15.078
2023-06-09 00:00:00,0.0032,0.0128,0.493,21.177,13.686
2023-06-10 00:00:00,0.0044,0.0142,0.509,19.828,13.332
2023-06-11 00:00:00,0.004,0.0142,0.589,23.835,17.364
2023-06-12 00:00:00,0.0029,0.0137,0.544,23.612,15.796
2023-06-13 00:00:00,0.0032,0.0147,0.563,19.36,13.134
2023-06-14 00:00:00,0.0033,0.0129,0.57,18.862,11.923
2023-06-15 00:00:00,0.0028,0.0118,0.547,17.489,11.32
2023-06-16 00:00:00,0.0037,0.0119,0.578,19.746,12.112
2023-06-17 00:00:00,0.003,0.01,0.539,16.584,11.057
2023-06-18 00:00:00,0.0028,0.0102,0.575,17.757,11.508
2023-06-19 00:00:00,0.0031,0.0136,0.567,17.939,11.752
2023-06-20 00:00:00,0.0033,0.0133,0.623,22.965,15.363
2023-06-21 00:00:00,0.0026,0.0121,0.602,18.713,11.636
2023-06-22 00:00:00,0.0032,0.0139,0.579,17.901,11.507
2023-06-23 00:00:00,0.0049,0.0144,0.55,21.897,14.69
2023-06-24 00:00:00,0.0048,0.0131,0.526,22.864,15.263
2023-06-25 00:00:00,0.0033,0.0114,0.508,20.478,14.301
2023-06-26 00:00:00,0.0034,0.013,0.536,21.834,14.682
2023-06-27 00:00:00,0.0044,0.0119,0.466,24.111,16.129
2023-06-28 00:00:00,0.0036,0.0132,0.477,24.632,16.619
2023-06-29 00:00:00,0.0037,0.0146,0.52,28.767,20.734
2023-06-30 00:00:00,0.0031,0.0174,0.502,20.622,14.242
,,,,,
July,,,,,
Date,No2_hourly,O3_hourly,Co_hourly,Pm10_hourly,Pm2.5_hourly
2023-07-01 00:00:00,0.0059,0.0085,0.562,16.389,11.608
2023-07-02 00:00:00,0.0031,0.0099,0.52,16.348,9.866
2023-07-03 00:00:00,0.0028,0.0141,0.461,13.71,8.506
2023-07-04 00:00:00,0.0042,0.0095,0.536,23.411,12.89
2023-07-05 00:00:00,0.005,0.0148,0.592,21.919,13.568
2023-07-06 00:00:00,0.0038,0.01,0.585,21.51,12.29
2023-07-07 00:00:00,0.0028,0.0126,0.539,19.023,11.483
2023-07-08 00:00:00,0.0021,0.0122,0.536,16.762,10.15
2023-07-09 00:00:00,0.0017,0.0116,0.559,16.611,9.176
2023-07-10 00:00:00,0.0023,0.0084,0.604,19.95,10.596
2023-07-11 00:00:00,0.0024,0.0104,0.544,16.808,9.878
2023-07-12 00:00:00,0.0035,0.008,0.437,19.015,11.389
2023-07-13 00:00:00,0.0024,0.009,0.439,22.637,12.627
2023-07-14 00:00:00,0.0032,0.0113,0.46,26.912,16.719
2023-07-15 00:00:00,0.0035,0.0088,0.46,23.842,13.91
2023-07-16 00:00:00,0.0022,0.0119,0.475,23.182,12.742
2023-07-17 00:00:00,0.0035,0.0126,0.53,25.745,15.764
2023-07-18 00:00:00,0.0015,0.0185,0.511,24.282,12.74
2023-07-19 00:00:00,0.0016,0.0187,0.441,19.07,11.189
2023-07-20 00:00:00,0.0011,0.0151,0.487,20.845,12.276
2023-07-21 00:00:00,0.0033,0.0125,0.498,16.316,9.998
2023-07-22 00:00:00,0.0028,0.0143,0.519,18.889,11.222
2023-07-23 00:00:00,0.0026,0.0138,0.558,19.102,13.424
2023-07-24 00:00:00,0.0046,0.0148,0.631,26.337,17.913
2023-07-25 00:00:00,0.0032,0.0159,0.58,23.277,14.993
2023-07-26 00:00:00,0.0048,0.0179,0.68,33.756,21.813
2023-07-27 00:00:00,0.0055,0.0178,0.64,44.972,31.367
2023-07-28 00:00:00,0.0042,0.0281,0.435,44.74,30.763
2023-07-29 00:00:00,0.0049,0.0163,0.455,42.905,30.095
2023-07-30 00:00:00,0.0061,0.0181,0.504,36.76,25.411
2023-07-31 00:00:00,0.0073,0.0163,0.558,39.06,27.36
,,,,,
August,,,,,
Date,No2_hourly,O3_hourly,Co_hourly,Pm10_hourly,Pm2.5_hourly
2023-08-01 00:00:00,0.0042,0.0197,0.466,33.375,22.869
2023-08-02 00:00:00,0.0033,0.0123,0.431,27.696,18.571
2023-08-03 00:00:00,0.0044,0.0088,0.503,45.293,35.692
2023-08-04 00:00:00,0.005,0.0149,0.505,26.253,15.036
2023-08-05 00:00:00,0.0047,0.0127,0.495,19.187,12.319
2023-08-06 00:00:00,0.0024,0.0125,0.453,16.598,9.688
2023-08-07 00:00:00,0.0032,0.0119,0.452,14.843,9.694
2023-08-08 00:00:00,0.0028,0.0126,0.456,18.623,11.369
2023-08-09 00:00:00,0.0044,0.0112,0.518,21.516,14.056
2023-08-10 00:00:00,0.0035,0.0105,0.499,19.682,13.017
2023-08-11 00:00:00,0.0042,0.0116,0.514,21.648,13.732
2023-08-12 00:00:00,0.0024,0.0138,0.488,19.257,11.444
2023-08-13 00:00:00,0.005,0.0129,0.635,31.001,22.499
2023-08-14 00:00:00,0.0039,0.0171,0.603,22.689,15.871
2023-08-15 00:00:00,0.0044,0.0087,0.642,27.825,18.826
2023-08-16 00:00:00,0.0027,0.0158,0.602,19.756,14.293
2023-08-17 00:00:00,0.0033,0.0245,0.698,31.049,24.85
2023-08-18 00:00:00,0.0049,0.0128,0.744,36.878,28.432
2023-08-19 00:00:00,0.0053,0.0146,0.73,26.6,20.113
2023-08-20 00:00:00,0.0042,0.015,0.746,25.597,18.656
2023-08-21 00:00:00,0.0034,0.0165,0.659,16.322,11.724
2023-08-22 00:00:00,0.0024,0.0172,0.648,14.711,9.71
2023-08-23 00:00:00,0.003,0.0157,0.585,17.789,12.247
2023-08-24 00:00:00,0.0027,0.0138,0.477,20.47,14.1
2023-08-25 00:00:00,0.0024,0.0137,0.481,19.178,12.591
2023-08-26 00:00:00,0.0012,0.016,0.431,13.702,9.928
2023-08-27 00:00:00,0.0022,0.013,0.484,13.963,9.498
2023-08-28 00:00:00,0.0021,0.0147,0.489,15.483,9.237
2023-08-29 00:00:00,0.0028,0.0163,0.541,22.501,16.477
2023-08-30 00:00:00,0.0034,0.0106,0.573,22.891,15.757
2023-08-31 00:00:00,0.0017,0.0199,0.532,19.83,13.908
,,,,,
September,,,,,
Date,No2_hourly,O3_hourly,Co_hourly,Pm10_hourly,Pm2.5_hourly
2023-09-01 00:00:00,0.0027,0.0197,0.618,25.742,18.941
2023-09-02 00:00:00,0.0025,0.0151,0.629,26.309,19.313
2023-09-03 00:00:00,0.0018,0.0198,0.578,28.757,21.789
2023-09-04 00:00:00,0.0042,0.0202,0.719,44.444,34.667
2023-09-05 00:00:00,0.0042,0.0177,0.613,34.957,26.263
2023-09-06 00:00:00,0.0033,0.0137,0.535,19.339,13.015
2023-09-07 00:00:00,0.0021,0.0127,0.475,11.518,7.737
2023-09-08 00:00:00,0.0026,0.0117,0.473,12.993,9.193
2023-09-09 00:00:00,0.0038,0.013,0.532,17.3,10.726
2023-09-10 00:00:00,0.0015,0.0128,0.522,16.456,10.944
2023-09-11 00:00:00,0.0023,0.0146,0.515,12.117,8.135
2023-09-12 00:00:00,0.0032,0.0111,0.582,15.143,11.15
2023-09-13 00:00:00,0.003,0.0132,0.643,18.906,14.114
2023-09-14 00:00:00,0.0031,0.0125,0.602,18.278,13.806
2023-09-15 00:00:00,0.0031,0.0121,0.607,23.74,18.901
2023-09-16 00:00:00,0.0028,0.0144,0.565,19.792,15.981
2023-09-17 00:00:00,0.0028,0.0149,0.563,16.436,13.071
2023-09-18 00:00:00,0.0028,0.0108,0.543,14.549,11.716
2023-09-19 00:00:00,0.0017,0.0103,0.486,15.33,11.343
2023-09-20 00:00:00,0.0021,0.0099,0.423,12.38,8.33
2023-09-21 00:00:00,0.0032,0.0071,0.453,16.097,9.478
2023-09-22 00:00:00,0.0033,0.0112,0.458,12.72,9.758
2023-09-23 00:00:00,0.004,0.0155,0.532,25.161,18.973
2023-09-24 00:00:00,0.0028,0.0215,0.572,29.845,23.156
2023-09-25 00:00:00,0.0036,0.023,0.603,37.205,27.668
2023-09-26 00:00:00,0.0063,0.0095,0.616,21.588,17.136
2023-09-27 00:00:00,0.0052,0.0115,0.623,23.617,15.979
2023-09-28 00:00:00,0.004,0.0158,0.603,26.987,18.902
2023-09-29 00:00:00,0.0025,0.0138,0.56,23.311,14.263
2023-09-30 00:00:00,0.0021,0.0146,0.531,15.42,9.402
,,,,,
October,,,,,
Date,No2_hourly,O3_hourly,Co_hourly,Pm10_hourly,Pm2.5_hourly
2023-10-01 00:00:00,0.0012,0.0195,0.539,14.926,10.064
2023-10-02 00:00:00,0.0021,0.0225,0.595,22.911,16.845
2023-10-03 00:00:00,0.003,0.018,0.689,29.83,22.566
2023-10-04 00:00:00,0.0042,0.0169,0.715,37.869,29.891
2023-10-05 00:00:00,0.0034,0.0189,0.597,26.987,19.909
2023-10-06 00:00:00,0.0044,0.0166,0.646,29.359,23.139
2023-10-07 00:00:00,0.0027,0.0142,0.586,21.635,16.791
2023-10-08 00:00:00,0.0026,0.0116,0.59,19.581,14.283
2023-10-09 00:00:00,0.0032,0.0106,0.614,22.005,16.783
2023-10-10 00:00:00,0.0028,0.0115,0.593,17.505,12.474
2023-10-11 00:00:00,0.0036,0.0082,0.618,18.906,12.374
2023-10-12 00:00:00,0.0034,0.0118,0.598,16.316,11.781
2023-10-13 00:00:00,0.0051,0.008,0.661,17.872,11.051
2023-10-14 00:00:00,0.0032,0.0113,0.621,21.467,14.017
2023-10-15 00:00:00,0.0046,0.0095,0.647,23.51,16.072
2023-10-16 00:00:00,0.0032,0.0148,0.616,21.202,12.788
2023-10-17 00:00:00,0.0031,0.0154,0.608,18.933,11.615
2023-10-18 00:00:00,0.0034,0.0129,0.633,17.68,10.966
2023-10-19 00:00:00,0.0028,0.0141,0.611,17.386,12.671
2023-10-20 00:00:00,0.0031,0.0123,0.618,14.201,9.291
2023-10-21 00:00:00,0.0033,0.0093,0.634,14.299,9.673
2023-10-22 00:00:00,0.002,0.011,0.6,14.096,8.403
2023-10-23 00:00:00,0.0026,0.0142,0.636,13.942,9.146
2023-10-24 00:00:00,0.0042,0.0069,0.602,12.278,7.788
2023-10-25 00:00:00,0.004,0.0097,0.525,12.252,7.302
2023-10-26 00:00:00,0.0064,0.007,0.573,12.714,7.57
2023-10-27 00:00:00,0.0041,0.0114,0.531,12.173,7.477
2023-10-28 00:00:00,0.0052,0.0098,0.582,12.425,8.005
2023-10-29 00:00:00,0.0046,0.011,0.568,11.792,7.689
2023-10-30 00:00:00,0.0037,0.0124,0.561,10.601,5.978
2023-10-31 00:00:00,0.0038,0.0161,0.577,11.146,6.875
,,,,,
November,,,,,
Date,No2_hourly,O3_hourly,Co_hourly,Pm10_hourly,Pm2.5_hourly
2023-11-01 00:00:00,0.0035,0.0147,0.543,12.565,7.805
2023-11-02 00:00:00,0.0037,0.0152,0.531,12.707,8.36
2023-11-03 00:00:00,0.003,0.0136,0.533,9.027,5.255
2023-11-04 00:00:00,0.0038,0.0133,0.552,10.547,6.743
2023-11-05 00:00:00,0.0026,0.0136,0.557,11.022,7.542
2023-11-06 00:00:00,0.0027,0.0107,0.549,8.157,5.084
2023-11-07 00:00:00,0.0026,0.0113,0.566,10.93,6.843
2023-11-08 00:00:00,0.002,0.0115,0.595,9.468,6.106
2023-11-09 00:00:00,0.0022,0.0138,0.141,7.126,4.619
2023-11-10 00:00:00,0.003,0.0103,0.21,12.856,7.975
2023-11-11 00:00:00,0.0027,0.0098,0.164,9.76,5.921
2023-11-12 00:00:00,0.0036,0.0127,0.182,10.138,7.058
2023-11-13 00:00:00,0.0052,0.0102,0.296,12.895,9.303
2023-11-14 00:00:00,0.0025,0.0138,0.331,12.951,9.544
2023-11-15 00:00:00,0.0022,0.0124,0.296,11.497,8.168
2023-11-16 00:00:00,0.002,0.0153,0.377,11.767,9.156
2023-11-17 00:00:00,0.0021,0.0158,0.388,8.989,6.047
2023-11-18 00:00:00,0.003,0.0149,0.439,9.032,6.192
2023-11-19 00:00:00,0.0021,0.0152,0.317,7.513,5.388
2023-11-20 00:00:00,0.005,0.0115,0.439,9.488,6.313
2023-11-21 00:00:00,0.0037,0.0129,0.459,11.17,8.065
2023-11-22 00:00:00,0.0021,0.0176,0.433,7.691,5.364
2023-11-23 00:00:00,0.0032,0.0171,0.442,6.887,5.14
2023-11-24 00:00:00,0.0032,0.0189,0.432,8.057,5.824
2023-11-25 00:00:00,0.0031,0.0151,0.426,7.089,5.022
2023-11-26 00:00:00,0.0029,0.0122,0.454,7.489,5.669
2023-11-27 00:00:00,0.0033,0.0137,0.45,7.119,5.149
2023-11-28 00:00:00,0.0046,0.0116,0.509,9.415,7.635
2023-11-29 00:00:00,0.0035,0.0123,0.485,9.826,7.25
2023-11-30 00:00:00,0.0045,0.0124,0.541,13.048,9.468
,,,,,
December,,,,,
Date,No2_hourly,O3_hourly,Co_hourly,Pm10_hourly,Pm2.5_hourly
2023-12-01 00:00:00,0.0024,0.0118,0.472,8.814,5.872
2023-12-02 00:00:00,0.0022,0.0112,0.46,8.568,5.845
2023-12-03 00:00:00,0.0025,0.009,0.476,8.922,6.357
2023-12-04 00:00:00,0.0049,0.0112,0.566,12.776,9.423
2023-12-05 00:00:00,0.0021,0.0144,0.462,7.14,4.65
2023-12-06 00:00:00,0.0039,0.0086,0.53,10.639,7.755
2023-12-07 00:00:00,0.0049,0.0089,0.547,9.494,6.539
2023-12-08 00:00:00,0.0028,0.0109,0.458,8.104,4.998
2023-12-09 00:00:00,0.0038,0.0126,0.529,11.462,8.358
2023-12-10 00:00:00,0.0029,0.0154,0.507,8.227,6.034
2023-12-11 00:00:00,0.0048,0.0127,0.569,9.624,7.395
2023-12-12 00:00:00,0.0032,0.0104,0.523,9.617,7.181
2023-12-13 00:00:00,0.0035,0.0124,0.56,9.068,6.483
2023-12-14 00:00:00,0.0026,0.0128,0.529,9.565,6.667
2023-12-15 00:00:00,0.0032,0.0148,0.546,7.907,5.563
2023-12-16 00:00:00,0.0049,0.0098,0.623,13.35,10.681
2023-12-17 00:00:00,0.0026,0.0103,0.573,10.663,7.776
2023-12-18 00:00:00,0.0028,0.0116,0.592,12.987,8.464
2023-12-19 00:00:00,0.0035,0.0079,0.604,13.415,7.395
2023-12-20 00:00:00,0.0021,0.0111,0.53,11.488,6.023
2023-12-21 00:00:00,0.0019,0.0141,0.463,16.148,8.976
2023-12-22 00:00:00,0.0021,0.0161,0.451,11.235,5.686
2023-12-23 00:00:00,0.0026,0.0129,0.477,14.52,7.146
2023-12-24 00:00:00,0.0027,0.0129,0.486,12.193,6.253
2023-12-25 00:00:00,0.0018,0.0145,0.445,16.895,8.891
2023-12-26 00:00:00,0.0035,0.0131,0.516,16.755,8.23
2023-12-27 00:00:00,0.0033,0.0129,0.545,15.264,7.67
2023-12-28 00:00:00,0.0027,0.0138,0.504,10.825,5.417
2023-12-29 00:00:00,0.0033,0.0105,0.528,16.462,7.141
2023-12-30 00:00:00,0.0049,0.0119,0.578,15.195,8.825
2023-12-31 00:00:00,0.0036,0.0092,0.613,16.541,8.546
,,,,,
,,,,,
2024,,,,,
January,,,,,
Date,No2_hourly,O3_hourly,Co_hourly,Pm10_hourly,Pm2.5_hourly
2024-01-01 00:00:00,0.0015,0.0109,0.522,10.807,5.512
2024-01-02 00:00:00,0.0022,0.0112,0.492,9.367,4.793
2024-01-03 00:00:00,0.0036,0.0111,0.478,13.485,7.219
2024-01-04 00:00:00,0.003,0.0108,0.494,18.051,10.272
2024-01-05 00:00:00,0.0036,0.0121,0.514,15.037,8.577
2024-01-06 00:00:00,0.0028,0.012,0.17,15.182,8.468
2024-01-07 00:00:00,0.0024,0.0116,0.192,16.492,8.206
2024-01-08 00:00:00,0.0031,0.0106,0.23,14.773,7.473
2024-01-09 00:00:00,0.0033,0.0102,0.242,18.363,10.22
2024-01-10 00:00:00,0.0027,0.01,0.204,14.92,6.829
2024-01-11 00:00:00,0.0019,0.0103,0.199,19.303,9.763
2024-01-12 00:00:00,0.0023,0.0112,0.217,23.942,15.223
2024-01-13 00:00:00,0.0027,0.0088,0.231,17.227,8.981
2024-01-14 00:00:00,0.0019,0.0111,0.212,12.281,6.675
2024-01-15 00:00:00,0.0024,0.012,0.228,12.649,6.616
2024-01-16 00:00:00,0.0034,0.0123,0.319,16.516,7.765
2024-01-17 00:00:00,0.0029,0.0154,0.214,18.921,8.107
2024-01-18 00:00:00,0.0022,0.0198,0.189,25.446,10.86
2024-01-19 00:00:00,0.0033,0.0175,0.235,27.072,13.664
2024-01-20 00:00:00,0.0037,0.0167,0.196,13.143,6.317
2024-01-21 00:00:00,0.0023,0.0144,0.177,13.218,6.57
2024-01-22 00:00:00,0.0034,0.0147,0.236,22.584,14.861
2024-01-23 00:00:00,0.0047,0.0127,0.297,29.672,21.031
2024-01-24 00:00:00,0.0042,0.0124,0.279,25.766,17.823
2024-01-25 00:00:00,0.0031,0.015,0.263,22.076,11.171
2024-01-26 00:00:00,0.0029,0.0196,0.272,25.137,11.97
2024-01-27 00:00:00,0.0029,0.0186,0.28,25.041,11.779
2024-01-28 00:00:00,0.0021,0.0228,0.244,21.433,10.108
2024-01-29 00:00:00,0.0021,0.0272,0.293,26.293,11.667
2024-01-30 00:00:00,0.0026,0.0241,0.336,24.253,11.575
2024-01-31 00:00:00,0.0025,0.0214,0.343,23.053,10.574
,,,,,
February,,,,,
Date,No2_hourly,O3_hourly,Co_hourly,Pm10_hourly,Pm2.5_hourly
2024-02-01 00:00:00,0.0029,0.019,0.344,22.239,11.024
2024-02-02 00:00:00,0.0021,0.017,0.33,17.887,9.517
2024-02-03 00:00:00,0.0029,0.0151,0.354,17.378,10.346
2024-02-04 00:00:00,0.0031,0.011,0.347,12.289,7.074
2024-02-05 00:00:00,0.0028,0.012,0.363,12.238,6.287
2024-02-06 00:00:00,0.0054,0.0099,0.427,21.056,12.127
2024-02-07 00:00:00,0.004,0.0126,0.37,22.465,10.576
2024-02-08 00:00:00,0.005,0.0121,0.395,19.552,10.909
2024-02-09 00:00:00,0.0042,0.0118,0.382,19.717,11.126
2024-02-10 00:00:00,0.0023,0.0158,0.331,32.112,20.989
2024-02-11 00:00:00,0.0014,0.0195,0.324,21.757,10.021
2024-02-12 00:00:00,0.0019,0.0202,0.343,24.746,11.163
2024-02-13 00:00:00,0.0024,0.0205,0.403,30.716,15.763
2024-02-14 00:00:00,0.0028,0.0178,0.4,24.266,11.808
2024-02-15 00:00:00,0.0033,0.0163,0.406,27.445,13.517
2024-02-16 00:00:00,0.0016,0.0193,0.361,25.268,11.226
2024-02-17 00:00:00,0.0017,0.0203,0.411,22.455,11.537
2024-02-18 00:00:00,0.0024,0.0213,0.464,24.887,14.245
2024-02-19 00:00:00,0.0035,0.0217,0.477,22.926,12.665
2024-02-20 00:00:00,0.0033,0.0159,0.527,27.567,17.836
2024-02-21 00:00:00,0.0037,0.0171,0.523,26.208,15.845
2024-02-22 00:00:00,0.0033,0.015,0.469,17.046,10.116
2024-02-23 00:00:00,0.0027,0.0154,0.524,21.621,14.495
2024-02-24 00:00:00,0.0018,0.0172,0.507,21.325,11.388
2024-02-25 00:00:00,0.0011,0.0197,0.488,20.063,9.705
2024-02-26 00:00:00,0.0019,0.0213,0.491,20.889,10.364
2024-02-27 00:00:00,0.0021,0.0191,0.493,23.768,10.873
2024-02-28 00:00:00,0.002,0.0214,0.507,29.242,13.34
2024-02-29 00:00:00,0.0029,0.0218,0.572,34.866,17.318
,,,,,
March,,,,,
Date,No2_hourly,O3_hourly,Co_hourly,Pm10_hourly,Pm2.5_hourly
2024-03-01 00:00:00,0.0027,0.0182,0.576,29.512,14.624
2024-03-02 00:00:00,0.0011,0.0217,0.535,29.236,14.891
2024-03-03 00:00:00,0.0009,0.0226,0.528,25.575,12.201
2024-03-04 00:00:00,0.002,0.0252,0.572,33.261,19.055
2024-03-05 00:00:00,0.0034,0.0172,0.633,24.218,13.558
2024-03-06 00:00:00,0.0031,0.0114,0.61,19.707,11.323
2024-03-07 00:00:00,0.0029,0.0144,0.413,17.761,11.661
2024-03-08 00:00:00,0.002,0.0204,0.436,23.393,13.688
2024-03-09 00:00:00,0.0011,0.0218,0.391,25.329,13.195
2024-03-10 00:00:00,0.0012,0.0208,0.468,32.705,18.658
2024-03-11 00:00:00,0.0015,0.0171,0.452,27.305,14.209
2024-03-12 00:00:00,0.001,0.0199,0.437,25.581,12.643
2024-03-13 00:00:00,0.0021,0.0193,0.421,20.397,10.285
2024-03-14 00:00:00,0.003,0.0191,0.493,27.585,16.391
2024-03-15 00:00:00,0.0028,0.0224,0.517,31.22,15.989
2024-03-16 00:00:00,0.0028,0.0208,0.542,31.485,18.437
2024-03-17 00:00:00,0.0025,0.0158,0.517,20.173,12.453
2024-03-18 00:00:00,0.0042,0.0164,0.6,25.351,14.87
2024-03-19 00:00:00,0.003,0.0212,0.599,33.786,19.713
2024-03-20 00:00:00,0.0027,0.019,0.568,29.851,18.059
2024-03-21 00:00:00,0.0026,0.0229,0.567,28.842,17.304
2024-03-22 00:00:00,0.0033,0.0219,0.634,32.529,21.119
2024-03-23 00:00:00,0.0025,0.0235,0.687,49.565,36.739
2024-03-24 00:00:00,0.0024,0.0194,0.642,35.623,25.353
2024-03-25 00:00:00,0.0032,0.0176,0.693,36.831,27.955
2024-03-26 00:00:00,0.0027,0.0198,0.657,35.541,25.06
2024-03-27 00:00:00,0.0023,0.0175,0.717,41.689,29.557
2024-03-28 00:00:00,0.0034,0.0098,0.689,35.391,26.186
2024-03-29 00:00:00,0.002,0.0144,0.607,20.107,14.874
2024-03-30 00:00:00,0.0026,0.0147,0.691,26.825,19.875
2024-03-31 00:00:00,0.0017,0.0134,0.587,13.488,8.496
,,,,,
April,,,,,
Date,No2_hourly,O3_hourly,Co_hourly,Pm10_hourly,Pm2.5_hourly
2024-04-01 00:00:00,0.0021,0.0109,0.601,10.477,6.566
2024-04-02 00:00:00,0.003,0.0132,0.624,9.957,6.828
2024-04-03 00:00:00,0.0024,0.0121,0.58,15.034,9.677
2024-04-04 00:00:00,0.002,0.0186,0.49,17.793,10.207
2024-04-05 00:00:00,0.0034,0.0131,0.524,20.487,12.3
2024-04-06 00:00:00,0.0025,0.0102,0.507,16.391,8.902
2024-04-07 00:00:00,0.0015,0.0114,0.474,13.162,7.853
2024-04-08 00:00:00,0.0025,0.0114,0.495,15.453,9.712
2024-04-09 00:00:00,0.0032,0.013,0.56,21.765,13.157
2024-04-10 00:00:00,0.0026,0.0152,0.526,23.922,12.801
2024-04-11 00:00:00,0.0021,0.0199,0.541,22.461,12.436
2024-04-12 00:00:00,0.0037,0.016,0.614,23.411,14.247
2024-04-13 00:00:00,0.0031,0.0137,0.582,22.695,12.371
2024-04-14 00:00:00,0.0017,0.0167,0.553,16.574,9.863
2024-04-15 00:00:00,0.0044,0.0193,0.579,12.39,8.508
2024-04-16 00:00:00,0.0036,0.02,0.602,16.076,10.448
2024-04-17 00:00:00,0.0043,0.0161,0.631,13.448,8.307
2024-04-18 00:00:00,0.0038,0.0167,0.602,16.545,9.78
2024-04-19 00:00:00,0.0049,0.0107,0.609,18.744,11.883
2024-04-20 00:00:00,0.0059,0.0144,0.623,18.75,12.038
2024-04-21 00:00:00,0.0035,0.0154,0.586,14.666,9.149
2024-04-22 00:00:00,0.0036,0.0117,0.599,13.996,8.917
2024-04-23 00:00:00,0.005,0.0119,0.613,16.298,10.075
2024-04-24 00:00:00,0.0037,0.0125,0.585,14.054,7.72
2024-04-25 00:00:00,0.0038,0.0133,0.598,13.231,8.408
2024-04-26 00:00:00,0.0041,0.0144,0.605,13.345,7.787
2024-04-27 00:00:00,0.0029,0.0126,0.576,12.724,7.153
2024-04-28 00:00:00,0.0028,0.0121,0.439,11.477,6.69
2024-04-29 00:00:00,0.0042,0.0098,0.432,8.933,4.611
2024-04-30 00:00:00,0.0028,0.0144,0.423,9.632,4.536
,,,,,
May,,,,,
Date,No2_hourly,O3_hourly,Co_hourly,Pm10_hourly,Pm2.5_hourly
2024-05-01 00:00:00,0.0027,0.0166,0.443,11.359,6.875
2024-05-02 00:00:00,0.0036,0.0144,0.429,11.412,4.613
2024-05-03 00:00:00,0.0035,0.0188,0.47,13.891,6.013
2024-05-04 00:00:00,0.0039,0.014,0.478,11.469,6.349
2024-05-05 00:00:00,0.0035,0.0096,0.477,17.608,7.88
2024-05-06 00:00:00,0.0035,0.0118,0.475,16.197,7.544
2024-05-07 00:00:00,0.0059,0.0102,0.478,18.784,10.593
2024-05-08 00:00:00,0.0037,0.0132,0.374,16.674,8.898
2024-05-09 00:00:00,0.0051,0.0097,0.449,23.53,14.05
2024-05-10 00:00:00,0.0035,0.0174,0.418,18.716,10.891
2024-05-11 00:00:00,0.0037,0.0148,0.432,13.77,8.43
2024-05-12 00:00:00,0.0028,0.0162,0.504,16.802,9.925
2024-05-13 00:00:00,0.0033,0.0179,0.519,15.951,10.11
2024-05-14 00:00:00,0.0036,0.0148,0.507,18.587,10.564
2024-05-15 00:00:00,0.0027,0.0166,0.477,14.308,8.911
2024-05-16 00:00:00,0.0044,0.0149,0.506,14.17,8.737
2024-05-17 00:00:00,0.0049,0.0085,0.504,13.975,7.902
2024-05-18 00:00:00,0.0032,0.0102,0.471,13.264,7.891
2024-05-19 00:00:00,0.0024,0.0132,0.455,11.866,6.831
2024-05-20 00:00:00,0.0037,0.0103,0.47,14.034,7.739
2024-05-21 00:00:00,0.0032,0.0123,0.493,14.099,8.06
2024-05-22 00:00:00,0.0031,0.0157,0.485,10.782,6.605
2024-05-23 00:00:00,0.0034,0.0128,0.507,11.397,6.837
2024-05-24 00:00:00,0.0043,0.0133,0.522,8.659,5.092
2024-05-25 00:00:00,0.0036,0.0156,0.543,15.038,9.024
2024-05-26 00:00:00,0.0032,0.0146,0.519,12.924,7.767
2024-05-27 00:00:00,0.0032,0.0134,0.542,10.253,5.446
2024-05-28 00:00:00,0.0037,0.0148,0.595,12.911,6.769
2024-05-29 00:00:00,0.0041,0.0062,0.643,15.929,9.131
2024-05-30 00:00:00,0.0043,0.0107,0.711,20.156,11.254
2024-05-31 00:00:00,0.0038,0.0159,0.48,15.94,9.383
,,,,,
June,,,,,
Date,No2_hourly,O3_hourly,Co_hourly,Pm10_hourly,Pm2.5_hourly
2024-06-01 00:00:00,0.0023,0.0127,0.293,11.541,7.23
2024-06-02 00:00:00,0.0023,0.009,0.276,10.755,5.251
2024-06-03 00:00:00,0.0019,0.0123,0.258,7.224,3.682
2024-06-04 00:00:00,0.003,0.0115,0.316,11.739,6.452
2024-06-05 00:00:00,0.0034,0.0114,0.343,14.811,8.035
2024-06-06 00:00:00,0.0037,0.0106,0.329,10.089,6.294
2024-06-07 00:00:00,0.0028,0.0125,0.331,14.515,8.496
2024-06-08 00:00:00,0.0035,0.0114,0.333,16.988,8.832
2024-06-09 00:00:00,0.003,0.0183,0.344,20.117,11.864
2024-06-10 00:00:00,0.0048,0.0156,0.402,21.068,13.086
2024-06-11 00:00:00,0.0046,0.0154,0.382,19.162,11.425
2024-06-12 00:00:00,0.0046,0.0143,0.432,22.33,12.919
2024-06-13 00:00:00,0.0031,0.0097,0.405,21.383,13.604
2024-06-14 00:00:00,0.0029,0.0097,0.363,17.447,10.312
2024-06-15 00:00:00,0.0028,0.0147,0.387,18.993,11.606
2024-06-16 00:00:00,0.0026,0.0181,0.366,14.589,9.497
2024-06-17 00:00:00,0.003,0.0107,0.354,15.859,8.623
2024-06-18 00:00:00,0.0037,0.0083,0.335,14.091,6.534
2024-06-19 00:00:00,0.0038,0.0127,0.341,14.486,7.168
2024-06-20 00:00:00,0.0058,0.0134,0.365,13.813,7.279
2024-06-21 00:00:00,0.0029,0.0168,0.312,13.192,6.666
2024-06-22 00:00:00,0.0028,0.0151,0.32,15.347,7.071
2024-06-23 00:00:00,0.0026,0.0174,0.307,15.764,6.767
2024-06-24 00:00:00,0.0051,0.0166,0.379,25.981,8.837
2024-06-25 00:00:00,0.0071,0.0119,0.429,25.784,10.27
2024-06-26 00:00:00,0.004,0.0124,0.335,15.079,7.798
2024-06-27 00:00:00,0.0032,0.0131,0.325,10.751,5.196
2024-06-28 00:00:00,0.0025,0.0119,0.353,12.32,6.696
2024-06-29 00:00:00,0.0036,0.0104,0.389,11.22,6.099
2024-06-30 00:00:00,0.0021,0.0082,0.365,12.243,5.746
,,,,,
July,,,,,
Date,No2_hourly,O3_hourly,Co_hourly,Pm10_hourly,Pm2.5_hourly
2024-07-01 00:00:00,0.001,0.0105,0.324,7.942,3.553
2024-07-02 00:00:00,0.0027,0.0105,0.368,9.684,4.501
2024-07-03 00:00:00,0.0044,0.0102,0.457,16.17,8.548
2024-07-04 00:00:00,0.0048,0.0174,0.363,19.148,11.137
2024-07-05 00:00:00,0.0037,0.0162,0.308,12.171,7.29
2024-07-06 00:00:00,0.0044,0.0151,0.329,14.704,8.883
2024-07-07 00:00:00,0.0027,0.0126,0.299,12.821,7.167
2024-07-08 00:00:00,0.0027,0.0125,0.302,12.143,6.309
2024-07-09 00:00:00,0.0025,0.0115,0.29,11.456,5.358
2024-07-10 00:00:00,0.0037,0.0101,0.347,12.296,7.676
2024-07-11 00:00:00,0.0031,0.0074,0.336,15.289,7.876
2024-07-12 00:00:00,0.0047,0.008,0.387,16.724,9.242
2024-07-13 00:00:00,0.0042,0.0079,0.383,17.611,9.526
2024-07-14 00:00:00,0.0035,0.0143,0.444,21.364,12.815
2024-07-15 00:00:00,0.004,0.0169,0.397,22.265,12.98
2024-07-16 00:00:00,0.0037,0.0137,0.418,21.259,12.191
2024-07-17 00:00:00,0.0036,0.0152,0.409,19.503,12.38
2024-07-18 00:00:00,0.0045,0.009,0.456,20.684,12.277
2024-07-19 00:00:00,0.0021,0.015,0.406,20.249,11.144
2024-07-20 00:00:00,0.0021,0.0179,0.371,16.81,8.5
2024-07-21 00:00:00,0.0029,0.0146,0.458,22.147,13.222
2024-07-22 00:00:00,0.0038,0.0108,0.484,21.115,14.684
2024-07-23 00:00:00,0.0033,0.0142,0.528,24.107,15.819
2024-07-24 00:00:00,0.0039,0.0192,0.532,33.628,20.169
2024-07-25 00:00:00,0.0054,0.0169,0.631,39.151,26.661
2024-07-26 00:00:00,0.004,0.0185,0.649,44.329,33.054
2024-07-27 00:00:00,0.0043,0.0203,0.634,40.187,27.583
2024-07-28 00:00:00,0.004,0.0218,0.631,35.117,24.594
2024-07-29 00:00:00,0.0052,0.0146,0.663,32.11,22.074
2024-07-30 00:00:00,0.0046,0.014,0.621,25.232,17.567
2024-07-31 00:00:00,0.0057,0.013,0.678,30.014,22.12
,,,,,
August,,,,,
Date,No2_hourly,O3_hourly,Co_hourly,Pm10_hourly,Pm2.5_hourly
2024-08-01 00:00:00,0.0064,0.0075,0.665,26.859,19.241
2024-08-02 00:00:00,0.0033,0.0087,0.551,13.785,8.559
2024-08-03 00:00:00,0.0046,0.0112,0.577,15.305,10.143
2024-08-04 00:00:00,0.0054,0.0088,0.652,18.119,12.165
2024-08-05 00:00:00,0.003,0.0121,0.51,13.789,8.389
2024-08-06 00:00:00,0.0046,0.0112,0.513,16.834,10.852
2024-08-07 00:00:00,0.004,0.0125,0.517,19.435,12.503
2024-08-08 00:00:00,0.0039,0.0116,0.525,18.183,12.074
2024-08-09 00:00:00,0.0038,0.011,0.517,18.776,11.975
2024-08-10 00:00:00,0.0026,0.0132,0.498,13.834,8.677
2024-08-11 00:00:00,0.0016,0.0117,0.467,11.542,6.492
2024-08-12 00:00:00,0.0028,0.0072,0.496,12.45,5.629
2024-08-13 00:00:00,0.0036,0.0111,0.549,17.97,11.298
2024-08-14 00:00:00,0.0042,0.014,0.57,18.629,11.544
2024-08-15 00:00:00,0.0039,0.0108,0.557,15.503,9.248
2024-08-16 00:00:00,0.0027,0.0101,0.501,7.215,4.223
2024-08-17 00:00:00,0.0039,0.0081,0.551,16.517,8.824
2024-08-18 00:00:00,0.0024,0.0131,0.525,13.891,7.748
2024-08-19 00:00:00,0.0031,0.0118,0.536,11.454,5.683
2024-08-20 00:00:00,0.0035,0.011,0.509,8.266,4.056
2024-08-21 00:00:00,0.0039,0.0093,0.515,10.55,5.046
2024-08-22 00:00:00,0.0037,0.0079,0.522,11.57,5.947
2024-08-23 00:00:00,0.0044,0.0111,0.557,16.22,9.439
2024-08-24 00:00:00,0.0024,0.011,0.497,11.924,5.967
2024-08-25 00:00:00,0.0021,0.0122,0.487,7.791,3.906
2024-08-26 00:00:00,0.0034,0.0106,0.543,13.898,5.622
2024-08-27 00:00:00,0.0037,0.0107,0.6,17.045,9.41
2024-08-28 00:00:00,0.0049,0.0098,0.636,21.375,11.886
2024-08-29 00:00:00,0.0033,0.0101,0.473,12.51,5.969
2024-08-30 00:00:00,0.004,0.01,0.497,16.144,6.846
2024-08-31 00:00:00,0.0035,0.0078,0.503,15.878,7.028
,,,,,
September,,,,,
Date,No2_hourly,O3_hourly,Co_hourly,Pm10_hourly,Pm2.5_hourly
2024-09-01 00:00:00,0.0042,0.0124,0.526,13.931,7.937
2024-09-02 00:00:00,0.0054,0.0168,0.594,19.443,11.253
2024-09-03 00:00:00,0.0049,0.0155,0.623,25.164,16.848
2024-09-04 00:00:00,0.0033,0.0173,0.605,21.803,15.149
2024-09-05 00:00:00,0.0039,0.0177,0.626,26.223,18.398
2024-09-06 00:00:00,0.0044,0.02,0.705,37.328,27.581
2024-09-07 00:00:00,0.0048,0.0067,0.511,34.656,25.313
2024-09-08 00:00:00,0.003,0.0075,0.277,19.25,13.768
2024-09-09 00:00:00,0.0028,0.0095,0.262,17.948,10.056
2024-09-10 00:00:00,0.0017,0.0128,0.258,14.586,8.637
2024-09-11 00:00:00,0.0029,0.015,0.288,14.837,7.751
2024-09-12 00:00:00,0.004,0.0114,0.352,17.539,10.097
2024-09-13 00:00:00,0.0037,0.0127,0.323,18.922,10.291
2024-09-14 00:00:00,0.0029,0.0197,0.356,25.504,15.022
2024-09-15 00:00:00,0.0028,0.0283,0.382,32.694,21.673
2024-09-16 00:00:00,0.0026,0.0321,0.493,46.181,33.565
2024-09-17 00:00:00,0.0035,0.0222,0.484,40.466,25.677
2024-09-18 00:00:00,0.0035,0.014,0.403,29.857,14.962
2024-09-19 00:00:00,0.0066,0.0121,0.475,25.513,14.909
2024-09-20 00:00:00,0.0047,0.0202,0.484,32.096,20.295
2024-09-21 00:00:00,0.0049,0.0114,0.448,21.638,14.725
2024-09-22 00:00:00,0.0026,0.0158,0.407,15.256,9.585
2024-09-23 00:00:00,0.0032,0.0138,0.316,17.759,9.799
2024-09-24 00:00:00,0.0031,0.0125,0.42,16.266,9.8
2024-09-25 00:00:00,0.0029,0.0111,0.423,12.261,6.612
2024-09-26 00:00:00,0.0042,0.0103,0.48,17.566,11.714
2024-09-27 00:00:00,0.0029,0.0108,0.428,15.72,7.439
2024-09-28 00:00:00,0.0026,0.0132,0.443,12.916,7.31
2024-09-29 00:00:00,0.0018,0.0093,0.433,10.374,7.272
2024-09-30 00:00:00,0.0022,0.0094,0.415,10.822,6.931
,,,,,
October,,,,,
Date,No2_hourly,O3_hourly,Co_hourly,Pm10_hourly,Pm2.5_hourly
2024-10-01 00:00:00,0.0017,0.0113,0.44,12.72,7.759
2024-10-02 00:00:00,0.0015,0.0122,0.419,11.439,7.418
2024-10-03 00:00:00,0.0025,0.0103,0.446,10.589,6.804
2024-10-04 00:00:00,0.0031,0.0077,0.457,11.123,6.626
2024-10-05 00:00:00,0.004,0.0082,0.473,15.213,8.613
2024-10-06 00:00:00,0.0028,0.0095,0.456,13.72,7.239
2024-10-07 00:00:00,0.0026,0.0098,0.436,10.332,5.563
2024-10-08 00:00:00,0.0022,0.0135,0.444,12.828,6.687
2024-10-09 00:00:00,0.0027,0.0165,0.465,12.3,7.526
2024-10-10 00:00:00,0.0028,0.0154,0.476,11.033,6.799
2024-10-11 00:00:00,0.0027,0.0142,0.496,12.411,7.969
2024-10-12 00:00:00,0.0021,0.0123,0.47,8.894,5.205
2024-10-13 00:00:00,0.0027,0.0094,0.517,14.784,8.442
2024-10-14 00:00:00,0.0025,0.0102,0.505,15.257,7.625
2024-10-15 00:00:00,0.0025,0.0083,0.497,13.848,7.507
2024-10-16 00:00:00,0.0021,0.0124,0.508,12.793,6.278
2024-10-17 00:00:00,0.0035,0.0124,0.521,11.824,6.746
2024-10-18 00:00:00,0.0044,0.014,0.566,19.37,10.771
2024-10-19 00:00:00,0.0042,0.0146,0.534,15.641,8.646
2024-10-20 00:00:00,0.0024,0.0139,0.503,14.801,8.101
2024-10-21 00:00:00,0.0043,0.0143,0.569,18.546,12.307
2024-10-22 00:00:00,0.004,0.0163,0.56,17.848,10.358
2024-10-23 00:00:00,0.0018,0.0202,0.51,20.483,11.183
2024-10-24 00:00:00,0.0021,0.0264,0.517,22.104,11.958
2024-10-25 00:00:00,0.0021,0.0239,0.532,20.414,11.373
2024-10-26 00:00:00,0.0025,0.0222,0.55,23.782,12.574
2024-10-27 00:00:00,0.0025,0.0199,0.581,24.746,16.564
2024-10-28 00:00:00,0.0037,0.0184,0.673,32.38,23.083
2024-10-29 00:00:00,0.0048,0.0132,0.659,31.199,18.596
2024-10-30 00:00:00,0.0025,0.0172,0.632,22.492,14.249
2024-10-31 00:00:00,0.0036,0.0168,0.645,22.835,13.971
,,,,,
November,,,,,
Date,No2_hourly,O3_hourly,Co_hourly,Pm10_hourly,Pm2.5_hourly
2024-11-01 00:00:00,0.0022,0.019,0.623,20.549,13.932
2024-11-02 00:00:00,0.0033,0.0174,0.665,24.676,17.92
2024-11-03 00:00:00,0.0046,0.0123,0.697,24.394,17.585
2024-11-04 00:00:00,0.0049,0.0109,0.686,21.245,13.543
2024-11-05 00:00:00,0.0032,0.0125,0.629,19.121,12.942
2024-11-06 00:00:00,0.0027,0.0136,0.535,12.947,7.853
2024-11-07 00:00:00,0.0034,0.0108,0.564,11.659,7.391
2024-11-08 00:00:00,0.0021,0.0156,0.561,12.171,7.139
2024-11-09 00:00:00,0.0024,0.0159,0.541,10.811,6.377
2024-11-10 00:00:00,0.0025,0.015,0.562,11.138,5.935
2024-11-11 00:00:00,0.0033,0.0077,0.548,17.062,9.035
2024-11-12 00:00:00,0.002,0.0124,0.113,12.806,6.856
2024-11-13 00:00:00,0.0026,0.0117,0.108,13.177,6.722
2024-11-14 00:00:00,0.0034,0.0107,0.211,18.541,12.057
2024-11-15 00:00:00,0.0039,0.0088,0.289,18.881,10.835
2024-11-16 00:00:00,0.0032,0.0105,0.21,16.93,11.236
2024-11-17 00:00:00,0.0027,0.0085,0.183,18.137,11.652
2024-11-18 00:00:00,0.0025,0.0117,0.184,18.989,11.307
2024-11-19 00:00:00,0.0033,0.0102,0.182,15.146,8.107
2024-11-20 00:00:00,0.0034,0.0111,0.207,17.579,10.275
2024-11-21 00:00:00,0.0024,0.0118,0.265,17.297,9.698
2024-11-22 00:00:00,0.003,0.0142,0.524,18.808,10.213
2024-11-23 00:00:00,0.0028,0.0125,0.565,17.48,10.246
2024-11-24 00:00:00,0.0024,0.0133,0.565,17.034,10.087
2024-11-25 00:00:00,0.0029,0.0122,0.553,16.782,11.072
2024-11-26 00:00:00,0.0029,0.0133,0.558,14.307,8.475
2024-11-27 00:00:00,0.0043,0.0112,0.6,18.428,11.031
2024-11-28 00:00:00,0.0028,0.0124,0.56,14.263,8.108
2024-11-29 00:00:00,0.0022,0.0156,0.542,12.272,6.916
2024-11-30 00:00:00,0.0031,0.0132,0.475,13.403,7.154
,,,,,
December,,,,,
Date,No2_hourly,O3_hourly,Co_hourly,Pm10_hourly,Pm2.5_hourly
2024-12-01 00:00:00,0.0032,0.0107,0.521,16.715,8.442
2024-12-02 00:00:00,0.0035,0.0125,0.552,17.911,10.891
2024-12-03 00:00:00,0.0042,0.008,0.592,18.774,10.576
2024-12-04 00:00:00,0.0021,0.0132,0.503,12.566,6.474
2024-12-05 00:00:00,0.0025,0.0103,0.61,12.502,6.857
2024-12-06 00:00:00,0.0038,0.0109,0.454,14.943,8.09
2024-12-07 00:00:00,0.0041,0.0118,0.518,17.934,9.827
2024-12-08 00:00:00,0.0045,0.0098,0.577,20.278,11.31
2024-12-09 00:00:00,0.0055,0.0104,0.531,16.654,8.972
2024-12-10 00:00:00,0.0034,0.0144,0.473,15.041,8.092
2024-12-11 00:00:00,0.0031,0.012,0.49,12.022,6.875
2024-12-12 00:00:00,0.0024,0.0146,0.487,12.553,6.209
2024-12-13 00:00:00,0.0024,0.0147,0.491,11.857,6.52
2024-12-14 00:00:00,0.0028,0.0149,0.503,16.006,9.463
2024-12-15 00:00:00,0.0021,0.0141,0.514,16.362,8.866
2024-12-16 00:00:00,0.0035,0.0122,0.535,20.446,10.986
2024-12-17 00:00:00,0.003,0.0155,0.555,19.651,9.845
2024-12-18 00:00:00,0.0057,0.0124,0.593,18.886,10.099
2024-12-19 00:00:00,0.0038,0.0149,0.545,13.44,5.732
2024-12-20 00:00:00,0.0048,0.0121,0.587,14.637,7.216
2024-12-21 00:00:00,0.003,0.0114,0.565,13.822,6.633
2024-12-22 00:00:00,0.0027,0.0224,0.549,18.409,7.162
2024-12-23 00:00:00,0.0025,0.0177,0.515,18.82,9.008
2024-12-24 00:00:00,0.0046,0.0242,0.506,20.075,9.571
2024-12-25 00:00:00,0.0034,0.0198,0.521,21.426,13.348
2024-12-26 00:00:00,0.0049,0.0205,0.578,18.693,12.022
2024-12-27 00:00:00,0.0072,0.0105,0.57,16.284,9.158
2024-12-28 00:00:00,0.0048,0.0088,0.492,16.953,9.506
2024-12-29 00:00:00,0.0054,0.0125,0.507,16.601,9.486
2024-12-30 00:00:00,0.0034,0.0145,0.454,16.063,9.302
2024-12-31 00:00:00,0.0032,0.0142,0.461,15.076,8.417
